#include "lcd.h"
#include "/Users/nux/Source/rockbox/build-bl-ipod6g/bitmaps/rockboxlogo.h"
const unsigned short rockboxlogo[] = {
0x0000, 0x0000, 0x0000, 0x0000, 0x0000, 0x0000, 0x0000, 0x0000, 0x0000, 0x0000,
0x0000, 0x0000, 0x0000, 0x0000, 0x0000, 0x0000, 0x0000, 0x0000, 0x0000, 0x0000,
0x0000, 0x0000, 0x0000, 0x0000, 0x0000, 0x0000, 0x0000, 0x0000, 0x0000, 0x0000,
0x0000, 0x0000, 0x0000, 0x0000, 0x0000, 0x0000, 0x0000, 0x0000, 0x0000, 0x0000,
0x0000, 0x0000, 0x0000, 0x0000, 0x0000, 0x0000, 0x0000, 0x0000, 0x0000, 0x0000,
0x0000, 0x0000, 0x0000, 0x0000, 0x0000, 0x0000, 0x0000, 0x0000, 0x0000, 0x0000,
0x0000, 0x0000, 0x0000, 0x0000, 0x0000, 0x0000, 0x0000, 0x0000, 0x0000, 0x0000,
0x0000, 0x0000, 0x0000, 0x0000, 0x0000, 0x0000, 0x0000, 0x0000, 0x0000, 0x0000,
0x0000, 0x0000, 0x0000, 0x0000, 0x0000, 0x0000, 0x0000, 0x0000, 0x0000, 0x0000,
0x0000, 0x0000, 0x0000, 0x0000, 0x0000, 0x0000, 0x0000, 0x0000, 0x0000, 0x0000,
0x0000, 0x0000, 0x0000, 0x0000, 0x0000, 0x0000, 0x0000, 0x0000, 0x0000, 0x0000,
0x0000, 0x0000, 0x0000, 0x0000, 0x0000, 0x0000, 0x0000, 0x0000, 0x0000, 0x0000,
0x0000, 0x0000, 0x0000, 0x0000, 0x0000, 0x0000, 0x0000, 0x0000, 0x0000, 0x0000,
0x0000, 0x0000, 0x0000, 0x0000, 0x0000, 0x0000, 0x0000, 0x0000, 0x0000, 0x0000,
0x0000, 0x0000, 0x0000, 0x0000, 0x0000, 0x0000, 0x0000, 0x0000, 0x0000, 0x0000,
0x0000, 0x0000, 0x0000, 0x0000, 0x0000, 0x0000, 0x0000, 0x0000, 0x0000, 0x0000,
0x0000, 0x0000, 0x0000, 0x0000, 0x0000, 0x0000, 0x0000, 0x0000, 0x0000, 0x0000,
0x0000, 0x0000, 0x0000, 0x0000, 0x0000, 0x0000, 0x0000, 0x0000, 0x0000, 0x0000,
0x0000, 0x0000, 0x0000, 0x0000, 0x0000, 0x0000, 0x0000, 0x0000, 0x0000, 0x0000,
0x0000, 0x0000, 0x0000, 0x0000, 0x0000, 0x0000, 0x0000, 0x0000, 0x0000, 0x0000,
0x0000, 0x0000, 0x0000, 0x0000, 0x0000, 0x0000, 0x0000, 0x0000, 0x0000, 0x0000,
0x0000, 0x0000, 0x0000, 0x0000, 0x0000, 0x0000, 0x0000, 0x0000, 0x0000, 0x0000,
0x0000, 0x0000, 0x0000, 0x0000, 0x0000, 0x0000, 0x0000, 0x0000, 0x0000, 0x0000,
0x0000, 0x0000, 0x0000, 0x0000, 0x0000, 0x0000, 0x0000, 0x0000, 0x0000, 0x0000,
0x0000, 0x0000, 0x0000, 0x0000, 0x0000, 0x0000, 0x0000, 0x0000, 0x0000, 0x0000,
0x0000, 0x0000, 0x0000, 0x0000, 0x0000, 0x0000, 0x0000, 0x0000, 0x0000, 0x0000,
0x0000, 0x0000, 0x0000, 0x0000, 0x0000, 0x0000, 0x0000, 0x0000, 0x0000, 0x0000,
0x0000, 0x0000, 0x0000, 0x0000, 0x0000, 0x0000, 0x0000, 0x0000, 0x0000, 0x0000,
0x0000, 0x0000, 0x0000, 0x0000, 0x0000, 0x0000, 0x0000, 0x0000, 0x0000, 0x0000,
0x0000, 0x0000, 0x0000, 0x0000, 0x0000, 0x0000, 0x0000, 0x0000, 0x0000, 0x0000,
0x0000, 0x0000, 0x0000, 0x0000, 0x0000, 0x0000, 0x0000, 0x0000, 0x0000, 0x0000,
0x0000, 0x0000, 0x0000, 0x0000, 0x0000, 0x0000, 0x0000, 0x0000, 0x0000, 0x0000,

0x0000, 0x0000, 0x0000, 0x0000, 0x0000, 0x0000, 0x0000, 0x0000, 0x0000, 0x0000,
0x0000, 0x0000, 0x0000, 0x0000, 0x0000, 0x0000, 0x0000, 0x0000, 0x0000, 0x0000,
0x0000, 0x0000, 0x0000, 0x0000, 0x0000, 0x0000, 0x0000, 0x0000, 0x0000, 0x0000,
0x0000, 0x0000, 0x0000, 0x0000, 0x0000, 0x0000, 0x0000, 0x0000, 0x0000, 0x0000,
0x0000, 0x0000, 0x0000, 0x0000, 0x0000, 0x0000, 0x0000, 0x0000, 0x0000, 0x0000,
0x0000, 0x0000, 0x0000, 0x0000, 0x0000, 0x0000, 0x0000, 0x0000, 0x0000, 0x0000,
0x0000, 0x0000, 0x0000, 0x0000, 0x0000, 0x0000, 0x0000, 0x0000, 0x0000, 0x0000,
0x0000, 0x0000, 0x0000, 0x0000, 0x0000, 0x0000, 0x0000, 0x0000, 0x0000, 0x0000,
0x0000, 0x0000, 0x0000, 0x0000, 0x0000, 0x0000, 0x0000, 0x0000, 0x0000, 0x0000,
0x0000, 0x0000, 0x0000, 0x0000, 0x0000, 0x0000, 0x0000, 0x0000, 0x0000, 0x0000,
0x0000, 0x0000, 0x0000, 0x0000, 0x0000, 0x0000, 0x0000, 0x0000, 0x0000, 0x0000,
0x0000, 0x0000, 0x0000, 0x0000, 0x0000, 0x0000, 0x0000, 0x0000, 0x0000, 0x0000,
0x0000, 0x0000, 0x0000, 0x0000, 0x0000, 0x0000, 0x0000, 0x0000, 0x0000, 0x0000,
0x0000, 0x0000, 0x0000, 0x0000, 0x0000, 0x0000, 0x0000, 0x0000, 0x0000, 0x0000,
0x0000, 0x0000, 0x0000, 0x0000, 0x0000, 0x0000, 0x0000, 0x0000, 0x0000, 0x0000,
0x0000, 0x0000, 0x0000, 0x0000, 0x0000, 0x0000, 0x0000, 0x0000, 0x0000, 0x0000,
0x0000, 0x0000, 0x0000, 0x0000, 0x0000, 0x0000, 0x0000, 0x0000, 0x0000, 0x0000,
0x0000, 0x0000, 0x0000, 0x0000, 0x0000, 0x0000, 0x0000, 0x0000, 0x0000, 0x0000,
0x0000, 0x0000, 0x0000, 0x0000, 0x0000, 0x0000, 0x0000, 0x0000, 0x0000, 0x0000,
0x0000, 0x0000, 0x0000, 0x0000, 0x0000, 0x0000, 0x0000, 0x0000, 0x0000, 0x0000,
0x0000, 0x0000, 0x0000, 0x0000, 0x0000, 0x0000, 0x0000, 0x0000, 0x0000, 0x0000,
0x0000, 0x0000, 0x0000, 0x0000, 0x0000, 0x0000, 0x0000, 0x0000, 0x0000, 0x0000,
0x0000, 0x0000, 0x0000, 0x0000, 0x0000, 0x0000, 0x0000, 0x0000, 0x0000, 0x0000,
0x0000, 0x0000, 0x0000, 0x0000, 0x0000, 0x0000, 0x0000, 0x0000, 0x0000, 0x0000,
0x0000, 0x0000, 0x0000, 0x0000, 0x0000, 0x0000, 0x0000, 0x0000, 0x0000, 0x0000,
0x0000, 0x0000, 0x0000, 0x0000, 0x0000, 0x0000, 0x0000, 0x0000, 0x0000, 0x0000,
0x0000, 0x0000, 0x0000, 0x0000, 0x0000, 0x0000, 0x0000, 0x0000, 0x0000, 0x0000,
0x0000, 0x0000, 0x0000, 0x0000, 0x0000, 0x0000, 0x0000, 0x0000, 0x0000, 0x0000,
0x0000, 0x0000, 0x0000, 0x0000, 0x0000, 0x0000, 0x0000, 0x0000, 0x0000, 0x0000,
0x0000, 0x0000, 0x0000, 0x0000, 0x0000, 0x0000, 0x0000, 0x0000, 0x0000, 0x0000,
0x0000, 0x0000, 0x0000, 0x0000, 0x0000, 0x0000, 0x0000, 0x0000, 0x0000, 0x0000,
0x0000, 0x0000, 0x0000, 0x0000, 0x0000, 0x0000, 0x0000, 0x0000, 0x0000, 0x0000,

0x0000, 0x0000, 0x7ae0, 0xbc60, 0xac00, 0xac00, 0xac00, 0xac00, 0xac00, 0xac00,
0xac00, 0xac00, 0xac00, 0xabe0, 0xac20, 0xac20, 0xac00, 0xac00, 0xac00, 0xac00,
0xac00, 0xac00, 0xac00, 0xac00, 0xac00, 0xac00, 0xac00, 0xac00, 0xac00, 0xac00,
0xac00, 0xac00, 0xac00, 0xac00, 0xac00, 0xac00, 0xac00, 0xac00, 0xac00, 0xac00,
0xac00, 0xac00, 0xac00, 0xac00, 0xac00, 0xac00, 0xac00, 0xac00, 0xac00, 0xac00,
0xac00, 0xac00, 0xac00, 0xac00, 0xac00, 0xac00, 0xac00, 0xac00, 0xac00, 0xac00,
0xac00, 0xac00, 0xac00, 0xac00, 0xac00, 0xac00, 0xac00, 0xac00, 0xac00, 0xac00,
0xac00, 0xac00, 0xac00, 0xac00, 0xac00, 0xac00, 0xac00, 0xac00, 0xac00, 0xac00,
0xac00, 0xac00, 0xac00, 0xac00, 0xac00, 0xac00, 0xac00, 0xac00, 0xac00, 0xac00,
0xac00, 0xac00, 0xac00, 0xac00, 0xac00, 0xac00, 0xac00, 0xac00, 0xac00, 0xac00,
0xac00, 0xac00, 0xac00, 0xac00, 0xac00, 0xac00, 0xac00, 0xac00, 0xac00, 0xac00,
0xac00, 0xac00, 0xac00, 0xac00, 0xac00, 0xac00, 0xac00, 0xac00, 0xac00, 0xac00,
0xac00, 0xac00, 0xac00, 0xac00, 0xac00, 0xac00, 0xac00, 0xac00, 0xac00, 0xac00,
0xac00, 0xac00, 0xac00, 0xac00, 0xac00, 0xac00, 0xac00, 0xac00, 0xac00, 0xac00,
0xac00, 0xac00, 0xac00, 0xac00, 0xac00, 0xac00, 0xac00, 0xac00, 0xac00, 0xac00,
0xabe0, 0xac20, 0xb460, 0xac00, 0xabe0, 0xac00, 0xac00, 0xac00, 0xac00, 0xac00,
0xac00, 0xac00, 0xac00, 0xac00, 0xac00, 0xac00, 0xac00, 0xac00, 0xac00, 0xac00,
0xac00, 0xac00, 0xac00, 0xac00, 0xac00, 0xac00, 0xac00, 0xac00, 0xac00, 0xac00,
0xac00, 0xac00, 0xac00, 0xac00, 0xac00, 0xac00, 0xac00, 0xac00, 0xac00, 0xac00,
0xac00, 0xac00, 0xac00, 0xac00, 0xac00, 0xac00, 0xac00, 0xac00, 0xac00, 0xac00,
0xac00, 0xac00, 0xac00, 0xac00, 0xac00, 0xac00, 0xac00, 0xac00, 0xac00, 0xac00,
0xac00, 0xac00, 0xac00, 0xac00, 0xac00, 0xac00, 0xac00, 0xac00, 0xac00, 0xac00,
0xac00, 0xac00, 0xac00, 0xac00, 0xac00, 0xac00, 0xac00, 0xac00, 0xac00, 0xac00,
0xac00, 0xac00, 0xac00, 0xac00, 0xac00, 0xac00, 0xac00, 0xac00, 0xac00, 0xac00,
0xac00, 0xac00, 0xac00, 0xac00, 0xac00, 0xac00, 0xac00, 0xac00, 0xac00, 0xac00,
0xac00, 0xac00, 0xac00, 0xac00, 0xac00, 0xac00, 0xac00, 0xac00, 0xac00, 0xac00,
0xac00, 0xac00, 0xac00, 0xac00, 0xac00, 0xac00, 0xac00, 0xac00, 0xac00, 0xac00,
0xac00, 0xac00, 0xac00, 0xac00, 0xac00, 0xac00, 0xac00, 0xac00, 0xac00, 0xac00,
0xac00, 0xac00, 0xac00, 0xac00, 0xac00, 0xac00, 0xac00, 0xac00, 0xac00, 0xac00,
0xac00, 0xac00, 0xac00, 0xac00, 0xac00, 0xac00, 0xac00, 0xac00, 0xac00, 0xac00,
0xac00, 0xac00, 0xac00, 0xac00, 0xac00, 0xac00, 0xac00, 0xac00, 0xac00, 0xac00,
0xac00, 0xac00, 0xac00, 0xac00, 0xac00, 0xac00, 0xb440, 0x9ba0, 0x18a0, 0x0000,

0x0000, 0x0000, 0xbce0, 0xff80, 0xfec0, 0xfec0, 0xfec0, 0xfec0, 0xfec0, 0xfec0,
0xfec0, 0xfec0, 0xfec0, 0xfec0, 0xfe80, 0xfe80, 0xfec0, 0xfec0, 0xfec0, 0xfec0,
0xfec0, 0xfec0, 0xfec0, 0xfec0, 0xfec0, 0xfec0, 0xfec0, 0xfec0, 0xfec0, 0xfec0,
0xfec0, 0xfec0, 0xfec0, 0xfec0, 0xfec0, 0xfec0, 0xfec0, 0xfec0, 0xfec0, 0xfec0,
0xfec0, 0xfec0, 0xfec0, 0xfec0, 0xfec0, 0xfec0, 0xfec0, 0xfec0, 0xfec0, 0xfec0,
0xfec0, 0xfec0, 0xfec0, 0xfec0, 0xfec0, 0xfec0, 0xfec0, 0xfec0, 0xfec0, 0xfec0,
0xfec0, 0xfec0, 0xfec0, 0xfec0, 0xfea0, 0xfec0, 0xff00, 0xff20, 0xff00, 0xfee0,
0xfec0, 0xfea0, 0xfec0, 0xfec0, 0xfec0, 0xfec0, 0xfec0, 0xfec0, 0xfec0, 0xfec0,
0xfec0, 0xfec0, 0xfec0, 0xfec0, 0xfec0, 0xfec0, 0xfec0, 0xfec0, 0xfec0, 0xfec0,
0xfec0, 0xfec0, 0xfec0, 0xfec0, 0xfec0, 0xfec0, 0xfec0, 0xfec0, 0xfea0, 0xfec0,
0xfec0, 0xfee0, 0xff00, 0xff00, 0xfee0, 0xfee0, 0xfec0, 0xfec0, 0xfea0, 0xfec0,
0xfec0, 0xfec0, 0xfec0, 0xfec0, 0xfec0, 0xfec0, 0xfec0, 0xfec0, 0xfec0, 0xfec0,
0xfec0, 0xfec0, 0xfec0, 0xfec0, 0xfec0, 0xfec0, 0xfec0, 0xfea0, 0xfec0, 0xff20,
0xfec0, 0xfea0, 0xfec0, 0xfec0, 0xfec0, 0xfec0, 0xfec0, 0xfec0, 0xfec0, 0xfec0,
0xfec0, 0xfec0, 0xfec0, 0xfec0, 0xfec0, 0xfec0, 0xfec0, 0xfec0, 0xfec0, 0xfea0,
0xfee0, 0xf660, 0xd500, 0xfe60, 0xfee0, 0xfec0, 0xfec0, 0xfec0, 0xfec0, 0xfec0,
0xfec0, 0xfec0, 0xfec0, 0xfec0, 0xfec0, 0xfec0, 0xfec0, 0xfec0, 0xfec0, 0xfec0,
0xfec0, 0xfec0, 0xfec0, 0xfec0, 0xfec0, 0xfec0, 0xfec0, 0xfec0, 0xfec0, 0xfec0,
0xfec0, 0xfec0, 0xfec0, 0xfec0, 0xfec0, 0xfec0, 0xfec0, 0xfec0, 0xfec0, 0xfec0,
0xfec0, 0xfec0, 0xfec0, 0xfec0, 0xfec0, 0xfec0, 0xfec0, 0xfec0, 0xfec0, 0xfec0,
0xfec0, 0xfec0, 0xfec0, 0xfec0, 0xfec0, 0xfec0, 0xfec0, 0xfec0, 0xfec0, 0xfec0,
0xfec0, 0xfec0, 0xfec0, 0xfec0, 0xfec0, 0xfec0, 0xfec0, 0xfec0, 0xfec0, 0xfec0,
0xfec0, 0xfec0, 0xfec0, 0xfec0, 0xfec0, 0xfec0, 0xfec0, 0xfec0, 0xfec0, 0xfec0,
0xfec0, 0xfec0, 0xfec0, 0xfec0, 0xfec0, 0xfec0, 0xfec0, 0xfec0, 0xfec0, 0xfec0,
0xfec0, 0xfec0, 0xfec0, 0xfec0, 0xfec0, 0xfec0, 0xfec0, 0xfec0, 0xfec0, 0xfec0,
0xfec0, 0xfec0, 0xfec0, 0xfec0, 0xfec0, 0xfec0, 0xfec0, 0xfec0, 0xfec0, 0xfec0,
0xfec0, 0xfec0, 0xfec0, 0xfec0, 0xfec0, 0xfec0, 0xfec0, 0xfec0, 0xfec0, 0xfec0,
0xfec0, 0xfec0, 0xfec0, 0xfec0, 0xfec0, 0xfec0, 0xfec0, 0xfec0, 0xfec0, 0xfec0,
0xfec0, 0xfec0, 0xfec0, 0xfec0, 0xfec0, 0xfec0, 0xfec0, 0xfec0, 0xfec0, 0xfec0,
0xfec0, 0xfec0, 0xfec0, 0xfec0, 0xfec0, 0xfec0, 0xfec0, 0xfec0, 0xfec0, 0xfec0,
0xfec0, 0xfec0, 0xfec0, 0xfec0, 0xfec0, 0xfec0, 0xfec0, 0xfec0, 0xfec0, 0xfec0,
0xfec0, 0xfec0, 0xfec0, 0xfec0, 0xfec0, 0xfea0, 0xff40, 0xf640, 0x3100, 0x0000,

0x0000, 0x0000, 0xbc40, 0xfea0, 0xfe00, 0xfe00, 0xfe00, 0xfe00, 0xfe00, 0xfe00,
0xfe00, 0xfe00, 0xfe00, 0xfe80, 0x8300, 0x7ae0, 0xfe20, 0xfe00, 0xfde0, 0xfde0,
0xfde0, 0xfde0, 0xfde0, 0xfde0, 0xfde0, 0xfde0, 0xfde0, 0xfde0, 0xfde0, 0xfde0,
0xfde0, 0xfde0, 0xfde0, 0xfe00, 0xfe00, 0xfe00, 0xfe00, 0xfe00, 0xfe00, 0xfe00,
0xfe00, 0xfe00, 0xfe00, 0xfe00, 0xfe00, 0xfe00, 0xfe00, 0xfe00, 0xfe00, 0xfe00,
0xfe00, 0xfe00, 0xfe00, 0xfe00, 0xfe00, 0xfe00, 0xfe00, 0xfe00, 0xfe00, 0xfe00,
0xfe00, 0xfe00, 0xfe00, 0xfe00, 0xfe00, 0xfe00, 0xe560, 0xdd60, 0xf600, 0xfe80,
0xfec0, 0xfe80, 0xfe00, 0xfde0, 0xfe00, 0xfe00, 0xfe00, 0xfe00, 0xfe00, 0xfe00,
0xfe00, 0xfe00, 0xfe00, 0xfe00, 0xfe00, 0xfe00, 0xfe00, 0xfe00, 0xfe00, 0xfe00,
0xfe00, 0xfe00, 0xfe00, 0xfe00, 0xfe00, 0xfe00, 0xfde0, 0xfe00, 0xfe60, 0xfea0,
0xfea0, 0xfea0, 0xfe40, 0xfe40, 0xfe60, 0xfea0, 0xfea0, 0xfea0, 0xfe60, 0xfe00,
0xfde0, 0xfde0, 0xfe00, 0xfe00, 0xfe00, 0xfde0, 0xfde0, 0xfde0, 0xfde0, 0xfde0,
0xfde0, 0xfde0, 0xfde0, 0xfde0, 0xfde0, 0xfde0, 0xfde0, 0xfe00, 0xf5a0, 0xc4a0,
0xf5a0, 0xfe00, 0xfde0, 0xfe00, 0xfe00, 0xfe00, 0xfe00, 0xfe00, 0xfde0, 0xfde0,
0xfde0, 0xfde0, 0xfde0, 0xfde0, 0xfde0, 0xfde0, 0xfde0, 0xfde0, 0xfde0, 0xfde0,
0xfe80, 0x93a0, 0x1880, 0xdd40, 0xfe40, 0xfde0, 0xfe00, 0xfe00, 0xfe00, 0xfe00,
0xfe00, 0xfe00, 0xfe00, 0xfe00, 0xfe00, 0xfe00, 0xfe00, 0xfe00, 0xfe00, 0xfe00,
0xfe00, 0xfe00, 0xfe00, 0xfe00, 0xfe00, 0xfe00, 0xfe00, 0xfe00, 0xfe00, 0xfe00,
0xfe00, 0xfe00, 0xfe00, 0xfe00, 0xfe00, 0xfe00, 0xfe00, 0xfe00, 0xfe00, 0xfe00,
0xfe00, 0xfe00, 0xfe00, 0xfe00, 0xfe00, 0xfe00, 0xfe00, 0xfe00, 0xfe00, 0xfe00,
0xfe00, 0xfe00, 0xfe00, 0xfe00, 0xfe00, 0xfe00, 0xfe00, 0xfe00, 0xfe00, 0xfe00,
0xfe00, 0xfe00, 0xfe00, 0xfe00, 0xfe00, 0xfe00, 0xfe00, 0xfe00, 0xfe00, 0xfe00,
0xfe00, 0xfe00, 0xfe00, 0xfe00, 0xfe00, 0xfe00, 0xfe00, 0xfe00, 0xfe00, 0xfe00,
0xfe00, 0xfe00, 0xfe00, 0xfe00, 0xfe00, 0xfe00, 0xfe00, 0xfe00, 0xfe00, 0xfe00,
0xfe00, 0xfe00, 0xfe00, 0xfe00, 0xfe00, 0xfe00, 0xfe00, 0xfe00, 0xfe00, 0xfe00,
0xfe00, 0xfe00, 0xfe00, 0xfe00, 0xfe00, 0xfe00, 0xfe00, 0xfe00, 0xfe00, 0xfe00,
0xfe00, 0xfe00, 0xfe00, 0xfe00, 0xfe00, 0xfe00, 0xfe00, 0xfe00, 0xfe00, 0xfe00,
0xfe00, 0xfe00, 0xfe00, 0xfe00, 0xfe00, 0xfe00, 0xfe00, 0xfe00, 0xfe00, 0xfe00,
0xfe00, 0xfe00, 0xfe00, 0xfe00, 0xfe00, 0xfe00, 0xfe00, 0xfe00, 0xfe00, 0xfe00,
0xfe00, 0xfe00, 0xfe00, 0xfe00, 0xfe00, 0xfe00, 0xfe00, 0xfe00, 0xfe00, 0xfe00,
0xfe00, 0xfe00, 0xfe00, 0xfe00, 0xfe00, 0xfe00, 0xfe00, 0xfe00, 0xfe00, 0xfe00,
0xfe00, 0xfe00, 0xfe00, 0xfe00, 0xfe00, 0xfde0, 0xfe60, 0xe5a0, 0x28e0, 0x0000,

0x0000, 0x0000, 0xbc40, 0xfea0, 0xfe00, 0xfe00, 0xfe00, 0xfe00, 0xfe00, 0xfe00,
0xfe00, 0xfde0, 0xfe60, 0xff80, 0x5220, 0x49c0, 0xfec0, 0xfea0, 0xfe80, 0xfe80,
0xfe80, 0xfe80, 0xfe80, 0xfe80, 0xfe80, 0xfe80, 0xfe80, 0xfe80, 0xfe80, 0xfe80,
0xfe80, 0xfea0, 0xfe80, 0xfe00, 0xfe00, 0xfe00, 0xfe00, 0xfe00, 0xfe00, 0xfe00,
0xfe00, 0xfe00, 0xfe00, 0xfe00, 0xfe00, 0xfe00, 0xfe00, 0xfe00, 0xfe00, 0xfe00,
0xfe00, 0xfe00, 0xfe00, 0xfe00, 0xfe00, 0xfe00, 0xfe00, 0xfe00, 0xfe00, 0xfe00,
0xfe00, 0xfe00, 0xfe00, 0xfde0, 0xfe40, 0xfe20, 0x51e0, 0x0000, 0x28e0, 0x5200,
0x9b80, 0xe580, 0xfea0, 0xfe80, 0xfe00, 0xfde0, 0xfe00, 0xfe00, 0xfe00, 0xfe00,
0xfe00, 0xfe00, 0xfe00, 0xfe00, 0xfe00, 0xfe00, 0xfe00, 0xfe00, 0xfe00, 0xfe00,
0xfe00, 0xfe00, 0xfe00, 0xfe00, 0xfde0, 0xfe00, 0xfe60, 0xfea0, 0xedc0, 0xb440,
0x7ae0, 0x5a20, 0x3960, 0x3940, 0x4180, 0x5a20, 0x8320, 0xbc80, 0xedc0, 0xfea0,
0xfea0, 0xfe40, 0xfde0, 0xfde0, 0xfe00, 0xfe80, 0xfea0, 0xfe80, 0xfe80, 0xfe80,
0xfe80, 0xfe80, 0xfe80, 0xfe80, 0xfe80, 0xfe80, 0xfe80, 0xff20, 0xcd00, 0x1860,
0xcd40, 0xff40, 0xfe40, 0xfde0, 0xfe00, 0xfe00, 0xfe00, 0xfde0, 0xfe40, 0xfea0,
0xfe80, 0xfe80, 0xfe80, 0xfe80, 0xfe80, 0xfe80, 0xfe80, 0xfe80, 0xfe80, 0xfec0,
0xfe80, 0x3120, 0x6260, 0xff20, 0xfe60, 0xfde0, 0xfde0, 0xfe00, 0xfe00, 0xfe00,
0xfe00, 0xfe00, 0xfe00, 0xfe00, 0xfe00, 0xfe00, 0xfe00, 0xfe00, 0xfe00, 0xfe00,
0xfe00, 0xfe00, 0xfe00, 0xfe00, 0xfe00, 0xfe00, 0xfe00, 0xfe00, 0xfe00, 0xfe00,
0xfe00, 0xfe00, 0xfe00, 0xfe00, 0xfe00, 0xfe00, 0xfe00, 0xfe00, 0xfe00, 0xfe00,
0xfe00, 0xfe00, 0xfe00, 0xfe00, 0xfe00, 0xfe00, 0xfe00, 0xfe00, 0xfe00, 0xfe00,
0xfe00, 0xfe00, 0xfe00, 0xfe00, 0xfe00, 0xfe00, 0xfe00, 0xfe00, 0xfe00, 0xfe00,
0xfe00, 0xfe00, 0xfe00, 0xfe00, 0xfe00, 0xfe00, 0xfe00, 0xfe00, 0xfe00, 0xfe00,
0xfe00, 0xfe00, 0xfe00, 0xfe00, 0xfe00, 0xfe00, 0xfe00, 0xfe00, 0xfe00, 0xfe00,
0xfe00, 0xfe00, 0xfe00, 0xfe00, 0xfe00, 0xfe00, 0xfe00, 0xfe00, 0xfe00, 0xfe00,
0xfe00, 0xfe00, 0xfe00, 0xfe00, 0xfe00, 0xfe00, 0xfe00, 0xfe00, 0xfe00, 0xfe00,
0xfe00, 0xfe00, 0xfe00, 0xfe00, 0xfe00, 0xfe00, 0xfe00, 0xfe00, 0xfe00, 0xfe00,
0xfe00, 0xfe00, 0xfe00, 0xfe00, 0xfe00, 0xfe00, 0xfe00, 0xfe00, 0xfe00, 0xfe00,
0xfe00, 0xfe00, 0xfe00, 0xfe00, 0xfe00, 0xfe00, 0xfe00, 0xfe00, 0xfe00, 0xfe00,
0xfe00, 0xfe00, 0xfe00, 0xfe00, 0xfe00, 0xfe00, 0xfe00, 0xfe00, 0xfe00, 0xfe00,
0xfe00, 0xfe00, 0xfe00, 0xfe00, 0xfe00, 0xfe00, 0xfe00, 0xfe00, 0xfe00, 0xfe00,
0xfe00, 0xfe00, 0xfe00, 0xfe00, 0xfe00, 0xfe00, 0xfe00, 0xfe00, 0xfe00, 0xfe00,
0xfe00, 0xfe00, 0xfe00, 0xfe00, 0xfe00, 0xfde0, 0xfe60, 0xe5a0, 0x28e0, 0x0000,

0x0000, 0x0000, 0xbc40, 0xfea0, 0xfe00, 0xfe00, 0xfe00, 0xfe00, 0xfe00, 0xfe00,
0xfe00, 0xfe20, 0xc4a0, 0xac20, 0x3940, 0x3120, 0xa400, 0xac00, 0xa400, 0xa400,
0xa400, 0xa400, 0xa400, 0xa400, 0xa400, 0xa400, 0xa400, 0xa400, 0xa400, 0xa400,
0xa400, 0x9bc0, 0xb440, 0xfde0, 0xfe00, 0xfe00, 0xfe00, 0xfe00, 0xfe00, 0xfe00,
0xfe00, 0xfe00, 0xfe00, 0xfe00, 0xfe00, 0xfe00, 0xfe00, 0xfe00, 0xfe00, 0xfe00,
0xfe00, 0xfe00, 0xfe00, 0xfe00, 0xfe00, 0xfe00, 0xfe00, 0xfe00, 0xfe00, 0xfe00,
0xfe00, 0xfe00, 0xfe00, 0xfe00, 0xfe20, 0xfe20, 0xccc0, 0xa3c0, 0x8320, 0x49a0,
0x0020, 0x0820, 0x5a00, 0xcce0, 0xfe80, 0xfe40, 0xfe00, 0xfe00, 0xfe00, 0xfe00,
0xfe00, 0xfe00, 0xfe00, 0xfe00, 0xfe00, 0xfe00, 0xfe00, 0xfe00, 0xfe00, 0xfe00,
0xfe00, 0xfe00, 0xfe00, 0xfe00, 0xfe40, 0xfe80, 0xdd40, 0x6a60, 0x1060, 0x0020,
0x28e0, 0x49a0, 0x72a0, 0x7ae0, 0x6a80, 0x49c0, 0x20c0, 0x0820, 0x1060, 0x51e0,
0xac00, 0xf5e0, 0xfe80, 0xfe60, 0xfe00, 0xbc80, 0xa3e0, 0xa400, 0xa400, 0xa400,
0xa400, 0xa400, 0xa400, 0xa400, 0xa400, 0xa400, 0xa400, 0xb440, 0x7b00, 0x0820,
0x7b00, 0xac40, 0xccc0, 0xfe20, 0xfe00, 0xfe00, 0xfe00, 0xfe20, 0xd4e0, 0x9bc0,
0xa3e0, 0xa400, 0xa400, 0xa400, 0xa400, 0xa400, 0xa400, 0xa400, 0xa3e0, 0xb460,
0x8b40, 0x0820, 0x72c0, 0xa400, 0xbc60, 0xfe00, 0xfe00, 0xfe00, 0xfe00, 0xfe00,
0xfe00, 0xfe00, 0xfe00, 0xfe00, 0xfe00, 0xfe00, 0xfe00, 0xfe00, 0xfe00, 0xfe00,
0xfe00, 0xfe00, 0xfe00, 0xfe00, 0xfe00, 0xfe00, 0xfe00, 0xfe00, 0xfe00, 0xfe00,
0xfe00, 0xfe00, 0xfe00, 0xfe00, 0xfe00, 0xfe00, 0xfe00, 0xfe00, 0xfe00, 0xfe00,
0xfe00, 0xfe00, 0xfe00, 0xfe00, 0xfe00, 0xfe00, 0xfe00, 0xfe00, 0xfe00, 0xfe00,
0xfe00, 0xfe00, 0xfe00, 0xfe00, 0xfe00, 0xfe00, 0xfe00, 0xfe00, 0xfe00, 0xfe00,
0xfe00, 0xfe00, 0xfe00, 0xfe00, 0xfe00, 0xfe00, 0xfe00, 0xfe00, 0xfe00, 0xfe00,
0xfe00, 0xfe00, 0xfe00, 0xfe00, 0xfe00, 0xfe00, 0xfe00, 0xfe00, 0xfe00, 0xfe00,
0xfe00, 0xfe00, 0xfe00, 0xfe00, 0xfe00, 0xfe00, 0xfe00, 0xfe00, 0xfe00, 0xfe00,
0xfe00, 0xfe00, 0xfe00, 0xfe00, 0xfe00, 0xfe00, 0xfe00, 0xfe00, 0xfe00, 0xfe00,
0xfe00, 0xfe00, 0xfe00, 0xfe00, 0xfe00, 0xfe00, 0xfe00, 0xfe00, 0xfe00, 0xfe00,
0xfe00, 0xfe00, 0xfe00, 0xfe00, 0xfe00, 0xfe00, 0xfe00, 0xfe00, 0xfe00, 0xfe00,
0xfe00, 0xfe00, 0xfe00, 0xfe00, 0xfe00, 0xfe00, 0xfe00, 0xfe00, 0xfe00, 0xfe00,
0xfe00, 0xfe00, 0xfe00, 0xfe00, 0xfe00, 0xfe00, 0xfe00, 0xfe00, 0xfe00, 0xfe00,
0xfe00, 0xfe00, 0xfe00, 0xfe00, 0xfe00, 0xfe00, 0xfe00, 0xfe00, 0xfe00, 0xfe00,
0xfe00, 0xfe00, 0xfe00, 0xfe00, 0xfe00, 0xfe00, 0xfe00, 0xfe00, 0xfe00, 0xfe00,
0xfe00, 0xfe00, 0xfe00, 0xfe00, 0xfe00, 0xfde0, 0xfe60, 0xe5a0, 0x28e0, 0x0000,

0x0000, 0x0000, 0xbc40, 0xfea0, 0xfe00, 0xfe00, 0xfe00, 0xfe00, 0xfe00, 0xfe00,
0xfe00, 0xfe40, 0x6a80, 0x1060, 0x0840, 0x0840, 0x20c0, 0x20e0, 0x20e0, 0x20e0,
0x20e0, 0x20e0, 0x20e0, 0x20e0, 0x20e0, 0x20e0, 0x20e0, 0x20e0, 0x20e0, 0x20e0,
0x20e0, 0x1060, 0x4180, 0xf5c0, 0xfe20, 0xfde0, 0xfe00, 0xfde0, 0xfde0, 0xfe00,
0xfe00, 0xfe00, 0xfe00, 0xfe00, 0xfe00, 0xfe00, 0xfe00, 0xfe00, 0xfe00, 0xfe00,
0xfe00, 0xfe00, 0xfe00, 0xfe00, 0xfe00, 0xfe00, 0xfe00, 0xfe00, 0xfde0, 0xfde0,
0xfe20, 0xfe60, 0xfe80, 0xfe40, 0xfe00, 0xfde0, 0xfe60, 0xfea0, 0xff00, 0xff00,
0xf600, 0x9bc0, 0x20c0, 0x0000, 0x6260, 0xf5e0, 0xfea0, 0xfe00, 0xfde0, 0xfe00,
0xfe00, 0xfe00, 0xfe00, 0xfe00, 0xfe00, 0xfe00, 0xfe00, 0xfe00, 0xfe00, 0xfe00,
0xfe00, 0xfde0, 0xfe00, 0xfe80, 0xf5e0, 0x6a80, 0x0000, 0x18a0, 0x8b40, 0xe580,
0xfe80, 0xfea0, 0xfe80, 0xfe80, 0xfe80, 0xfe40, 0xf600, 0xdd60, 0xa3c0, 0x49e0,
0x1880, 0x1880, 0x6a80, 0xdd40, 0xfea0, 0x3120, 0x0000, 0x28e0, 0x20c0, 0x20e0,
0x20e0, 0x20e0, 0x20e0, 0x20e0, 0x20e0, 0x20e0, 0x20e0, 0x28e0, 0x18a0, 0x0020,
0x18a0, 0x1060, 0x7ae0, 0xfe60, 0xfe00, 0xfde0, 0xfe00, 0xfe80, 0x9360, 0x1060,
0x20c0, 0x20e0, 0x20e0, 0x20e0, 0x20e0, 0x20e0, 0x20e0, 0x20e0, 0x28e0, 0x2900,
0x0820, 0x1060, 0x2900, 0x1040, 0x6240, 0xfe20, 0xfe40, 0xfe00, 0xfe00, 0xfe00,
0xfe00, 0xfe00, 0xfe00, 0xfe00, 0xfe00, 0xfe00, 0xfe00, 0xfe00, 0xfe00, 0xfe00,
0xfe00, 0xfe00, 0xfe00, 0xfe00, 0xfe00, 0xfe00, 0xfe00, 0xfe00, 0xfe00, 0xfe00,
0xfe00, 0xfe00, 0xfe00, 0xfe00, 0xfe00, 0xfe00, 0xfe00, 0xfe00, 0xfe00, 0xfe00,
0xfe00, 0xfe00, 0xfe00, 0xfe00, 0xfe00, 0xfe00, 0xfe00, 0xfe00, 0xfe00, 0xfe00,
0xfe00, 0xfe00, 0xfe00, 0xfe00, 0xfe00, 0xfe00, 0xfe00, 0xfe00, 0xfe00, 0xfe00,
0xfe00, 0xfe00, 0xfe00, 0xfe00, 0xfe00, 0xfe00, 0xfe00, 0xfe00, 0xfe00, 0xfe00,
0xfe00, 0xfe00, 0xfe00, 0xfe00, 0xfe00, 0xfe00, 0xfe00, 0xfe00, 0xfe00, 0xfe00,
0xfe00, 0xfe00, 0xfe00, 0xfe00, 0xfe00, 0xfe00, 0xfe00, 0xfe00, 0xfe00, 0xfe00,
0xfe00, 0xfe00, 0xfe00, 0xfe00, 0xfe00, 0xfe00, 0xfe00, 0xfe00, 0xfe00, 0xfe00,
0xfe00, 0xfe00, 0xfe00, 0xfe00, 0xfe00, 0xfe00, 0xfe00, 0xfe00, 0xfe00, 0xfe00,
0xfe00, 0xfe00, 0xfe00, 0xfe00, 0xfe00, 0xfe00, 0xfe00, 0xfe00, 0xfe00, 0xfe00,
0xfe00, 0xfe00, 0xfe00, 0xfe00, 0xfe00, 0xfe00, 0xfe00, 0xfe00, 0xfe00, 0xfe00,
0xfe00, 0xfe00, 0xfe00, 0xfe00, 0xfe00, 0xfe00, 0xfe00, 0xfe00, 0xfe00, 0xfe00,
0xfe00, 0xfe00, 0xfe00, 0xfe00, 0xfe00, 0xfe00, 0xfe00, 0xfe00, 0xfe00, 0xfe00,
0xfe00, 0xfe00, 0xfe00, 0xfe00, 0xfe00, 0xfe00, 0xfe00, 0xfe00, 0xfe00, 0xfe00,
0xfe00, 0xfe00, 0xfe00, 0xfe00, 0xfe00, 0xfde0, 0xfe60, 0xe5a0, 0x28e0, 0x0000,

0x0000, 0x0000, 0xbc40, 0xfea0, 0xfe00, 0xfe00, 0xfe00, 0xfe00, 0xfe00, 0xfe00,
0xfe00, 0xfe00, 0xeda0, 0xfe20, 0x49c0, 0x4180, 0xed80, 0xf5c0, 0xfe20, 0xfe20,
0xfe20, 0xfe20, 0xfe20, 0xfe20, 0xfe20, 0xfe20, 0xfe20, 0xfe20, 0xfe20, 0xfe20,
0xfe20, 0xfe00, 0xfe20, 0xfea0, 0xfea0, 0xfea0, 0xfe80, 0xfe60, 0xfe20, 0xfde0,
0xfde0, 0xfe00, 0xfe00, 0xfe00, 0xfe00, 0xfe00, 0xfe00, 0xfe00, 0xfe00, 0xfe00,
0xfe00, 0xfe00, 0xfe00, 0xfe00, 0xfe00, 0xfe00, 0xfe00, 0xfde0, 0xfe00, 0xfe80,
0xfea0, 0xe560, 0xabe0, 0x72c0, 0x51e0, 0x3960, 0x3960, 0x41a0, 0x6a80, 0x9ba0,
0xe560, 0xff00, 0xfee0, 0x9bc0, 0x1040, 0x1060, 0xbca0, 0xfec0, 0xfe20, 0xfde0,
0xfe00, 0xfe00, 0xfe00, 0xfe00, 0xfe00, 0xfe00, 0xfe00, 0xfe00, 0xfe00, 0xfe00,
0xfde0, 0xfe00, 0xfec0, 0xd520, 0x18a0, 0x0000, 0x9360, 0xfe80, 0xff20, 0xedc0,
0xac20, 0x7ae0, 0x49c0, 0x3960, 0x4180, 0x5200, 0x72a0, 0xa3e0, 0xdd40, 0xfe60,
0xf5e0, 0x8340, 0x1880, 0x0000, 0x72a0, 0x20e0, 0x8320, 0xf5c0, 0xfde0, 0xfe20,
0xfe20, 0xfe20, 0xfe20, 0xfe20, 0xfe20, 0xfe20, 0xfe20, 0xfe20, 0xb440, 0x1080,
0xbc60, 0xfde0, 0xf5a0, 0xfe00, 0xfe00, 0xfe00, 0xfe00, 0xfe00, 0xeda0, 0xed80,
0xfe00, 0xfe20, 0xfe20, 0xfe20, 0xfe20, 0xfe20, 0xfe20, 0xfe20, 0xfec0, 0xc4c0,
0x0000, 0x9b80, 0xfde0, 0xe560, 0xeda0, 0xfe00, 0xfe00, 0xfe00, 0xfe00, 0xfe00,
0xfe00, 0xfe00, 0xfe00, 0xfe00, 0xfe00, 0xfe00, 0xfe00, 0xfe00, 0xfe00, 0xfe00,
0xfe00, 0xfe00, 0xfe00, 0xfe00, 0xfe00, 0xfe00, 0xfe00, 0xfe00, 0xfe00, 0xfe00,
0xfe00, 0xfe00, 0xfe00, 0xfe00, 0xfe00, 0xfe00, 0xfe00, 0xfe00, 0xfe00, 0xfe00,
0xfe00, 0xfe00, 0xfe00, 0xfe00, 0xfe00, 0xfe00, 0xfe00, 0xfe00, 0xfe00, 0xfe00,
0xfe00, 0xfe00, 0xfe00, 0xfe00, 0xfe00, 0xfe00, 0xfe00, 0xfe00, 0xfe00, 0xfe00,
0xfe00, 0xfe00, 0xfe00, 0xfe00, 0xfe00, 0xfe00, 0xfe00, 0xfe00, 0xfe00, 0xfe00,
0xfe00, 0xfe00, 0xfe00, 0xfe00, 0xfe00, 0xfe00, 0xfe00, 0xfe00, 0xfe00, 0xfe00,
0xfe00, 0xfe00, 0xfe00, 0xfe00, 0xfe00, 0xfe00, 0xfe00, 0xfe00, 0xfe00, 0xfe00,
0xfe00, 0xfe00, 0xfe00, 0xfe00, 0xfe00, 0xfe00, 0xfe00, 0xfe00, 0xfe00, 0xfe00,
0xfe00, 0xfe00, 0xfe00, 0xfe00, 0xfe00, 0xfe00, 0xfe00, 0xfe00, 0xfe00, 0xfe00,
0xfe00, 0xfe00, 0xfe00, 0xfe00, 0xfe00, 0xfe00, 0xfe00, 0xfe00, 0xfe00, 0xfe00,
0xfe00, 0xfe00, 0xfe00, 0xfe00, 0xfe00, 0xfe00, 0xfe00, 0xfe00, 0xfe00, 0xfe00,
0xfe00, 0xfe00, 0xfe00, 0xfe00, 0xfe00, 0xfe00, 0xfe00, 0xfe00, 0xfe00, 0xfe00,
0xfe00, 0xfe00, 0xfe00, 0xfe00, 0xfe00, 0xfe00, 0xfe00, 0xfe00, 0xfe00, 0xfe00,
0xfe00, 0xfe00, 0xfe00, 0xfe00, 0xfe00, 0xfe00, 0xfe00, 0xfe00, 0xfe00, 0xfe00,
0xfe00, 0xfe00, 0xfe00, 0xfe00, 0xfe00, 0xfde0, 0xfe60, 0xe5a0, 0x28e0, 0x0000,

0x0000, 0x0000, 0xbc40, 0xfea0, 0xfe00, 0xfe00, 0xfe00, 0xfe00, 0xfe00, 0xfe00,
0xfe00, 0xfe00, 0xfe20, 0xff00, 0x5200, 0x49c0, 0xfea0, 0xe580, 0xac00, 0xb440,
0xb440, 0xb440, 0xb440, 0xb440, 0xb440, 0xb440, 0xb440, 0xb440, 0xb440, 0xb440,
0xb440, 0xb440, 0xb440, 0xb420, 0xac00, 0xbc80, 0xd520, 0xf5e0, 0xfe80, 0xfea0,
0xfe00, 0xfde0, 0xfe00, 0xfe00, 0xfe00, 0xfe00, 0xfe00, 0xfe00, 0xfe00, 0xfe00,
0xfe00, 0xfe00, 0xfe00, 0xfe00, 0xfe00, 0xfe00, 0xfde0, 0xfe00, 0xfea0, 0xdd60,
0x72c0, 0x1080, 0x0000, 0x0000, 0x0000, 0x0000, 0x0000, 0x0000, 0x0000, 0x0000,
0x0840, 0x51e0, 0xc4a0, 0xff40, 0xee00, 0x4180, 0x0000, 0xa3c0, 0xfec0, 0xfe20,
0xfde0, 0xfe00, 0xfe00, 0xfe00, 0xfe00, 0xfe00, 0xfe00, 0xfe00, 0xfe00, 0xfe00,
0xfde0, 0xfea0, 0xc4a0, 0x0000, 0x3120, 0xedc0, 0xff80, 0xe560, 0x6240, 0x1080,
0x0000, 0x0000, 0x0000, 0x0000, 0x0000, 0x0000, 0x0000, 0x0000, 0x0000, 0x4180,
0xa3c0, 0xfea0, 0xfec0, 0x9380, 0x0840, 0x0000, 0xac20, 0xfea0, 0xccc0, 0xac20,
0xb440, 0xb440, 0xb440, 0xb440, 0xb440, 0xb440, 0xb420, 0xf5e0, 0xcce0, 0x1880,
0xcd00, 0xfec0, 0xfe20, 0xfe00, 0xfe00, 0xfe00, 0xfe00, 0xfde0, 0xfe40, 0xfe00,
0xbc60, 0xb440, 0xb440, 0xb440, 0xb440, 0xb440, 0xb440, 0xbc60, 0xc4c0, 0x51e0,
0x18a0, 0xede0, 0xfe80, 0xfe40, 0xfe20, 0xfe00, 0xfe00, 0xfe00, 0xfe00, 0xfe00,
0xfe00, 0xfe00, 0xfe00, 0xfe00, 0xfe00, 0xfe00, 0xfe00, 0xfe00, 0xfe00, 0xfe00,
0xfe00, 0xfe00, 0xfe00, 0xfe00, 0xfe00, 0xfe00, 0xfe00, 0xfe00, 0xfe00, 0xfe00,
0xfe00, 0xfe00, 0xfe00, 0xfe00, 0xfe00, 0xfe00, 0xfe00, 0xfe00, 0xfe00, 0xfe00,
0xfe00, 0xfe00, 0xfe00, 0xfe00, 0xfe00, 0xfe00, 0xfe00, 0xfe00, 0xfe00, 0xfe00,
0xfe00, 0xfe00, 0xfe00, 0xfe00, 0xfe00, 0xfe00, 0xfe00, 0xfe00, 0xfe00, 0xfe00,
0xfe00, 0xfe00, 0xfe00, 0xfe00, 0xfe00, 0xfe00, 0xfe00, 0xfe00, 0xfe00, 0xfe00,
0xfe00, 0xfe00, 0xfe00, 0xfe00, 0xfe00, 0xfe00, 0xfe00, 0xfe00, 0xfe00, 0xfe00,
0xfe00, 0xfe00, 0xfe00, 0xfe00, 0xfe00, 0xfe00, 0xfe00, 0xfe00, 0xfe00, 0xfe00,
0xfe00, 0xfe00, 0xfe00, 0xfe00, 0xfe00, 0xfe00, 0xfe00, 0xfe00, 0xfe00, 0xfe00,
0xfe00, 0xfe00, 0xfe00, 0xfe00, 0xfe00, 0xfe00, 0xfe00, 0xfe00, 0xfe00, 0xfe00,
0xfe00, 0xfe00, 0xfe00, 0xfe00, 0xfe00, 0xfe00, 0xfe00, 0xfe00, 0xfe00, 0xfe00,
0xfe00, 0xfe00, 0xfe00, 0xfe00, 0xfe00, 0xfe00, 0xfe00, 0xfe00, 0xfe00, 0xfe00,
0xfe00, 0xfe00, 0xfe00, 0xfe00, 0xfe00, 0xfe00, 0xfe00, 0xfe00, 0xfe00, 0xfe00,
0xfe00, 0xfe00, 0xfe00, 0xfe00, 0xfe00, 0xfe00, 0xfe00, 0xfe00, 0xfe00, 0xfe00,
0xfe00, 0xfe00, 0xfe00, 0xfe00, 0xfe00, 0xfe00, 0xfe00, 0xfe00, 0xfe00, 0xfe00,
0xfe00, 0xfe00, 0xfe00, 0xfe00, 0xfe00, 0xfde0, 0xfe60, 0xe5a0, 0x28e0, 0x0000,

0x0000, 0x0000, 0xbc40, 0xfea0, 0xfe00, 0xfe00, 0xfe00, 0xfe00, 0xfe00, 0xfe00,
0xfe00, 0xfe00, 0xfe00, 0xfec0, 0x51e0, 0x49c0, 0xfee0, 0x9360, 0x0000, 0x0000,
0x0000, 0x0000, 0x0000, 0x0000, 0x0000, 0x0000, 0x0000, 0x0000, 0x0000, 0x0000,
0x0000, 0x0000, 0x0000, 0x0000, 0x0000, 0x0000, 0x1080, 0x2900, 0x6220, 0xbc80,
0xfe60, 0xfe40, 0xfde0, 0xfe00, 0xfe00, 0xfe00, 0xfe00, 0xfe00, 0xfe00, 0xfe00,
0xfe00, 0xfe00, 0xfe00, 0xfe00, 0xfe00, 0xfde0, 0xfe60, 0xfe80, 0x9b80, 0x1060,
0x0000, 0x0000, 0x0000, 0x0000, 0x0000, 0x0000, 0x0000, 0x0000, 0x0000, 0x0000,
0x0000, 0x0000, 0x0000, 0x6a80, 0xf680, 0xff20, 0x7ac0, 0x0000, 0x8b60, 0xfea0,
0xfe20, 0xfe00, 0xfe00, 0xfe00, 0xfe00, 0xfe00, 0xfe00, 0xfe00, 0xfe00, 0xfde0,
0xfea0, 0xbca0, 0x0000, 0x59e0, 0xfec0, 0xff00, 0x9ba0, 0x1060, 0x0000, 0x0000,
0x0000, 0x0000, 0x0000, 0x0000, 0x0000, 0x0000, 0x0000, 0x0000, 0x0000, 0x0000,
0x0000, 0x28e0, 0xb440, 0xff60, 0xe600, 0x6a60, 0xb460, 0xfe40, 0x3940, 0x0000,
0x0000, 0x0000, 0x0000, 0x0000, 0x0000, 0x0000, 0x0000, 0x9ba0, 0xd500, 0x1080,
0xc4a0, 0xfe80, 0xfe00, 0xfe00, 0xfe00, 0xfe00, 0xfe00, 0xfde0, 0xfe80, 0x9bc0,
0x0000, 0x0000, 0x0000, 0x0000, 0x0000, 0x0000, 0x0000, 0x0000, 0x0000, 0x0000,
0x8b40, 0xfea0, 0xfe00, 0xfde0, 0xfe00, 0xfe00, 0xfe00, 0xfe00, 0xfe00, 0xfe00,
0xfe00, 0xfe00, 0xfe00, 0xfe00, 0xfe00, 0xfe00, 0xfe00, 0xfe00, 0xfe00, 0xfe00,
0xfe00, 0xfe00, 0xfe00, 0xfe00, 0xfe00, 0xfe00, 0xfe00, 0xfe00, 0xfe00, 0xfe00,
0xfe00, 0xfe00, 0xfe00, 0xfe00, 0xfe00, 0xfe00, 0xfe00, 0xfe00, 0xfe00, 0xfe00,
0xfe00, 0xfe00, 0xfe00, 0xfe00, 0xfe00, 0xfe00, 0xfe00, 0xfe00, 0xfe00, 0xfe00,
0xfe00, 0xfe00, 0xfe00, 0xfe00, 0xfe00, 0xfe00, 0xfe00, 0xfe00, 0xfe00, 0xfe00,
0xfe00, 0xfe00, 0xfe00, 0xfe00, 0xfe00, 0xfe00, 0xfe00, 0xfe00, 0xfe00, 0xfe00,
0xfe00, 0xfe00, 0xfe00, 0xfe00, 0xfe00, 0xfe00, 0xfe00, 0xfe00, 0xfe00, 0xfe00,
0xfe00, 0xfe00, 0xfe00, 0xfe00, 0xfe00, 0xfe00, 0xfe00, 0xfe00, 0xfe00, 0xfe00,
0xfe00, 0xfe00, 0xfe00, 0xfe00, 0xfe00, 0xfe00, 0xfe00, 0xfe00, 0xfe00, 0xfe00,
0xfe00, 0xfe00, 0xfe00, 0xfe00, 0xfe00, 0xfe00, 0xfe00, 0xfe00, 0xfe00, 0xfe00,
0xfe00, 0xfe00, 0xfe00, 0xfe00, 0xfe00, 0xfe00, 0xfe00, 0xfe00, 0xfe00, 0xfe00,
0xfe00, 0xfe00, 0xfe00, 0xfe00, 0xfe00, 0xfe00, 0xfe00, 0xfe00, 0xfe00, 0xfe00,
0xfe00, 0xfe00, 0xfe00, 0xfe00, 0xfe00, 0xfe00, 0xfe00, 0xfe00, 0xfe00, 0xfe00,
0xfe00, 0xfe00, 0xfe00, 0xfe00, 0xfe00, 0xfe00, 0xfe00, 0xfe00, 0xfe00, 0xfe00,
0xfe00, 0xfe00, 0xfe00, 0xfe00, 0xfe00, 0xfe00, 0xfe00, 0xfe00, 0xfe00, 0xfe00,
0xfe00, 0xfe00, 0xfe00, 0xfe00, 0xfe00, 0xfde0, 0xfe60, 0xe5a0, 0x28e0, 0x0000,

0x0000, 0x0000, 0xbc40, 0xfea0, 0xfe00, 0xfe00, 0xfe00, 0xfe00, 0xfe00, 0xfe00,
0xfe00, 0xfe00, 0xfe00, 0xfec0, 0x51e0, 0x49c0, 0xff00, 0x9360, 0x0000, 0x0000,
0x0000, 0x0000, 0x0000, 0x0000, 0x0000, 0x0000, 0x0000, 0x0000, 0x0000, 0x0000,
0x0000, 0x0000, 0x0000, 0x0000, 0x0000, 0x0000, 0x0000, 0x0000, 0x0000, 0x0000,
0x5a20, 0xeda0, 0xfe80, 0xfe00, 0xfde0, 0xfe00, 0xfe00, 0xfe00, 0xfe00, 0xfe00,
0xfe00, 0xfe00, 0xfe00, 0xfe00, 0xfde0, 0xfe60, 0xfe60, 0x6a80, 0x0000, 0x0000,
0x0000, 0x0000, 0x0000, 0x0000, 0x0000, 0x0000, 0x0000, 0x0000, 0x0000, 0x0000,
0x0000, 0x0000, 0x0000, 0x0000, 0x4160, 0xf600, 0xff80, 0x9360, 0x0000, 0x93a0,
0xfea0, 0xfe00, 0xfe00, 0xfe00, 0xfe00, 0xfe00, 0xfe00, 0xfe00, 0xfde0, 0xfe80,
0xdd80, 0x0840, 0x4180, 0xfec0, 0xfea0, 0x6a60, 0x0000, 0x0000, 0x0000, 0x0000,
0x0000, 0x0000, 0x0000, 0x0000, 0x0000, 0x0000, 0x0000, 0x0000, 0x0000, 0x0000,
0x0000, 0x0000, 0x0000, 0x7280, 0xfea0, 0xfee0, 0xfe20, 0xfe00, 0x3940, 0x0000,
0x0000, 0x0000, 0x0000, 0x0000, 0x0000, 0x0000, 0x0000, 0x9b80, 0xd500, 0x1080,
0xc4c0, 0xfea0, 0xfe00, 0xfe00, 0xfe00, 0xfe00, 0xfde0, 0xfe20, 0xfe40, 0x4180,
0x0000, 0x0000, 0x0000, 0x0000, 0x0000, 0x0000, 0x0000, 0x0000, 0x0000, 0x18a0,
0xdd60, 0xfe80, 0xfde0, 0xfe00, 0xfe00, 0xfe00, 0xfe00, 0xfe00, 0xfe00, 0xfe00,
0xfe00, 0xfe00, 0xfe00, 0xfe00, 0xfe00, 0xfe00, 0xfe00, 0xfe00, 0xfe00, 0xfe00,
0xfe00, 0xfe00, 0xfe00, 0xfe00, 0xfe00, 0xfe00, 0xfe00, 0xfe00, 0xfe00, 0xfe00,
0xfe00, 0xfe00, 0xfe00, 0xfe00, 0xfe00, 0xfe00, 0xfe00, 0xfe00, 0xfe00, 0xfe00,
0xfe00, 0xfe00, 0xfe00, 0xfe00, 0xfe00, 0xfe00, 0xfe00, 0xfe00, 0xfe00, 0xfe00,
0xfe00, 0xfe00, 0xfe00, 0xfe00, 0xfe00, 0xfe00, 0xfe00, 0xfe00, 0xfe00, 0xfe00,
0xfe00, 0xfe00, 0xfe00, 0xfe00, 0xfe00, 0xfe00, 0xfe00, 0xfe00, 0xfe00, 0xfe00,
0xfe00, 0xfe00, 0xfe00, 0xfe00, 0xfe00, 0xfe00, 0xfe00, 0xfe00, 0xfe00, 0xfe00,
0xfe00, 0xfe00, 0xfe00, 0xfe00, 0xfe00, 0xfe00, 0xfe00, 0xfe00, 0xfe00, 0xfe00,
0xfe00, 0xfe00, 0xfe00, 0xfe00, 0xfe00, 0xfe00, 0xfe00, 0xfe00, 0xfe00, 0xfe00,
0xfe00, 0xfe00, 0xfe00, 0xfe00, 0xfe00, 0xfe00, 0xfe00, 0xfe00, 0xfe00, 0xfe00,
0xfe00, 0xfe00, 0xfe00, 0xfe00, 0xfe00, 0xfe00, 0xfe00, 0xfe00, 0xfe00, 0xfe00,
0xfe00, 0xfe00, 0xfe00, 0xfe00, 0xfe00, 0xfe00, 0xfe00, 0xfe00, 0xfe00, 0xfe00,
0xfe00, 0xfe00, 0xfe00, 0xfe00, 0xfe00, 0xfe00, 0xfe00, 0xfe00, 0xfe00, 0xfe00,
0xfe00, 0xfe00, 0xfe00, 0xfe00, 0xfe00, 0xfe00, 0xfe00, 0xfe00, 0xfe00, 0xfe00,
0xfe00, 0xfe00, 0xfe00, 0xfe00, 0xfe00, 0xfe00, 0xfe00, 0xfe00, 0xfe00, 0xfe00,
0xfe00, 0xfe00, 0xfe00, 0xfe00, 0xfe00, 0xfde0, 0xfe60, 0xe5a0, 0x28e0, 0x0000,

0x0000, 0x0000, 0xbc40, 0xfea0, 0xfe00, 0xfe00, 0xfe00, 0xfe00, 0xfe00, 0xfe00,
0xfe00, 0xfe00, 0xfe00, 0xfec0, 0x51e0, 0x49c0, 0xfee0, 0x9380, 0x0000, 0x0000,
0x0000, 0x0000, 0x0000, 0x0000, 0x0000, 0x0000, 0x0000, 0x0000, 0x0000, 0x0000,
0x0000, 0x0000, 0x0000, 0x0000, 0x0000, 0x0000, 0x0000, 0x0000, 0x0000, 0x0000,
0x0000, 0x3120, 0xe5a0, 0xfea0, 0xfde0, 0xfe00, 0xfe00, 0xfe00, 0xfe00, 0xfe00,
0xfe00, 0xfe00, 0xfe00, 0xfde0, 0xfe40, 0xfe60, 0x6a80, 0x0000, 0x0000, 0x0000,
0x0000, 0x0000, 0x0000, 0x0000, 0x0000, 0x0000, 0x0000, 0x0000, 0x0000, 0x0000,
0x0000, 0x0000, 0x0000, 0x0000, 0x0000, 0x4160, 0xee00, 0xff20, 0x72a0, 0x0000,
0xbca0, 0xfe80, 0xfde0, 0xfe00, 0xfe00, 0xfe00, 0xfe00, 0xfde0, 0xfe40, 0xfe60,
0x3940, 0x1880, 0xf640, 0xfee0, 0x6240, 0x0000, 0x0000, 0x0000, 0x0000, 0x0000,
0x0000, 0x0000, 0x0000, 0x0000, 0x0000, 0x0000, 0x0000, 0x0000, 0x0000, 0x0000,
0x0000, 0x0000, 0x0000, 0x0000, 0x49c0, 0xf600, 0xff00, 0xfe00, 0x3960, 0x0000,
0x0000, 0x0000, 0x0000, 0x0000, 0x0000, 0x0000, 0x0000, 0x9ba0, 0xd500, 0x1080,
0xc4c0, 0xfea0, 0xfe00, 0xfe00, 0xfe00, 0xfe00, 0xfde0, 0xfe80, 0xcce0, 0x0840,
0x0000, 0x0000, 0x0000, 0x0000, 0x0000, 0x0000, 0x0000, 0x0000, 0x0000, 0x6240,
0xfea0, 0xfe20, 0xfde0, 0xfe00, 0xfe00, 0xfe00, 0xfe00, 0xfe00, 0xfe00, 0xfe00,
0xfe00, 0xfe00, 0xfe00, 0xfe00, 0xfe00, 0xfe00, 0xfe00, 0xfe00, 0xfe00, 0xfe00,
0xfe00, 0xfe00, 0xfe00, 0xfe00, 0xfe00, 0xfe00, 0xfe00, 0xfe00, 0xfe00, 0xfe00,
0xfe00, 0xfe00, 0xfe00, 0xfe00, 0xfe00, 0xfe00, 0xfe00, 0xfe00, 0xfe00, 0xfe00,
0xfe00, 0xfe00, 0xfe00, 0xfe00, 0xfe00, 0xfe00, 0xfe00, 0xfe00, 0xfe00, 0xfe00,
0xfe00, 0xfe00, 0xfe00, 0xfe00, 0xfe00, 0xfe00, 0xfe00, 0xfe00, 0xfe00, 0xfe00,
0xfe00, 0xfe00, 0xfe00, 0xfe00, 0xfe00, 0xfe00, 0xfe00, 0xfe00, 0xfe00, 0xfe00,
0xfe00, 0xfe00, 0xfe00, 0xfe00, 0xfe00, 0xfe00, 0xfe00, 0xfe00, 0xfe00, 0xfe00,
0xfe00, 0xfe00, 0xfe00, 0xfe00, 0xfe00, 0xfe00, 0xfe00, 0xfe00, 0xfe00, 0xfe00,
0xfe00, 0xfe00, 0xfe00, 0xfe00, 0xfe00, 0xfe00, 0xfe00, 0xfe00, 0xfe00, 0xfe00,
0xfe00, 0xfe00, 0xfe00, 0xfe00, 0xfe00, 0xfe00, 0xfe00, 0xfe00, 0xfe00, 0xfe00,
0xfe00, 0xfe00, 0xfe00, 0xfe00, 0xfe00, 0xfe00, 0xfe00, 0xfe00, 0xfe00, 0xfe00,
0xfe00, 0xfe00, 0xfe00, 0xfe00, 0xfe00, 0xfe00, 0xfe00, 0xfe00, 0xfe00, 0xfe00,
0xfe00, 0xfe00, 0xfe00, 0xfe00, 0xfe00, 0xfe00, 0xfe00, 0xfe00, 0xfe00, 0xfe00,
0xfe00, 0xfe00, 0xfe00, 0xfe00, 0xfe00, 0xfe00, 0xfe00, 0xfe00, 0xfe00, 0xfe00,
0xfe00, 0xfe00, 0xfe00, 0xfe00, 0xfe00, 0xfe00, 0xfe00, 0xfe00, 0xfe00, 0xfe00,
0xfe00, 0xfe00, 0xfe00, 0xfe00, 0xfe00, 0xfde0, 0xfe60, 0xe5a0, 0x28e0, 0x0000,

0x0000, 0x0000, 0xbc40, 0xfea0, 0xfe00, 0xfe00, 0xfe00, 0xfe00, 0xfe00, 0xfe00,
0xfe00, 0xfe00, 0xfe00, 0xfec0, 0x51e0, 0x49c0, 0xfee0, 0x9380, 0x0000, 0x0000,
0x0000, 0x0000, 0x0000, 0x0000, 0x0000, 0x0000, 0x0000, 0x0000, 0x0000, 0x0000,
0x0000, 0x0000, 0x0000, 0x0000, 0x0000, 0x0000, 0x0000, 0x0000, 0x0000, 0x0000,
0x0000, 0x0000, 0x4180, 0xf600, 0xfe60, 0xfe00, 0xfe00, 0xfe00, 0xfe00, 0xfe00,
0xfe00, 0xfe00, 0xfe00, 0xfe00, 0xfe80, 0x8340, 0x0000, 0x0000, 0x0000, 0x0000,
0x0000, 0x0000, 0x0000, 0x0000, 0x0000, 0x0000, 0x0000, 0x0000, 0x0000, 0x0000,
0x0000, 0x0000, 0x0000, 0x0000, 0x0000, 0x0000, 0x49c0, 0xfe60, 0xfea0, 0x4180,
0x20c0, 0xf600, 0xfe40, 0xfde0, 0xfe00, 0xfe00, 0xfe00, 0xfe00, 0xfec0, 0x8320,
0x0000, 0xd520, 0xff20, 0x7ae0, 0x0000, 0x0000, 0x0000, 0x0000, 0x0000, 0x0000,
0x0000, 0x0000, 0x0000, 0x0000, 0x0000, 0x0000, 0x0000, 0x0000, 0x0000, 0x0000,
0x0000, 0x0000, 0x0000, 0x0000, 0x0000, 0x3960, 0xeda0, 0xfe40, 0x3960, 0x0000,
0x0000, 0x0000, 0x0000, 0x0000, 0x0000, 0x0000, 0x0000, 0x9ba0, 0xd500, 0x1080,
0xc4c0, 0xfea0, 0xfe00, 0xfe00, 0xfe00, 0xfde0, 0xfe00, 0xfea0, 0x72a0, 0x0000,
0x0000, 0x0000, 0x0000, 0x0000, 0x0000, 0x0000, 0x0000, 0x0000, 0x0820, 0xbc80,
0xfe80, 0xfde0, 0xfe00, 0xfe00, 0xfe00, 0xfe00, 0xfe00, 0xfe00, 0xfe00, 0xfe00,
0xfe00, 0xfe00, 0xfe00, 0xfe00, 0xfe00, 0xfe00, 0xfe00, 0xfe00, 0xfe00, 0xfe00,
0xfe00, 0xfe00, 0xfe00, 0xfe00, 0xfe00, 0xfe00, 0xfe00, 0xfe00, 0xfe00, 0xfe00,
0xfe00, 0xfe00, 0xfe00, 0xfe00, 0xfe00, 0xfe00, 0xfe00, 0xfe00, 0xfe00, 0xfe00,
0xfe00, 0xfe00, 0xfe00, 0xfe00, 0xfe00, 0xfe00, 0xfe00, 0xfe00, 0xfe00, 0xfe00,
0xfe00, 0xfe00, 0xfe00, 0xfe00, 0xfe00, 0xfe00, 0xfe00, 0xfe00, 0xfe00, 0xfe00,
0xfe00, 0xfe00, 0xfe00, 0xfe00, 0xfe00, 0xfe00, 0xfe00, 0xfe00, 0xfe00, 0xfe00,
0xfe00, 0xfe00, 0xfe00, 0xfe00, 0xfe00, 0xfe00, 0xfe00, 0xfe00, 0xfe00, 0xfe00,
0xfe00, 0xfe00, 0xfe00, 0xfe00, 0xfe00, 0xfe00, 0xfe00, 0xfe00, 0xfe00, 0xfe00,
0xfe00, 0xfe00, 0xfe00, 0xfe00, 0xfe00, 0xfe00, 0xfe00, 0xfe00, 0xfe00, 0xfe00,
0xfe00, 0xfe00, 0xfe00, 0xfe00, 0xfe00, 0xfe00, 0xfe00, 0xfe00, 0xfe00, 0xfe00,
0xfe00, 0xfe00, 0xfe00, 0xfe00, 0xfe00, 0xfe00, 0xfe00, 0xfe00, 0xfe00, 0xfe00,
0xfe00, 0xfe00, 0xfe00, 0xfe00, 0xfe00, 0xfe00, 0xfe00, 0xfe00, 0xfe00, 0xfe00,
0xfe00, 0xfe00, 0xfe00, 0xfe00, 0xfe00, 0xfe00, 0xfe00, 0xfe00, 0xfe00, 0xfe00,
0xfe00, 0xfe00, 0xfe00, 0xfe00, 0xfe00, 0xfe00, 0xfe00, 0xfe00, 0xfe00, 0xfe00,
0xfe00, 0xfe00, 0xfe00, 0xfe00, 0xfe00, 0xfe00, 0xfe00, 0xfe00, 0xfe00, 0xfe00,
0xfe00, 0xfe00, 0xfe00, 0xfe00, 0xfe00, 0xfde0, 0xfe60, 0xe5a0, 0x28e0, 0x0000,

0x0000, 0x0000, 0xbc40, 0xfea0, 0xfe00, 0xfe00, 0xfe00, 0xfe00, 0xfe00, 0xfe00,
0xfe00, 0xfe00, 0xfe00, 0xfec0, 0x51e0, 0x49c0, 0xfee0, 0x9380, 0x0000, 0x0000,
0x0000, 0x0000, 0x0000, 0x0000, 0x0000, 0x0000, 0x0000, 0x0000, 0x0000, 0x0000,
0x0000, 0x0000, 0x0000, 0x0000, 0x0000, 0x0000, 0x0000, 0x0000, 0x0000, 0x0000,
0x0000, 0x0000, 0x0000, 0x72a0, 0xfe60, 0xfe20, 0xfe00, 0xfe00, 0xfe00, 0xfe00,
0xfe00, 0xfe00, 0xfde0, 0xfea0, 0xb460, 0x0000, 0x0000, 0x0000, 0x0000, 0x0000,
0x0000, 0x0000, 0x0000, 0x0000, 0x0000, 0x0000, 0x0000, 0x0000, 0x0000, 0x0000,
0x0000, 0x0000, 0x0000, 0x0000, 0x0000, 0x0000, 0x0000, 0x82e0, 0xff00, 0xe5a0,
0x0840, 0x72a0, 0xfec0, 0xfe00, 0xfe00, 0xfe00, 0xfe00, 0xfe80, 0xd520, 0x0000,
0x9360, 0xffa0, 0xac00, 0x0000, 0x0000, 0x0000, 0x0000, 0x0000, 0x0000, 0x0000,
0x0000, 0x0000, 0x0000, 0x0000, 0x0000, 0x0000, 0x0000, 0x0000, 0x0000, 0x0000,
0x0000, 0x0000, 0x0000, 0x0000, 0x0000, 0x0000, 0x9380, 0xfe80, 0x3940, 0x0000,
0x0000, 0x0000, 0x0000, 0x0000, 0x0000, 0x0000, 0x0000, 0x9ba0, 0xd500, 0x1080,
0xc4c0, 0xfea0, 0xfe00, 0xfe00, 0xfe00, 0xfde0, 0xfe60, 0xe5a0, 0x28e0, 0x0000,
0x0000, 0x0000, 0x0000, 0x0000, 0x0000, 0x0000, 0x0000, 0x0000, 0x49a0, 0xfe40,
0xfe00, 0xfde0, 0xfe00, 0xfe00, 0xfe00, 0xfe00, 0xfe00, 0xfe00, 0xfe00, 0xfe00,
0xfe00, 0xfe00, 0xfe00, 0xfe00, 0xfe00, 0xfe00, 0xfe00, 0xfe00, 0xfe00, 0xfe00,
0xfe00, 0xfe00, 0xfe00, 0xfe00, 0xfe00, 0xfe00, 0xfe00, 0xfe00, 0xfe00, 0xfe00,
0xfe00, 0xfe00, 0xfe00, 0xfe00, 0xfe00, 0xfe00, 0xfe00, 0xfe00, 0xfe00, 0xfe00,
0xfe00, 0xfe00, 0xfe00, 0xfe00, 0xfe00, 0xfe00, 0xfe00, 0xfe00, 0xfe00, 0xfe00,
0xfe00, 0xfe00, 0xfe00, 0xfe00, 0xfe00, 0xfe00, 0xfe00, 0xfe00, 0xfe00, 0xfe00,
0xfe00, 0xfe00, 0xfe00, 0xfe00, 0xfe00, 0xfe00, 0xfe00, 0xfe00, 0xfe00, 0xfe00,
0xfe00, 0xfe00, 0xfe00, 0xfe00, 0xfe00, 0xfe00, 0xfe00, 0xfe00, 0xfe00, 0xfe00,
0xfe00, 0xfe00, 0xfe00, 0xfe00, 0xfe00, 0xfe00, 0xfe00, 0xfe00, 0xfe00, 0xfe00,
0xfe00, 0xfe00, 0xfe00, 0xfe00, 0xfe00, 0xfe00, 0xfe00, 0xfe00, 0xfe00, 0xfe00,
0xfe00, 0xfe00, 0xfe00, 0xfe00, 0xfe00, 0xfe00, 0xfe00, 0xfe00, 0xfe00, 0xfe00,
0xfe00, 0xfe00, 0xfe00, 0xfe00, 0xfe00, 0xfe00, 0xfe00, 0xfe00, 0xfe00, 0xfe00,
0xfe00, 0xfe00, 0xfe00, 0xfe00, 0xfe00, 0xfe00, 0xfe00, 0xfe00, 0xfe00, 0xfe00,
0xfe00, 0xfe00, 0xfe00, 0xfe00, 0xfe00, 0xfe00, 0xfe00, 0xfe00, 0xfe00, 0xfe00,
0xfe00, 0xfe00, 0xfe00, 0xfe00, 0xfe00, 0xfe00, 0xfe00, 0xfe00, 0xfe00, 0xfe00,
0xfe00, 0xfe00, 0xfe00, 0xfe00, 0xfe00, 0xfe00, 0xfe00, 0xfe00, 0xfe00, 0xfe00,
0xfe00, 0xfe00, 0xfe00, 0xfe00, 0xfe00, 0xfde0, 0xfe60, 0xe5a0, 0x28e0, 0x0000,

0x0000, 0x0000, 0xbc40, 0xfea0, 0xfe00, 0xfe00, 0xfe00, 0xfe00, 0xfe00, 0xfe00,
0xfe00, 0xfe00, 0xfe00, 0xfec0, 0x51e0, 0x49c0, 0xfee0, 0x9380, 0x0000, 0x0000,
0x0000, 0x0000, 0x0000, 0x0000, 0x0000, 0x0000, 0x0000, 0x0000, 0x0000, 0x0000,
0x0000, 0x0000, 0x0000, 0x0000, 0x0000, 0x0000, 0x0000, 0x0000, 0x0000, 0x0000,
0x0000, 0x0000, 0x0000, 0x0000, 0xb460, 0xfe80, 0xfde0, 0xfe00, 0xfe00, 0xfe00,
0xfe00, 0xfde0, 0xfe80, 0xf600, 0x3100, 0x0000, 0x0000, 0x0000, 0x0000, 0x0000,
0x0000, 0x0000, 0x0000, 0x0000, 0x0000, 0x0000, 0x0000, 0x0000, 0x0000, 0x0000,
0x0000, 0x0000, 0x0000, 0x0000, 0x0000, 0x0000, 0x0000, 0x0820, 0xccc0, 0xff60,
0x8b40, 0x0820, 0xdd60, 0xfe80, 0xfde0, 0xfe00, 0xfe20, 0xfe60, 0x49c0, 0x3100,
0xfea0, 0xede0, 0x20c0, 0x0000, 0x0000, 0x0000, 0x0000, 0x0000, 0x0000, 0x0000,
0x0000, 0x0000, 0x0000, 0x0000, 0x0000, 0x0000, 0x0000, 0x0000, 0x0000, 0x0000,
0x0000, 0x0000, 0x0000, 0x0000, 0x0000, 0x0000, 0x8b60, 0xfe60, 0x3960, 0x0000,
0x0000, 0x0000, 0x0000, 0x0000, 0x0000, 0x0000, 0x0000, 0x9ba0, 0xd500, 0x1080,
0xc4c0, 0xfea0, 0xfe00, 0xfe00, 0xfe00, 0xfe00, 0xfec0, 0xa3e0, 0x0000, 0x0000,
0x0000, 0x0000, 0x0000, 0x0000, 0x0000, 0x0000, 0x0000, 0x0000, 0xa3e0, 0xfe80,
0xfde0, 0xfe00, 0xfe00, 0xfe00, 0xfe00, 0xfe00, 0xfe00, 0xfe00, 0xfe00, 0xfe00,
0xfe00, 0xfe00, 0xfe00, 0xfe00, 0xfe00, 0xfe00, 0xfe00, 0xfe00, 0xfe00, 0xfe00,
0xfe00, 0xfe00, 0xfe00, 0xfe00, 0xfe00, 0xfe00, 0xfe00, 0xfe00, 0xfe00, 0xfe00,
0xfe00, 0xfe00, 0xfe00, 0xfe00, 0xfe00, 0xfe00, 0xfe00, 0xfe00, 0xfe00, 0xfe00,
0xfe00, 0xfe00, 0xfe00, 0xfe00, 0xfe00, 0xfe00, 0xfe00, 0xfe00, 0xfe00, 0xfe00,
0xfe00, 0xfe00, 0xfe00, 0xfe00, 0xfe00, 0xfe00, 0xfe00, 0xfe00, 0xfe00, 0xfe00,
0xfe00, 0xfe00, 0xfe00, 0xfe00, 0xfe00, 0xfe00, 0xfe00, 0xfe00, 0xfe00, 0xfe00,
0xfe00, 0xfe00, 0xfe00, 0xfe00, 0xfe00, 0xfe00, 0xfe00, 0xfe00, 0xfe00, 0xfe00,
0xfe00, 0xfe00, 0xfe00, 0xfe00, 0xfe00, 0xfe00, 0xfe00, 0xfe00, 0xfe00, 0xfe00,
0xfe00, 0xfe00, 0xfe00, 0xfe00, 0xfe00, 0xfe00, 0xfe00, 0xfe00, 0xfe00, 0xfe00,
0xfe00, 0xfe00, 0xfe00, 0xfe00, 0xfe00, 0xfe00, 0xfe00, 0xfe00, 0xfe00, 0xfe00,
0xfe00, 0xfe00, 0xfe00, 0xfe00, 0xfe00, 0xfe00, 0xfe00, 0xfe00, 0xfe00, 0xfe00,
0xfe00, 0xfe00, 0xfe00, 0xfe00, 0xfe00, 0xfe00, 0xfe00, 0xfe00, 0xfe00, 0xfe00,
0xfe00, 0xfe00, 0xfe00, 0xfe00, 0xfe00, 0xfe00, 0xfe00, 0xfe00, 0xfe00, 0xfe00,
0xfe00, 0xfe00, 0xfe00, 0xfe00, 0xfe00, 0xfe00, 0xfe00, 0xfe00, 0xfe00, 0xfe00,
0xfe00, 0xfe00, 0xfe00, 0xfe00, 0xfe00, 0xfe00, 0xfe00, 0xfe00, 0xfe00, 0xfe00,
0xfe00, 0xfe00, 0xfe00, 0xfe00, 0xfe00, 0xfde0, 0xfe60, 0xe5a0, 0x28e0, 0x0000,

0x0000, 0x0000, 0xbc40, 0xfea0, 0xfe00, 0xfe00, 0xfe00, 0xfe00, 0xfe00, 0xfe00,
0xfe00, 0xfe00, 0xfe00, 0xfec0, 0x51e0, 0x49c0, 0xfee0, 0x9380, 0x0000, 0x0000,
0x0000, 0x0000, 0x0000, 0x0000, 0x0000, 0x0000, 0x0000, 0x0000, 0x0000, 0x0000,
0x0000, 0x0000, 0x0000, 0x0000, 0x0000, 0x0000, 0x0000, 0x0000, 0x0000, 0x0000,
0x0000, 0x0000, 0x0000, 0x0000, 0x4160, 0xfe40, 0xfe20, 0xfde0, 0xfe00, 0xfe00,
0xfe00, 0xfe20, 0xfea0, 0x8320, 0x0000, 0x0000, 0x0000, 0x0000, 0x0000, 0x0000,
0x0000, 0x0000, 0x0000, 0x0000, 0x0000, 0x0000, 0x0000, 0x0000, 0x0000, 0x0000,
0x0000, 0x0000, 0x0000, 0x0000, 0x0000, 0x0000, 0x0000, 0x0000, 0x49a0, 0xfea0,
0xf620, 0x1040, 0x72a0, 0xfec0, 0xfe20, 0xfde0, 0xfe80, 0xc4a0, 0x0820, 0xac40,
0xff40, 0x6a80, 0x0000, 0x0000, 0x0000, 0x0000, 0x0000, 0x0000, 0x0000, 0x0000,
0x0000, 0x0000, 0x0000, 0x0000, 0x0000, 0x0000, 0x0000, 0x0000, 0x0000, 0x0000,
0x0000, 0x0000, 0x0000, 0x0000, 0x0000, 0x0000, 0x9380, 0xfe60, 0x3960, 0x0000,
0x0000, 0x0000, 0x0000, 0x0000, 0x0000, 0x0000, 0x0000, 0x9ba0, 0xd500, 0x1080,
0xc4c0, 0xfea0, 0xfe00, 0xfe00, 0xfe00, 0xfe40, 0xfe40, 0x49c0, 0x0000, 0x0000,
0x0000, 0x0000, 0x0000, 0x0000, 0x0000, 0x0000, 0x0000, 0x2900, 0xeda0, 0xfe40,
0xfde0, 0xfe00, 0xfe00, 0xfe00, 0xfe00, 0xfe00, 0xfe00, 0xfe00, 0xfe00, 0xfe00,
0xfe00, 0xfe00, 0xfe00, 0xfe00, 0xfe00, 0xfe00, 0xfe00, 0xfe00, 0xfe00, 0xfe00,
0xfe00, 0xfe00, 0xfe00, 0xfe00, 0xfe00, 0xfe00, 0xfe00, 0xfe00, 0xfe00, 0xfe00,
0xfe00, 0xfe00, 0xfe00, 0xfe00, 0xfe00, 0xfe00, 0xfe00, 0xfe00, 0xfe00, 0xfe00,
0xfe00, 0xfe00, 0xfe00, 0xfe00, 0xfe00, 0xfe00, 0xfe00, 0xfe00, 0xfe00, 0xfe00,
0xfe00, 0xfe00, 0xfe00, 0xfe00, 0xfe00, 0xfe00, 0xfe00, 0xfe00, 0xfe00, 0xfe00,
0xfe00, 0xfe00, 0xfe00, 0xfe00, 0xfe00, 0xfe00, 0xfe00, 0xfe00, 0xfe00, 0xfe00,
0xfe00, 0xfe00, 0xfe00, 0xfe00, 0xfe00, 0xfe00, 0xfe00, 0xfe00, 0xfe00, 0xfe00,
0xfe00, 0xfe00, 0xfe00, 0xfe00, 0xfe00, 0xfe00, 0xfe00, 0xfe00, 0xfe00, 0xfe00,
0xfe00, 0xfe00, 0xfe00, 0xfe00, 0xfe00, 0xfe00, 0xfe00, 0xfe00, 0xfe00, 0xfe00,
0xfe00, 0xfe00, 0xfe00, 0xfe00, 0xfe00, 0xfe00, 0xfe00, 0xfe00, 0xfe00, 0xfe00,
0xfe00, 0xfe00, 0xfe00, 0xfe00, 0xfe00, 0xfe00, 0xfe00, 0xfe00, 0xfe00, 0xfe00,
0xfe00, 0xfe00, 0xfe00, 0xfe00, 0xfe00, 0xfe00, 0xfe00, 0xfe00, 0xfe00, 0xfe00,
0xfe00, 0xfe00, 0xfe00, 0xfe00, 0xfe00, 0xfe00, 0xfe00, 0xfe00, 0xfe00, 0xfe00,
0xfe00, 0xfe00, 0xfe00, 0xfe00, 0xfe00, 0xfe00, 0xfe00, 0xfe00, 0xfe00, 0xfe00,
0xfe00, 0xfe00, 0xfe00, 0xfe00, 0xfe00, 0xfe00, 0xfe00, 0xfe00, 0xfe00, 0xfe00,
0xfe00, 0xfe00, 0xfe00, 0xfe00, 0xfe00, 0xfde0, 0xfe60, 0xe5a0, 0x28e0, 0x0000,

0x0000, 0x0000, 0xbc40, 0xfea0, 0xfe00, 0xfe00, 0xfe00, 0xfe00, 0xfe00, 0xfe00,
0xfe00, 0xfe00, 0xfe00, 0xfec0, 0x51e0, 0x49c0, 0xfee0, 0x9380, 0x0000, 0x0000,
0x0000, 0x0000, 0x0000, 0x0000, 0x0000, 0x0000, 0x0000, 0x0000, 0x0000, 0x0000,
0x0000, 0x0000, 0x0000, 0x0000, 0x0000, 0x0000, 0x0000, 0x0000, 0x0000, 0x0000,
0x0000, 0x0000, 0x0000, 0x0000, 0x0000, 0xac40, 0xfea0, 0xfde0, 0xfe00, 0xfe00,
0xfe00, 0xfe80, 0xe560, 0x1080, 0x0000, 0x0000, 0x0000, 0x0000, 0x0000, 0x0000,
0x0000, 0x0000, 0x0000, 0x0000, 0x0000, 0x0000, 0x0000, 0x0000, 0x0000, 0x0000,
0x0000, 0x0000, 0x0000, 0x0000, 0x0000, 0x0000, 0x0000, 0x0000, 0x0000, 0xac00,
0xff60, 0x8b20, 0x0820, 0xe5a0, 0xfe60, 0xfe00, 0xfe60, 0x49a0, 0x3120, 0xfec0,
0xcd20, 0x1040, 0x0000, 0x0000, 0x0000, 0x0000, 0x0000, 0x0000, 0x0000, 0x0000,
0x0000, 0x0000, 0x0000, 0x0000, 0x0000, 0x0000, 0x0000, 0x0000, 0x0000, 0x0000,
0x0000, 0x0000, 0x0000, 0x0000, 0x0000, 0x0000, 0x9380, 0xfe60, 0x3960, 0x0000,
0x0000, 0x0000, 0x0000, 0x0000, 0x0000, 0x0000, 0x0000, 0x9ba0, 0xd500, 0x1080,
0xc4c0, 0xfea0, 0xfe00, 0xfe00, 0xfe00, 0xfe80, 0xcce0, 0x0020, 0x0000, 0x0000,
0x0000, 0x0000, 0x0000, 0x0000, 0x0000, 0x0000, 0x0000, 0x8320, 0xfe60, 0xfe00,
0xfe00, 0xfe00, 0xfe00, 0xfe00, 0xfe00, 0xfe00, 0xfe00, 0xfe00, 0xfe00, 0xfe00,
0xfe00, 0xfe00, 0xfe00, 0xfe00, 0xfe00, 0xfe00, 0xfe00, 0xfe00, 0xfe00, 0xfe00,
0xfe00, 0xfe00, 0xfe00, 0xfe00, 0xfe00, 0xfe00, 0xfe00, 0xfe00, 0xfe00, 0xfe00,
0xfe00, 0xfe00, 0xfe00, 0xfe00, 0xfe00, 0xfe00, 0xfe00, 0xfe00, 0xfe00, 0xfe00,
0xfe00, 0xfe00, 0xfe00, 0xfe00, 0xfe00, 0xfe00, 0xfe00, 0xfe00, 0xfe00, 0xfe00,
0xfe00, 0xfe00, 0xfe00, 0xfe00, 0xfe00, 0xfe00, 0xfe00, 0xfe00, 0xfe00, 0xfe00,
0xfe00, 0xfe00, 0xfe00, 0xfe00, 0xfe00, 0xfe00, 0xfe00, 0xfe00, 0xfe00, 0xfe00,
0xfe00, 0xfe00, 0xfe00, 0xfe00, 0xfe00, 0xfe00, 0xfe00, 0xfe00, 0xfe00, 0xfe00,
0xfe00, 0xfe00, 0xfe00, 0xfe00, 0xfe00, 0xfe00, 0xfe00, 0xfe00, 0xfe00, 0xfe00,
0xfe00, 0xfe00, 0xfe00, 0xfe00, 0xfe00, 0xfe00, 0xfe00, 0xfe00, 0xfe00, 0xfe00,
0xfe00, 0xfe00, 0xfe00, 0xfe00, 0xfe00, 0xfe00, 0xfe00, 0xfe00, 0xfe00, 0xfe00,
0xfe00, 0xfe00, 0xfe00, 0xfe00, 0xfe00, 0xfe00, 0xfe00, 0xfe00, 0xfe00, 0xfe00,
0xfe00, 0xfe00, 0xfe00, 0xfe00, 0xfe00, 0xfe00, 0xfe00, 0xfe00, 0xfe00, 0xfe00,
0xfe00, 0xfe00, 0xfe00, 0xfe00, 0xfe00, 0xfe00, 0xfe00, 0xfe00, 0xfe00, 0xfe00,
0xfe00, 0xfe00, 0xfe00, 0xfe00, 0xfe00, 0xfe00, 0xfe00, 0xfe00, 0xfe00, 0xfe00,
0xfe00, 0xfe00, 0xfe00, 0xfe00, 0xfe00, 0xfe00, 0xfe00, 0xfe00, 0xfe00, 0xfe00,
0xfe00, 0xfe00, 0xfe00, 0xfe00, 0xfe00, 0xfde0, 0xfe60, 0xe5a0, 0x28e0, 0x0000,

0x0000, 0x0000, 0xbc40, 0xfea0, 0xfe00, 0xfe00, 0xfe00, 0xfe00, 0xfe00, 0xfe00,
0xfe00, 0xfe00, 0xfe00, 0xfec0, 0x51e0, 0x49a0, 0xfee0, 0x9380, 0x0000, 0x0000,
0x0000, 0x0000, 0x0000, 0x0000, 0x0000, 0x0000, 0x0000, 0x0000, 0x0000, 0x0000,
0x0000, 0x0000, 0x0000, 0x0000, 0x0000, 0x0000, 0x0000, 0x0000, 0x0000, 0x0000,
0x0000, 0x0000, 0x0000, 0x0000, 0x0000, 0x5a00, 0xfe80, 0xfe20, 0xfde0, 0xfe00,
0xfe00, 0xfe60, 0x7b00, 0x0000, 0x0000, 0x0000, 0x0000, 0x0000, 0x0000, 0x0000,
0x0000, 0x0000, 0x0000, 0x0000, 0x0000, 0x0000, 0x0000, 0x0000, 0x0000, 0x0000,
0x0000, 0x0000, 0x0000, 0x0000, 0x0000, 0x0000, 0x0000, 0x0000, 0x0000, 0x3940,
0xfe80, 0xedc0, 0x1060, 0x8b40, 0xfe60, 0xfe80, 0xcce0, 0x1040, 0xac40, 0xff20,
0x6240, 0x0000, 0x0000, 0x0000, 0x0000, 0x0000, 0x0000, 0x0000, 0x0000, 0x0000,
0x0000, 0x0000, 0x0000, 0x0000, 0x0000, 0x0000, 0x0000, 0x0000, 0x0000, 0x0000,
0x0000, 0x0000, 0x0000, 0x0000, 0x0000, 0x0000, 0x9380, 0xfe60, 0x3960, 0x0000,
0x0000, 0x0000, 0x0000, 0x0000, 0x0000, 0x0000, 0x0000, 0x9ba0, 0xd500, 0x1080,
0xc4c0, 0xfea0, 0xfe00, 0xfe00, 0xfe00, 0xfe60, 0x7ae0, 0x0000, 0x0000, 0x0000,
0x0000, 0x0000, 0x0000, 0x0000, 0x0000, 0x0000, 0x0840, 0xdd40, 0xfe60, 0xfe00,
0xfe00, 0xfe00, 0xfe00, 0xfe00, 0xfe00, 0xfe00, 0xfe00, 0xfe00, 0xfe00, 0xfe00,
0xfe00, 0xfe00, 0xfe00, 0xfe00, 0xfe00, 0xfe00, 0xfe00, 0xfe00, 0xfe00, 0xfe00,
0xfe00, 0xfe00, 0xfe00, 0xfe00, 0xfe00, 0xfe00, 0xfe00, 0xfe00, 0xfe00, 0xfe00,
0xfe00, 0xfe00, 0xfe00, 0xfe00, 0xfe00, 0xfe00, 0xfe00, 0xfe00, 0xfe00, 0xfe00,
0xfe00, 0xfe00, 0xfe00, 0xfe00, 0xfe00, 0xfe00, 0xfe00, 0xfe00, 0xfe00, 0xfe00,
0xfe00, 0xfe00, 0xfe00, 0xfe00, 0xfe00, 0xfe00, 0xfe00, 0xfe00, 0xfe00, 0xfe00,
0xfe00, 0xfe00, 0xfe00, 0xfe00, 0xfe00, 0xfe00, 0xfe00, 0xfe00, 0xfe00, 0xfe00,
0xfe00, 0xfe00, 0xfe00, 0xfe00, 0xfe00, 0xfe00, 0xfe00, 0xfe00, 0xfe00, 0xfe00,
0xfe00, 0xfe00, 0xfe00, 0xfe00, 0xfe00, 0xfe00, 0xfe00, 0xfe00, 0xfe00, 0xfe00,
0xfe00, 0xfe00, 0xfe00, 0xfe00, 0xfe00, 0xfe00, 0xfe00, 0xfe00, 0xfe00, 0xfe00,
0xfe00, 0xfe00, 0xfe00, 0xfe00, 0xfe00, 0xfe00, 0xfe00, 0xfe00, 0xfe00, 0xfe00,
0xfe00, 0xfe00, 0xfe00, 0xfe00, 0xfe00, 0xfe00, 0xfe00, 0xfe00, 0xfe00, 0xfe00,
0xfe00, 0xfe00, 0xfe00, 0xfe00, 0xfe00, 0xfe00, 0xfe00, 0xfe00, 0xfe00, 0xfe00,
0xfe00, 0xfe00, 0xfe00, 0xfe00, 0xfe00, 0xfe00, 0xfe00, 0xfe00, 0xfe00, 0xfe00,
0xfe00, 0xfe00, 0xfe00, 0xfe00, 0xfe00, 0xfe00, 0xfe00, 0xfe00, 0xfe00, 0xfe00,
0xfe00, 0xfe00, 0xfe00, 0xfe00, 0xfe00, 0xfe00, 0xfe00, 0xfe00, 0xfe00, 0xfe00,
0xfe00, 0xfe00, 0xfe00, 0xfe00, 0xfe00, 0xfde0, 0xfe60, 0xe5a0, 0x28e0, 0x0000,

0x0000, 0x0000, 0xbc40, 0xfea0, 0xfe00, 0xfe00, 0xfe00, 0xfe00, 0xfe00, 0xfe00,
0xfe00, 0xfe00, 0xfe00, 0xfec0, 0x5a00, 0x51e0, 0xfee0, 0x9380, 0x0000, 0x0000,
0x0000, 0x0000, 0x0000, 0x0000, 0x0000, 0x0000, 0x0000, 0x0000, 0x0000, 0x0000,
0x0000, 0x0000, 0x0000, 0x0000, 0x0000, 0x0000, 0x0000, 0x0000, 0x0000, 0x0000,
0x0000, 0x0000, 0x0000, 0x0000, 0x0000, 0x20c0, 0xe580, 0xfe80, 0xfde0, 0xfde0,
0xfe40, 0xe580, 0x20c0, 0x0000, 0x0000, 0x0000, 0x0000, 0x0000, 0x0000, 0x0000,
0x0000, 0x0000, 0x0000, 0x0000, 0x0000, 0x0000, 0x0000, 0x0000, 0x0000, 0x0000,
0x0000, 0x0000, 0x0000, 0x0000, 0x0000, 0x0000, 0x0000, 0x0000, 0x0000, 0x0000,
0xb440, 0xff40, 0x5a20, 0x20e0, 0xfe00, 0xfec0, 0x6a80, 0x20c0, 0xfea0, 0xd540,
0x1060, 0x0000, 0x0000, 0x0000, 0x0000, 0x0000, 0x0000, 0x0000, 0x0000, 0x0000,
0x0000, 0x0000, 0x0000, 0x0000, 0x0000, 0x0000, 0x0000, 0x0000, 0x0000, 0x0000,
0x0000, 0x0000, 0x0000, 0x0000, 0x0000, 0x0000, 0x9380, 0xfe60, 0x3960, 0x0000,
0x0000, 0x0000, 0x0000, 0x0000, 0x0000, 0x0000, 0x0000, 0x9ba0, 0xd500, 0x1080,
0xc4c0, 0xfea0, 0xfe00, 0xfde0, 0xfe40, 0xeda0, 0x20e0, 0x0000, 0x0000, 0x0000,
0x0000, 0x0000, 0x0000, 0x0000, 0x0000, 0x0000, 0x6240, 0xfe60, 0xfe20, 0xfe00,
0xfe00, 0xfe00, 0xfe00, 0xfe00, 0xfe00, 0xfe00, 0xfe00, 0xfe00, 0xfe00, 0xfe00,
0xfe00, 0xfe00, 0xfe00, 0xfe00, 0xfe00, 0xfe00, 0xfe00, 0xfe00, 0xfe00, 0xfe00,
0xfe00, 0xfe00, 0xfe00, 0xfe00, 0xfe00, 0xfe00, 0xfe00, 0xfe00, 0xfe00, 0xfe00,
0xfe00, 0xfe00, 0xfe00, 0xfe00, 0xfe00, 0xfe00, 0xfe00, 0xfe00, 0xfe00, 0xfe00,
0xfe00, 0xfe00, 0xfe00, 0xfe00, 0xfe00, 0xfe00, 0xfe00, 0xfe00, 0xfe00, 0xfe00,
0xfe00, 0xfe00, 0xfe00, 0xfe00, 0xfe00, 0xfe00, 0xfe00, 0xfe00, 0xfe00, 0xfe00,
0xfe00, 0xfe00, 0xfe00, 0xfe00, 0xfe00, 0xfe00, 0xfe00, 0xfe00, 0xfe00, 0xfe00,
0xfe00, 0xfe00, 0xfe00, 0xfe00, 0xfe00, 0xfe00, 0xfe00, 0xfe00, 0xfe00, 0xfe00,
0xfe00, 0xfe00, 0xfe00, 0xfe00, 0xfe00, 0xfe00, 0xfe00, 0xfe00, 0xfe00, 0xfe00,
0xfe00, 0xfe00, 0xfe00, 0xfe00, 0xfe00, 0xfe00, 0xfe00, 0xfe00, 0xfe00, 0xfe00,
0xfe00, 0xfe00, 0xfe00, 0xfe00, 0xfe00, 0xfe00, 0xfe00, 0xfe00, 0xfe00, 0xfe00,
0xfe00, 0xfe00, 0xfe00, 0xfe00, 0xfe00, 0xfe00, 0xfe00, 0xfe00, 0xfe00, 0xfe00,
0xfe00, 0xfe00, 0xfe00, 0xfe00, 0xfe00, 0xfe00, 0xfe00, 0xfe00, 0xfe00, 0xfe00,
0xfe00, 0xfe00, 0xfe00, 0xfe00, 0xfe00, 0xfe00, 0xfe00, 0xfe00, 0xfe00, 0xfe00,
0xfe00, 0xfe00, 0xfe00, 0xfe00, 0xfe00, 0xfe00, 0xfe00, 0xfe00, 0xfe00, 0xfe00,
0xfe00, 0xfe00, 0xfe00, 0xfe00, 0xfe00, 0xfe00, 0xfe00, 0xfe00, 0xfe00, 0xfe00,
0xfe00, 0xfe00, 0xfe00, 0xfe00, 0xfe00, 0xfde0, 0xfe60, 0xe5a0, 0x28e0, 0x0000,

0x0000, 0x0000, 0xbc40, 0xfea0, 0xfe00, 0xfe00, 0xfe00, 0xfe00, 0xfe00, 0xfe00,
0xfe00, 0xfe00, 0xfe00, 0xfe20, 0xcce0, 0xccc0, 0xfec0, 0x9380, 0x0000, 0x0000,
0x0000, 0x0000, 0x0000, 0x0000, 0x0000, 0x0000, 0x0000, 0x0000, 0x0000, 0x0000,
0x0000, 0x0000, 0x0000, 0x0000, 0x0000, 0x0000, 0x0000, 0x0000, 0x0000, 0x0000,
0x0000, 0x0000, 0x0000, 0x0000, 0x0000, 0x0000, 0xac00, 0xfec0, 0xfe00, 0xfde0,
0xfe80, 0x93a0, 0x0000, 0x0000, 0x0000, 0x0000, 0x0000, 0x0000, 0x0000, 0x0000,
0x0000, 0x0000, 0x0000, 0x0000, 0x0000, 0x0000, 0x0000, 0x0000, 0x0000, 0x0000,
0x0000, 0x0000, 0x0000, 0x0000, 0x0000, 0x0000, 0x0000, 0x0000, 0x0000, 0x0000,
0x5a00, 0xff00, 0xbca0, 0x1040, 0xcd00, 0xfe40, 0x20c0, 0x8320, 0xff20, 0x8300,
0x0000, 0x0000, 0x0000, 0x0000, 0x0000, 0x0000, 0x0000, 0x0000, 0x0000, 0x0000,
0x0000, 0x0000, 0x0000, 0x0000, 0x0000, 0x0000, 0x0000, 0x0000, 0x0000, 0x0000,
0x0000, 0x0000, 0x0000, 0x0000, 0x0000, 0x0000, 0x9380, 0xfe60, 0x3960, 0x0000,
0x0000, 0x0000, 0x0000, 0x0000, 0x0000, 0x0000, 0x0000, 0x9ba0, 0xd500, 0x1080,
0xc4c0, 0xfea0, 0xfe00, 0xfde0, 0xfea0, 0xa400, 0x0000, 0x0000, 0x0000, 0x0000,
0x0000, 0x0000, 0x0000, 0x0000, 0x0000, 0x0000, 0xbc80, 0xfec0, 0xfe00, 0xfe00,
0xfe00, 0xfe00, 0xfe00, 0xfe00, 0xfe00, 0xfe00, 0xfe00, 0xfe00, 0xfe00, 0xfe00,
0xfe00, 0xfe00, 0xfe00, 0xfe00, 0xfe00, 0xfe00, 0xfe00, 0xfe00, 0xfe00, 0xfe00,
0xfe00, 0xfe00, 0xfe00, 0xfe00, 0xfe00, 0xfe00, 0xfe00, 0xfe00, 0xfe00, 0xfe00,
0xfe00, 0xfe00, 0xfe00, 0xfe00, 0xfe00, 0xfe00, 0xfe00, 0xfe00, 0xfe00, 0xfe00,
0xfe00, 0xfe00, 0xfe00, 0xfe00, 0xfe00, 0xfe00, 0xfe00, 0xfe00, 0xfe00, 0xfe00,
0xfe00, 0xfe00, 0xfe00, 0xfe00, 0xfe00, 0xfe00, 0xfe00, 0xfe00, 0xfe00, 0xfe00,
0xfe00, 0xfe00, 0xfe00, 0xfe00, 0xfe00, 0xfe00, 0xfe00, 0xfe00, 0xfe00, 0xfe00,
0xfe00, 0xfe00, 0xfe00, 0xfe00, 0xfe00, 0xfe00, 0xfe00, 0xfe00, 0xfe00, 0xfe00,
0xfe00, 0xfe00, 0xfe00, 0xfe00, 0xfe00, 0xfe00, 0xfe00, 0xfe00, 0xfe00, 0xfe00,
0xfe00, 0xfe00, 0xfe00, 0xfe00, 0xfe00, 0xfe00, 0xfe00, 0xfe00, 0xfe00, 0xfe00,
0xfe00, 0xfe00, 0xfe00, 0xfe00, 0xfe00, 0xfe00, 0xfe00, 0xfe00, 0xfe00, 0xfe00,
0xfe00, 0xfe00, 0xfe00, 0xfe00, 0xfe00, 0xfe00, 0xfe00, 0xfe00, 0xfe00, 0xfe00,
0xfe00, 0xfe00, 0xfe00, 0xfe00, 0xfe00, 0xfe00, 0xfe00, 0xfe00, 0xfe00, 0xfe00,
0xfe00, 0xfe00, 0xfe00, 0xfe00, 0xfe00, 0xfe00, 0xfe00, 0xfe00, 0xfe00, 0xfe00,
0xfe00, 0xfe00, 0xfe00, 0xfe00, 0xfe00, 0xfe00, 0xfe00, 0xfe00, 0xfe00, 0xfe00,
0xfe00, 0xfe00, 0xfe00, 0xfe00, 0xfe00, 0xfe00, 0xfe00, 0xfe00, 0xfe00, 0xfe00,
0xfe00, 0xfe00, 0xfe00, 0xfe00, 0xfe00, 0xfde0, 0xfe60, 0xe5a0, 0x28e0, 0x0000,

0x0000, 0x0000, 0xbc40, 0xfea0, 0xfe00, 0xfe00, 0xfe00, 0xfe00, 0xfe00, 0xfe00,
0xfe00, 0xfe00, 0xfe00, 0xfde0, 0xfe40, 0xfe60, 0xfec0, 0x9360, 0x0000, 0x0000,
0x0000, 0x0000, 0x0000, 0x0000, 0x0000, 0x0000, 0x0000, 0x0000, 0x0000, 0x0000,
0x0000, 0x0000, 0x0000, 0x0000, 0x0000, 0x0000, 0x0000, 0x0000, 0x0000, 0x0000,
0x0000, 0x0000, 0x0000, 0x0000, 0x0000, 0x0000, 0x7ac0, 0xfea0, 0xfe20, 0xfe20,
0xfe40, 0x3960, 0x0000, 0x0000, 0x0000, 0x0000, 0x0000, 0x0000, 0x0000, 0x0000,
0x0000, 0x0000, 0x0000, 0x0000, 0x18a0, 0x5a00, 0x6240, 0x3120, 0x0000, 0x0000,
0x0000, 0x0000, 0x0000, 0x0000, 0x0000, 0x0000, 0x0000, 0x0000, 0x0000, 0x0000,
0x1060, 0xdd60, 0xfea0, 0x3100, 0x7b20, 0xbca0, 0x0000, 0xdd60, 0xfe40, 0x3120,
0x0000, 0x0000, 0x0000, 0x0000, 0x0000, 0x0000, 0x0000, 0x0000, 0x0000, 0x0000,
0x0000, 0x0000, 0x0000, 0x0000, 0x20c0, 0x2900, 0x0840, 0x0000, 0x0000, 0x0000,
0x0000, 0x0000, 0x0000, 0x0000, 0x0000, 0x0000, 0x9380, 0xfe60, 0x3960, 0x0000,
0x0000, 0x0000, 0x0000, 0x0000, 0x0000, 0x0000, 0x0000, 0x9ba0, 0xd500, 0x1080,
0xc4c0, 0xfea0, 0xfde0, 0xfe00, 0xfe40, 0x49c0, 0x0000, 0x0000, 0x0000, 0x0000,
0x0000, 0x0000, 0x0000, 0x0000, 0x0000, 0x4160, 0xfe20, 0xfe40, 0xfde0, 0xfe00,
0xfe00, 0xfe00, 0xfe00, 0xfe00, 0xfe00, 0xfe00, 0xfe00, 0xfe00, 0xfe00, 0xfe00,
0xfe00, 0xfe00, 0xfe00, 0xfe00, 0xfe00, 0xfe00, 0xfe00, 0xfe00, 0xfe00, 0xfe00,
0xfe00, 0xfe00, 0xfe00, 0xfe00, 0xfe00, 0xfe00, 0xfe00, 0xfe00, 0xfe00, 0xfe00,
0xfe00, 0xfe00, 0xfe00, 0xfe00, 0xfe00, 0xfe00, 0xfe00, 0xfe00, 0xfe00, 0xfe00,
0xfe00, 0xfe00, 0xfe00, 0xfe00, 0xfe00, 0xfe00, 0xfe00, 0xfe00, 0xfe00, 0xfe00,
0xfe00, 0xfe00, 0xfe00, 0xfe00, 0xfe00, 0xfe00, 0xfe00, 0xfe00, 0xfe00, 0xfe00,
0xfe00, 0xfe00, 0xfe00, 0xfe00, 0xfe00, 0xfe00, 0xfe00, 0xfe00, 0xfe00, 0xfe00,
0xfe00, 0xfe00, 0xfe00, 0xfe00, 0xfe00, 0xfe00, 0xfe00, 0xfe00, 0xfe00, 0xfe00,
0xfe00, 0xfe00, 0xfe00, 0xfe00, 0xfe00, 0xfe00, 0xfe00, 0xfe00, 0xfe00, 0xfe00,
0xfe00, 0xfe00, 0xfe00, 0xfe00, 0xfe00, 0xfe00, 0xfe00, 0xfe00, 0xfe00, 0xfe00,
0xfe00, 0xfe00, 0xfe00, 0xfe00, 0xfe00, 0xfe00, 0xfe00, 0xfe00, 0xfe00, 0xfe00,
0xfe00, 0xfe00, 0xfe00, 0xfe00, 0xfe00, 0xfe00, 0xfe00, 0xfe00, 0xfe00, 0xfe00,
0xfe00, 0xfe00, 0xfe00, 0xfe00, 0xfe00, 0xfe00, 0xfe00, 0xfe00, 0xfe00, 0xfe00,
0xfe00, 0xfe00, 0xfe00, 0xfe00, 0xfe00, 0xfe00, 0xfe00, 0xfe00, 0xfe00, 0xfe00,
0xfe00, 0xfe00, 0xfe00, 0xfe00, 0xfe00, 0xfe00, 0xfe00, 0xfe00, 0xfe00, 0xfe00,
0xfe00, 0xfe00, 0xfe00, 0xfe00, 0xfe00, 0xfe00, 0xfe00, 0xfe00, 0xfe00, 0xfe00,
0xfe00, 0xfe00, 0xfe00, 0xfe00, 0xfe00, 0xfde0, 0xfe60, 0xe5a0, 0x28e0, 0x0000,

0x0000, 0x0000, 0xbc40, 0xfea0, 0xfe00, 0xfe00, 0xfe00, 0xfe00, 0xfe00, 0xfe00,
0xfe00, 0xfe00, 0xfe00, 0xfe00, 0xfde0, 0xfe00, 0xfec0, 0x9360, 0x0000, 0x0000,
0x0000, 0x0000, 0x0000, 0x0000, 0x0000, 0x0000, 0x0820, 0x20e0, 0x2900, 0x28e0,
0x28e0, 0x2900, 0x20c0, 0x0000, 0x0000, 0x0000, 0x0000, 0x0000, 0x0000, 0x0000,
0x0000, 0x0000, 0x0000, 0x0000, 0x0000, 0x0000, 0x49c0, 0xfe20, 0xfe20, 0xfe80,
0xcce0, 0x0840, 0x0000, 0x0000, 0x0000, 0x0000, 0x0000, 0x0000, 0x0000, 0x0000,
0x0000, 0x0000, 0x0840, 0x8300, 0xeda0, 0xff00, 0xff00, 0xfe40, 0xac00, 0x20c0,
0x0000, 0x0000, 0x0000, 0x0000, 0x0000, 0x0000, 0x0000, 0x0000, 0x0000, 0x0000,
0x0000, 0x8b40, 0xff40, 0x7ae0, 0x2900, 0x49c0, 0x41a0, 0xfee0, 0xbc80, 0x0000,
0x0000, 0x0000, 0x0000, 0x0000, 0x0000, 0x0000, 0x0000, 0x0000, 0x0000, 0x0000,
0x0000, 0x0000, 0x6240, 0xcca0, 0xedc0, 0xede0, 0xd540, 0x9380, 0x20e0, 0x0000,
0x0000, 0x0000, 0x0000, 0x0000, 0x0000, 0x0000, 0x9380, 0xfe60, 0x3960, 0x0000,
0x0000, 0x0000, 0x0000, 0x0000, 0x0000, 0x0000, 0x0000, 0x9ba0, 0xd500, 0x1080,
0xc4c0, 0xfea0, 0xfde0, 0xfe80, 0xcce0, 0x0840, 0x0000, 0x0000, 0x0000, 0x0000,
0x0000, 0x0000, 0x0000, 0x0000, 0x0000, 0x9bc0, 0xfec0, 0xfde0, 0xfe00, 0xfe00,
0xfe00, 0xfe00, 0xfe00, 0xfe00, 0xfe00, 0xfe00, 0xfe00, 0xfe00, 0xfe00, 0xfe00,
0xfe00, 0xfe00, 0xfe00, 0xfe00, 0xfe00, 0xfe00, 0xfe00, 0xfe00, 0xfe00, 0xfe00,
0xfe00, 0xfe00, 0xfe00, 0xfe00, 0xfe00, 0xfe00, 0xfe00, 0xfe00, 0xfe00, 0xfe00,
0xfe00, 0xfe00, 0xfe00, 0xfe00, 0xfe00, 0xfe00, 0xfe00, 0xfe00, 0xfe00, 0xfe00,
0xfe00, 0xfe00, 0xfe00, 0xfe00, 0xfe00, 0xfe00, 0xfe00, 0xfe00, 0xfe00, 0xfe00,
0xfe00, 0xfe00, 0xfe00, 0xfe00, 0xfe00, 0xfe00, 0xfe00, 0xfe00, 0xfe00, 0xfe00,
0xfe00, 0xfe00, 0xfe00, 0xfe00, 0xfe00, 0xfe00, 0xfe00, 0xfe00, 0xfe00, 0xfe00,
0xfe00, 0xfe00, 0xfe00, 0xfe00, 0xfe00, 0xfe00, 0xfe00, 0xfe00, 0xfe00, 0xfe00,
0xfe00, 0xfe00, 0xfe00, 0xfe00, 0xfe00, 0xfe00, 0xfe00, 0xfe00, 0xfe00, 0xfe00,
0xfe00, 0xfe00, 0xfe00, 0xfe00, 0xfe00, 0xfe00, 0xfe00, 0xfe00, 0xfe00, 0xfe00,
0xfe00, 0xfe00, 0xfe00, 0xfe00, 0xfe00, 0xfe00, 0xfe00, 0xfe00, 0xfe00, 0xfe00,
0xfe00, 0xfe00, 0xfe00, 0xfe00, 0xfe00, 0xfe00, 0xfe00, 0xfe00, 0xfe00, 0xfe00,
0xfe00, 0xfe00, 0xfe00, 0xfe00, 0xfe00, 0xfe00, 0xfe00, 0xfe00, 0xfe00, 0xfe00,
0xfe00, 0xfe00, 0xfe00, 0xfe00, 0xfe00, 0xfe00, 0xfe00, 0xfe00, 0xfe00, 0xfe00,
0xfe00, 0xfe00, 0xfe00, 0xfe00, 0xfe00, 0xfe00, 0xfe00, 0xfe00, 0xfe00, 0xfe00,
0xfe00, 0xfe00, 0xfe00, 0xfe00, 0xfe00, 0xfe00, 0xfe00, 0xfe00, 0xfe00, 0xfe00,
0xfe00, 0xfe00, 0xfe00, 0xfe00, 0xfe00, 0xfde0, 0xfe60, 0xe5a0, 0x28e0, 0x0000,

0x0000, 0x0000, 0xbc40, 0xfea0, 0xfe00, 0xfe00, 0xfe00, 0xfe00, 0xfe00, 0xfe00,
0xfe00, 0xfe00, 0xfe00, 0xfe00, 0xfe00, 0xfe00, 0xfec0, 0x9360, 0x0000, 0x0000,
0x0000, 0x0000, 0x0000, 0x0000, 0x0000, 0x0000, 0x3120, 0xedc0, 0xfe60, 0xfe00,
0xfe00, 0xfe00, 0xfe40, 0xe580, 0x6aa0, 0x0000, 0x0000, 0x0000, 0x0000, 0x0000,
0x0000, 0x0000, 0x0000, 0x0000, 0x0000, 0x0000, 0x3120, 0xede0, 0xfe60, 0xfec0,
0x8b40, 0x0000, 0x0000, 0x0000, 0x0000, 0x0000, 0x0000, 0x0000, 0x0000, 0x0000,
0x0000, 0x0000, 0xa3c0, 0xff00, 0xfe60, 0xb440, 0xb440, 0xfe80, 0xff80, 0xdd20,
0x20a0, 0x0000, 0x0000, 0x0000, 0x0000, 0x0000, 0x0000, 0x0000, 0x0000, 0x0000,
0x0000, 0x4180, 0xfea0, 0xd520, 0x0840, 0x0000, 0x9ba0, 0xff00, 0x72c0, 0x0000,
0x0000, 0x0000, 0x0000, 0x0000, 0x0000, 0x0000, 0x0000, 0x0000, 0x0000, 0x0000,
0x0840, 0xac00, 0xfe80, 0xff20, 0xff20, 0xfea0, 0xfe80, 0xfec0, 0xeda0, 0x49c0,
0x0000, 0x0000, 0x0000, 0x0000, 0x0000, 0x0000, 0x9380, 0xfe60, 0x3960, 0x0000,
0x0000, 0x0000, 0x0000, 0x0000, 0x0000, 0x0000, 0x0000, 0x9ba0, 0xd500, 0x1080,
0xc4c0, 0xfe80, 0xfe00, 0xfec0, 0x7ac0, 0x0000, 0x0000, 0x0000, 0x0000, 0x0000,
0x0000, 0x0000, 0x0000, 0x0000, 0x20c0, 0xf5c0, 0xfe40, 0xfde0, 0xfde0, 0xfde0,
0xfde0, 0xfde0, 0xfde0, 0xfde0, 0xfe00, 0xfe00, 0xfe00, 0xfe00, 0xfe00, 0xfe00,
0xfe00, 0xfe00, 0xfe00, 0xfe00, 0xfe00, 0xfe00, 0xfe00, 0xfe00, 0xfe00, 0xfe00,
0xfe00, 0xfe00, 0xfe00, 0xfe00, 0xfe00, 0xfe00, 0xfe00, 0xfe00, 0xfe00, 0xfe00,
0xfe00, 0xfe00, 0xfe00, 0xfe00, 0xfe00, 0xfe00, 0xfe00, 0xfe00, 0xfe00, 0xfe00,
0xfe00, 0xfe00, 0xfe00, 0xfe00, 0xfe00, 0xfe00, 0xfe00, 0xfe00, 0xfe00, 0xfe00,
0xfe00, 0xfe00, 0xfe00, 0xfe00, 0xfe00, 0xfe00, 0xfe00, 0xfe00, 0xfe00, 0xfe00,
0xfe00, 0xfe00, 0xfe00, 0xfe00, 0xfe00, 0xfe00, 0xfe00, 0xfe00, 0xfe00, 0xfe00,
0xfe00, 0xfe00, 0xfe00, 0xfe00, 0xfe00, 0xfe00, 0xfe00, 0xfe00, 0xfe00, 0xfe00,
0xfe00, 0xfe00, 0xfe00, 0xfe00, 0xfe00, 0xfe00, 0xfe00, 0xfe00, 0xfe00, 0xfe00,
0xfe00, 0xfe00, 0xfe00, 0xfe00, 0xfe00, 0xfe00, 0xfe00, 0xfe00, 0xfe00, 0xfe00,
0xfe00, 0xfe00, 0xfe00, 0xfe00, 0xfe00, 0xfe00, 0xfe00, 0xfe00, 0xfe00, 0xfe00,
0xfe00, 0xfe00, 0xfe00, 0xfe00, 0xfe00, 0xfe00, 0xfe00, 0xfe00, 0xfe00, 0xfe00,
0xfe00, 0xfe00, 0xfe00, 0xfe00, 0xfe00, 0xfe00, 0xfe00, 0xfe00, 0xfe00, 0xfe00,
0xfe00, 0xfe00, 0xfe00, 0xfe00, 0xfe00, 0xfe00, 0xfe00, 0xfe00, 0xfe00, 0xfe00,
0xfe00, 0xfe00, 0xfe00, 0xfe00, 0xfe00, 0xfe00, 0xfe00, 0xfe00, 0xfe00, 0xfe00,
0xfe00, 0xfe00, 0xfe00, 0xfe00, 0xfe00, 0xfe00, 0xfe00, 0xfe00, 0xfe00, 0xfe00,
0xfe00, 0xfe00, 0xfe00, 0xfe00, 0xfe00, 0xfde0, 0xfe60, 0xe5a0, 0x28e0, 0x0000,

0x0000, 0x0000, 0xbc40, 0xfea0, 0xfe00, 0xfe00, 0xfe00, 0xfe00, 0xfe00, 0xfe00,
0xfe00, 0xfe00, 0xfe00, 0xfe00, 0xfe00, 0xfe00, 0xfec0, 0x9360, 0x0000, 0x0000,
0x0000, 0x0000, 0x0000, 0x0000, 0x0000, 0x0000, 0x1080, 0x72a0, 0x7ae0, 0x72a0,
0x72a0, 0x72a0, 0x9340, 0xe580, 0xff20, 0x9bc0, 0x0000, 0x0000, 0x0000, 0x0000,
0x0000, 0x0000, 0x0000, 0x0000, 0x0000, 0x0000, 0x18a0, 0xe580, 0xfec0, 0xfe40,
0x49c0, 0x0000, 0x0000, 0x0000, 0x0000, 0x0000, 0x0000, 0x0000, 0x0000, 0x0000,
0x0000, 0x72c0, 0xfea0, 0xfec0, 0xd500, 0x0840, 0x0000, 0x4160, 0xdd60, 0xff60,
0xbc60, 0x0000, 0x0000, 0x0000, 0x0000, 0x0000, 0x0000, 0x0000, 0x0000, 0x0000,
0x0000, 0x1060, 0xdd60, 0xfea0, 0x2920, 0x0000, 0xcd20, 0xfe80, 0x3120, 0x0000,
0x0000, 0x0000, 0x0000, 0x0000, 0x0000, 0x0000, 0x0000, 0x0000, 0x0000, 0x0020,
0xac20, 0xfea0, 0xfec0, 0xede0, 0x9ba0, 0xccc0, 0xfe40, 0xfe00, 0xfe80, 0xfe40,
0x5a20, 0x0000, 0x0000, 0x0000, 0x0000, 0x0000, 0x9380, 0xfe60, 0x3960, 0x0000,
0x0000, 0x0000, 0x0000, 0x0000, 0x0000, 0x0000, 0x0000, 0x9ba0, 0xd500, 0x1080,
0xc4c0, 0xfe80, 0xfe60, 0xf5e0, 0x3100, 0x0000, 0x0000, 0x0000, 0x0000, 0x0000,
0x0000, 0x0000, 0x0000, 0x0000, 0x8360, 0xff00, 0xfe80, 0xfe80, 0xfe80, 0xfe80,
0xfe80, 0xfe80, 0xfe80, 0xfe20, 0xfde0, 0xfe00, 0xfe00, 0xfe00, 0xfe00, 0xfe00,
0xfe00, 0xfe00, 0xfe00, 0xfe00, 0xfe00, 0xfe00, 0xfe00, 0xfe00, 0xfe00, 0xfe00,
0xfe00, 0xfe00, 0xfe00, 0xfe00, 0xfe00, 0xfe00, 0xfe00, 0xfe00, 0xfe00, 0xfe00,
0xfe00, 0xfe00, 0xfe00, 0xfe00, 0xfe00, 0xfe00, 0xfe00, 0xfe00, 0xfe00, 0xfe00,
0xfe00, 0xfe00, 0xfe00, 0xfe00, 0xfe00, 0xfe00, 0xfe00, 0xfe00, 0xfe00, 0xfe00,
0xfe00, 0xfe00, 0xfe00, 0xfe00, 0xfe00, 0xfe00, 0xfe00, 0xfe00, 0xfe00, 0xfe00,
0xfe00, 0xfe00, 0xfe00, 0xfe00, 0xfe00, 0xfe00, 0xfe00, 0xfe00, 0xfe00, 0xfe00,
0xfe00, 0xfe00, 0xfe00, 0xfe00, 0xfe00, 0xfe00, 0xfe00, 0xfe00, 0xfe00, 0xfe00,
0xfe00, 0xfe00, 0xfe00, 0xfe00, 0xfe00, 0xfe00, 0xfe00, 0xfe00, 0xfe00, 0xfe00,
0xfe00, 0xfe00, 0xfe00, 0xfe00, 0xfe00, 0xfe00, 0xfe00, 0xfe00, 0xfe00, 0xfe00,
0xfe00, 0xfe00, 0xfe00, 0xfe00, 0xfe00, 0xfe00, 0xfe00, 0xfe00, 0xfe00, 0xfe00,
0xfe00, 0xfe00, 0xfe00, 0xfe00, 0xfe00, 0xfe00, 0xfe00, 0xfe00, 0xfe00, 0xfe00,
0xfe00, 0xfe00, 0xfe00, 0xfe00, 0xfe00, 0xfe00, 0xfe00, 0xfe00, 0xfe00, 0xfe00,
0xfe00, 0xfe00, 0xfe00, 0xfe00, 0xfe00, 0xfe00, 0xfe00, 0xfe00, 0xfe00, 0xfe00,
0xfe00, 0xfe00, 0xfe00, 0xfe00, 0xfe00, 0xfe00, 0xfe00, 0xfe00, 0xfe00, 0xfe00,
0xfe00, 0xfe00, 0xfe00, 0xfe00, 0xfe00, 0xfe00, 0xfe00, 0xfe00, 0xfe00, 0xfe00,
0xfe00, 0xfe00, 0xfe00, 0xfe00, 0xfe00, 0xfde0, 0xfe60, 0xe5a0, 0x28e0, 0x0000,

0x0000, 0x0000, 0xbc40, 0xfea0, 0xfe00, 0xfe00, 0xfe00, 0xfe00, 0xfe00, 0xfe00,
0xfe00, 0xfe00, 0xfe00, 0xfe00, 0xfe00, 0xfe00, 0xfec0, 0x9360, 0x0000, 0x0000,
0x0000, 0x0000, 0x0000, 0x0000, 0x0000, 0x0000, 0x0840, 0x4180, 0x49c0, 0x49a0,
0x49a0, 0x4180, 0x1880, 0x0000, 0xac20, 0xff00, 0x6260, 0x0000, 0x0000, 0x0000,
0x0000, 0x0000, 0x0000, 0x0000, 0x0000, 0x0000, 0x1060, 0xdd00, 0xff00, 0xdd60,
0x20c0, 0x0000, 0x0000, 0x0000, 0x0000, 0x0000, 0x0000, 0x0000, 0x0000, 0x0000,
0x2900, 0xf5e0, 0xfe60, 0xfe60, 0xc4a0, 0x18a0, 0x9bc0, 0x3140, 0x1060, 0xe5a0,
0xfee0, 0x6240, 0x0000, 0x0000, 0x0000, 0x0000, 0x0000, 0x0000, 0x0000, 0x0000,
0x0000, 0x0000, 0xac00, 0xff00, 0x72a0, 0x3120, 0xfe40, 0xdd40, 0x0820, 0x0000,
0x0000, 0x0000, 0x0000, 0x0000, 0x0000, 0x0000, 0x0000, 0x0000, 0x0000, 0x8b40,
0xfea0, 0xfea0, 0xd520, 0x20a0, 0x0000, 0xb440, 0xfe80, 0xfe00, 0xfde0, 0xfe40,
0xfe40, 0x5a00, 0x0000, 0x0000, 0x0000, 0x0000, 0x9380, 0xfe60, 0x3960, 0x0000,
0x0000, 0x0000, 0x0000, 0x0000, 0x0000, 0x0000, 0x0000, 0x9ba0, 0xd500, 0x1080,
0xc4c0, 0xfea0, 0xfec0, 0xac00, 0x0000, 0x0000, 0x0000, 0x0000, 0x0000, 0x0000,
0x0000, 0x0000, 0x0000, 0x0840, 0xb420, 0xdd80, 0xd500, 0xd500, 0xd500, 0xd500,
0xd500, 0xd500, 0xcd00, 0xeda0, 0xfe20, 0xfe00, 0xfe00, 0xfe00, 0xfe00, 0xfe00,
0xfe00, 0xfe00, 0xfe00, 0xfe00, 0xfe00, 0xfe00, 0xfe00, 0xfe00, 0xfe00, 0xfe00,
0xfe00, 0xfe00, 0xfe00, 0xfe00, 0xfe00, 0xfe00, 0xfe00, 0xfe00, 0xfe00, 0xfe00,
0xfe00, 0xfe00, 0xfe00, 0xfe00, 0xfe00, 0xfe00, 0xfe00, 0xfe00, 0xfe00, 0xfe00,
0xfe00, 0xfe00, 0xfe00, 0xfe00, 0xfe00, 0xfe00, 0xfe00, 0xfe00, 0xfe00, 0xfe00,
0xfe00, 0xfe00, 0xfe00, 0xfe00, 0xfe00, 0xfe00, 0xfe00, 0xfe00, 0xfe00, 0xfe00,
0xfe00, 0xfe00, 0xfe00, 0xfe00, 0xfe00, 0xfe00, 0xfe00, 0xfe00, 0xfe00, 0xfe00,
0xfe00, 0xfe00, 0xfe00, 0xfe00, 0xfe00, 0xfe00, 0xfe00, 0xfe00, 0xfe00, 0xfe00,
0xfe00, 0xfe00, 0xfe00, 0xfe00, 0xfe00, 0xfe00, 0xfe00, 0xfe00, 0xfe00, 0xfe00,
0xfe00, 0xfe00, 0xfe00, 0xfe00, 0xfe00, 0xfe00, 0xfe00, 0xfe00, 0xfe00, 0xfe00,
0xfe00, 0xfe00, 0xfe00, 0xfe00, 0xfe00, 0xfe00, 0xfe00, 0xfe00, 0xfe00, 0xfe00,
0xfe00, 0xfe00, 0xfe00, 0xfe00, 0xfe00, 0xfe00, 0xfe00, 0xfe00, 0xfe00, 0xfe00,
0xfe00, 0xfe00, 0xfe00, 0xfe00, 0xfe00, 0xfe00, 0xfe00, 0xfe00, 0xfe00, 0xfe00,
0xfe00, 0xfe00, 0xfe00, 0xfe00, 0xfe00, 0xfe00, 0xfe00, 0xfe00, 0xfe00, 0xfe00,
0xfe00, 0xfe00, 0xfe00, 0xfe00, 0xfe00, 0xfe00, 0xfe00, 0xfe00, 0xfe00, 0xfe00,
0xfe00, 0xfe00, 0xfe00, 0xfe00, 0xfe00, 0xfe00, 0xfe00, 0xfe00, 0xfe00, 0xfe00,
0xfe00, 0xfe00, 0xfe00, 0xfe00, 0xfe00, 0xfde0, 0xfe60, 0xe5a0, 0x28e0, 0x0000,

0x0000, 0x0000, 0xbc40, 0xfea0, 0xfe00, 0xfe00, 0xfe00, 0xfe00, 0xfe00, 0xfe00,
0xfe00, 0xfe00, 0xfe00, 0xfe00, 0xfe00, 0xfe00, 0xfec0, 0x9360, 0x0000, 0x0000,
0x0000, 0x0000, 0x0000, 0x0000, 0x0000, 0x0000, 0x3120, 0xee40, 0xfee0, 0xfe80,
0xfe80, 0xfe80, 0xfe60, 0x6240, 0x0000, 0xe580, 0xe560, 0x0820, 0x0000, 0x0000,
0x0000, 0x0000, 0x0000, 0x0000, 0x0000, 0x0000, 0x0840, 0xc4a0, 0xff20, 0xb420,
0x0000, 0x0000, 0x0000, 0x0000, 0x0000, 0x0000, 0x0000, 0x0000, 0x0000, 0x0000,
0xa3e0, 0xfea0, 0xfde0, 0xfe80, 0xc4a0, 0x1860, 0xd580, 0xfe60, 0x1060, 0x49a0,
0xfee0, 0xdd40, 0x1040, 0x0000, 0x0000, 0x0000, 0x0000, 0x0000, 0x0000, 0x0000,
0x0000, 0x0000, 0x6a80, 0xfe80, 0xf5e0, 0xe560, 0xfea0, 0x9380, 0x0000, 0x0000,
0x0000, 0x0000, 0x0000, 0x0000, 0x0000, 0x0000, 0x0000, 0x0000, 0x3960, 0xf600,
0xff00, 0xd540, 0x0840, 0x4180, 0xe580, 0xfe20, 0xfde0, 0xfe00, 0xfe00, 0xfde0,
0xfe60, 0xf5e0, 0x3960, 0x0000, 0x0000, 0x0000, 0x9380, 0xfe60, 0x3960, 0x0000,
0x0000, 0x0000, 0x0000, 0x0000, 0x0000, 0x0000, 0x0000, 0x9ba0, 0xd500, 0x1080,
0xc4c0, 0xfee0, 0xfe20, 0x51e0, 0x0000, 0x0000, 0x0000, 0x0000, 0x0000, 0x0000,
0x0000, 0x0000, 0x0000, 0x0000, 0x1060, 0x1040, 0x0840, 0x0840, 0x0840, 0x0840,
0x0820, 0x0820, 0x0000, 0x93a0, 0xfec0, 0xfde0, 0xfe00, 0xfe00, 0xfe00, 0xfe00,
0xfe00, 0xfe00, 0xfe00, 0xfe00, 0xfe00, 0xfe00, 0xfe00, 0xfe00, 0xfe00, 0xfe00,
0xfe00, 0xfe00, 0xfe00, 0xfe00, 0xfe00, 0xfe00, 0xfe00, 0xfe00, 0xfe00, 0xfe00,
0xfe00, 0xfe00, 0xfe00, 0xfe00, 0xfe00, 0xfe00, 0xfe00, 0xfe00, 0xfe00, 0xfe00,
0xfe00, 0xfe00, 0xfe00, 0xfe00, 0xfe00, 0xfe00, 0xfe00, 0xfe00, 0xfe00, 0xfe00,
0xfe00, 0xfe00, 0xfe00, 0xfe00, 0xfe00, 0xfe00, 0xfe00, 0xfe00, 0xfe00, 0xfe00,
0xfe00, 0xfe00, 0xfe00, 0xfe00, 0xfe00, 0xfe00, 0xfe00, 0xfe00, 0xfe00, 0xfe00,
0xfe00, 0xfe00, 0xfe00, 0xfe00, 0xfe00, 0xfe00, 0xfe00, 0xfe00, 0xfe00, 0xfe00,
0xfe00, 0xfe00, 0xfe00, 0xfe00, 0xfe00, 0xfe00, 0xfe00, 0xfe00, 0xfe00, 0xfe00,
0xfe00, 0xfe00, 0xfe00, 0xfe00, 0xfe00, 0xfe00, 0xfe00, 0xfe00, 0xfe00, 0xfe00,
0xfe00, 0xfe00, 0xfe00, 0xfe00, 0xfe00, 0xfe00, 0xfe00, 0xfe00, 0xfe00, 0xfe00,
0xfe00, 0xfe00, 0xfe00, 0xfe00, 0xfe00, 0xfe00, 0xfe00, 0xfe00, 0xfe00, 0xfe00,
0xfe00, 0xfe00, 0xfe00, 0xfe00, 0xfe00, 0xfe00, 0xfe00, 0xfe00, 0xfe00, 0xfe00,
0xfe00, 0xfe00, 0xfe00, 0xfe00, 0xfe00, 0xfe00, 0xfe00, 0xfe00, 0xfe00, 0xfe00,
0xfe00, 0xfe00, 0xfe00, 0xfe00, 0xfe00, 0xfe00, 0xfe00, 0xfe00, 0xfe00, 0xfe00,
0xfe00, 0xfe00, 0xfe00, 0xfe00, 0xfe00, 0xfe00, 0xfe00, 0xfe00, 0xfe00, 0xfe00,
0xfe00, 0xfe00, 0xfe00, 0xfe00, 0xfe00, 0xfde0, 0xfe60, 0xe5a0, 0x28e0, 0x0000,

0x0000, 0x0000, 0xbc40, 0xfea0, 0xfe00, 0xfe00, 0xfde0, 0xfe20, 0xfe80, 0xfe80,
0xfe40, 0xfe00, 0xfe00, 0xfe00, 0xfe00, 0xfe00, 0xfec0, 0x9360, 0x0000, 0x0000,
0x0000, 0x0000, 0x0000, 0x0000, 0x0000, 0x0000, 0x3120, 0xee00, 0xfe80, 0xfe20,
0xfe20, 0xfe20, 0xfec0, 0xfe40, 0x28e0, 0x72e0, 0xfe60, 0x3960, 0x0000, 0x0000,
0x0000, 0x0000, 0x0000, 0x0000, 0x0000, 0x0000, 0x0000, 0xbc60, 0xff00, 0x7ae0,
0x0000, 0x0000, 0x0000, 0x0000, 0x0000, 0x0000, 0x0000, 0x0000, 0x0000, 0x20e0,
0xedc0, 0xfe40, 0xfde0, 0xfe80, 0xc4a0, 0x1060, 0xc4a0, 0xff60, 0xac20, 0x0000,
0xc4a0, 0xff20, 0x5a40, 0x0000, 0x0000, 0x0000, 0x0000, 0x0000, 0x0000, 0x0000,
0x0000, 0x0000, 0x4180, 0xf5e0, 0xfe80, 0xfe60, 0xfe80, 0x5a20, 0x0000, 0x0000,
0x0000, 0x0000, 0x0000, 0x0000, 0x0000, 0x0000, 0x0000, 0x0000, 0xac00, 0xff00,
0xfe40, 0x4180, 0x2900, 0xf620, 0xfec0, 0xfe00, 0xfde0, 0xfe00, 0xfe00, 0xfe00,
0xfe00, 0xfea0, 0xccc0, 0x0840, 0x0000, 0x0000, 0x9380, 0xfe60, 0x3960, 0x0000,
0x0000, 0x0000, 0x0000, 0x0000, 0x0000, 0x0000, 0x0000, 0x9ba0, 0xd500, 0x1080,
0xc4c0, 0xff20, 0xd500, 0x0000, 0x0000, 0x0000, 0x0000, 0x0000, 0x0000, 0x0000,
0x0000, 0x0000, 0x0000, 0x4a6a, 0x5b2e, 0x52cd, 0x52cd, 0x52ed, 0x52ed, 0x52ed,
0x5aee, 0x424b, 0x0000, 0x8320, 0xfec0, 0xfde0, 0xfe00, 0xfe00, 0xfe00, 0xfe00,
0xfe00, 0xfe00, 0xfe00, 0xfe00, 0xfe00, 0xfe00, 0xfe00, 0xfe00, 0xfe00, 0xfe00,
0xfe00, 0xfe00, 0xfe00, 0xfe00, 0xfe00, 0xfe00, 0xfe00, 0xfe00, 0xfe00, 0xfe00,
0xfe00, 0xfe00, 0xfe00, 0xfe00, 0xfe00, 0xfe00, 0xfe00, 0xfe00, 0xfe00, 0xfe00,
0xfe00, 0xfe00, 0xfe00, 0xfe00, 0xfe00, 0xfe00, 0xfe00, 0xfe00, 0xfe00, 0xfe00,
0xfe00, 0xfe00, 0xfe00, 0xfe00, 0xfe00, 0xfe00, 0xfe00, 0xfe00, 0xfe00, 0xfe00,
0xfe00, 0xfe00, 0xfe00, 0xfe00, 0xfe00, 0xfe00, 0xfe00, 0xfe00, 0xfe00, 0xfe00,
0xfe00, 0xfe00, 0xfe00, 0xfe00, 0xfe00, 0xfe00, 0xfe00, 0xfe00, 0xfe00, 0xfe00,
0xfe00, 0xfe00, 0xfe00, 0xfe00, 0xfe00, 0xfe00, 0xfe00, 0xfe00, 0xfe00, 0xfe00,
0xfe00, 0xfe00, 0xfe00, 0xfe00, 0xfe00, 0xfe00, 0xfe00, 0xfe00, 0xfe00, 0xfe00,
0xfe00, 0xfe00, 0xfe00, 0xfe00, 0xfe00, 0xfe00, 0xfe00, 0xfe00, 0xfe00, 0xfe00,
0xfe00, 0xfe00, 0xfe00, 0xfe00, 0xfe00, 0xfe00, 0xfe00, 0xfe00, 0xfe00, 0xfe00,
0xfe00, 0xfe00, 0xfe00, 0xfe00, 0xfe00, 0xfe00, 0xfe00, 0xfe00, 0xfe00, 0xfe00,
0xfe00, 0xfe00, 0xfe00, 0xfe00, 0xfe00, 0xfe00, 0xfe00, 0xfe00, 0xfe00, 0xfe00,
0xfe00, 0xfe00, 0xfe00, 0xfe00, 0xfe00, 0xfe00, 0xfe00, 0xfe00, 0xfe00, 0xfe00,
0xfe00, 0xfe00, 0xfe00, 0xfe00, 0xfe00, 0xfe00, 0xfe00, 0xfe00, 0xfe00, 0xfe00,
0xfe00, 0xfe00, 0xfe00, 0xfe00, 0xfe00, 0xfde0, 0xfe60, 0xe5a0, 0x28e0, 0x0000,

0x0000, 0x0000, 0xbc40, 0xfea0, 0xfe00, 0xfe00, 0xfe00, 0xfe20, 0xdd60, 0xd520,
0xfe20, 0xfea0, 0xfe20, 0xfde0, 0xfe00, 0xfe00, 0xfec0, 0x9360, 0x0000, 0x0000,
0x0000, 0x0000, 0x0000, 0x0000, 0x0000, 0x0000, 0x3120, 0xedc0, 0xfe40, 0xfe00,
0xfe00, 0xfde0, 0xfe00, 0xfec0, 0x72a0, 0x3140, 0xfe20, 0x6240, 0x0000, 0x0000,
0x0000, 0x0000, 0x0000, 0x0000, 0x0000, 0x0000, 0x0000, 0xc4a0, 0xfea0, 0x51e0,
0x0000, 0x0000, 0x0000, 0x0000, 0x0000, 0x0000, 0x0000, 0x0000, 0x0000, 0x72c0,
0xfe60, 0xfe00, 0xfe00, 0xfe80, 0xc4a0, 0x1060, 0xc4c0, 0xfee0, 0xfe40, 0x3140,
0x5a20, 0xff20, 0xb440, 0x0000, 0x0000, 0x0000, 0x0000, 0x0000, 0x0000, 0x0000,
0x0000, 0x0000, 0x1060, 0xdd40, 0xfe60, 0xfe20, 0xfe00, 0x3140, 0x0000, 0x0000,
0x0000, 0x0000, 0x0000, 0x0000, 0x0000, 0x0000, 0x0000, 0x3940, 0xfe00, 0xff00,
0xac00, 0x0000, 0xc4c0, 0xfee0, 0xfe00, 0xfe00, 0xfe00, 0xfe00, 0xfe00, 0xfe00,
0xfe00, 0xfe20, 0xfea0, 0x8320, 0x0000, 0x0000, 0x9380, 0xfe60, 0x3960, 0x0000,
0x0000, 0x0000, 0x0000, 0x0000, 0x0000, 0x0000, 0x0000, 0x9ba0, 0xd500, 0x1080,
0xccc0, 0xff20, 0x8320, 0x0000, 0x0000, 0x0000, 0x0000, 0x0000, 0x0000, 0x0000,
0x0000, 0x0000, 0x2966, 0xbe7b, 0xd6fd, 0xc69b, 0xc69b, 0xc69c, 0xc6bc, 0xc6bc,
0xd6fd, 0xadb8, 0x0001, 0x8340, 0xfec0, 0xfde0, 0xfe00, 0xfe00, 0xfe00, 0xfe00,
0xfe00, 0xfe00, 0xfe00, 0xfe00, 0xfe00, 0xfe00, 0xfe00, 0xfe00, 0xfe00, 0xfe00,
0xfe00, 0xfe00, 0xfe00, 0xfe00, 0xfe00, 0xfe00, 0xfe00, 0xfe00, 0xfe00, 0xfe00,
0xfe00, 0xfe00, 0xfe00, 0xfe00, 0xfe00, 0xfe00, 0xfe00, 0xfe00, 0xfe00, 0xfe00,
0xfe00, 0xfe00, 0xfe00, 0xfe00, 0xfe00, 0xfe00, 0xfe00, 0xfe00, 0xfe00, 0xfe00,
0xfe00, 0xfe00, 0xfe00, 0xfe00, 0xfe00, 0xfe00, 0xfe00, 0xfe00, 0xfe00, 0xfe00,
0xfe00, 0xfe00, 0xfe00, 0xfe00, 0xfe00, 0xfe00, 0xfe00, 0xfe00, 0xfe00, 0xfe00,
0xfe00, 0xfe00, 0xfe00, 0xfe00, 0xfe00, 0xfe00, 0xfe00, 0xfe00, 0xfe00, 0xfe00,
0xfe00, 0xfe00, 0xfe00, 0xfe00, 0xfe00, 0xfe00, 0xfe00, 0xfe00, 0xfe00, 0xfe00,
0xfe00, 0xfe00, 0xfe00, 0xfe00, 0xfe00, 0xfe00, 0xfe00, 0xfe00, 0xfe00, 0xfe00,
0xfe00, 0xfe00, 0xfe00, 0xfe00, 0xfe00, 0xfe00, 0xfe00, 0xfe00, 0xfe00, 0xfe00,
0xfe00, 0xfe00, 0xfe00, 0xfe00, 0xfe00, 0xfe00, 0xfe00, 0xfe00, 0xfe00, 0xfe00,
0xfe00, 0xfe00, 0xfe00, 0xfe00, 0xfe00, 0xfe00, 0xfe00, 0xfe00, 0xfe00, 0xfe00,
0xfe00, 0xfe00, 0xfe00, 0xfe00, 0xfe00, 0xfe00, 0xfe00, 0xfe00, 0xfe00, 0xfe00,
0xfe00, 0xfe00, 0xfe00, 0xfe00, 0xfe00, 0xfe00, 0xfe00, 0xfe00, 0xfe00, 0xfe00,
0xfe00, 0xfe00, 0xfe00, 0xfe00, 0xfe00, 0xfe00, 0xfe00, 0xfe00, 0xfe00, 0xfe00,
0xfe00, 0xfe00, 0xfe00, 0xfe00, 0xfe00, 0xfde0, 0xfe60, 0xe5a0, 0x28e0, 0x0000,

0x0000, 0x0000, 0xbc40, 0xfea0, 0xfe00, 0xfde0, 0xfe60, 0xb440, 0x1880, 0x0020,
0x4180, 0xac00, 0xfe40, 0xfe40, 0xfde0, 0xfe00, 0xfec0, 0x9360, 0x0000, 0x0000,
0x0000, 0x0000, 0x0000, 0x0000, 0x0000, 0x0000, 0x3120, 0xedc0, 0xfe40, 0xfe00,
0xfe00, 0xfe00, 0xfe00, 0xfea0, 0x9bc0, 0x18a0, 0xfe40, 0x8320, 0x0000, 0x0000,
0x0000, 0x0000, 0x0000, 0x0000, 0x0000, 0x0000, 0x0000, 0xc4c0, 0xfe40, 0x28e0,
0x0000, 0x0000, 0x0000, 0x0000, 0x0000, 0x0000, 0x0000, 0x0000, 0x0000, 0xbc60,
0xfe80, 0xfe00, 0xfe00, 0xfe80, 0xc4a0, 0x1060, 0xc4c0, 0xfea0, 0xfec0, 0x9ba0,
0x0840, 0xf5e0, 0xf5c0, 0x18a0, 0x0000, 0x0000, 0x0000, 0x0000, 0x0000, 0x0000,
0x0000, 0x0000, 0x0000, 0xc480, 0xfe60, 0xfe80, 0xd520, 0x1880, 0x0000, 0x0000,
0x0000, 0x0000, 0x0000, 0x0000, 0x0000, 0x0000, 0x0000, 0x8320, 0xfec0, 0xfe40,
0x3960, 0x49c0, 0xfea0, 0xfe20, 0xfde0, 0xfe00, 0xfe00, 0xfe00, 0xfe00, 0xfe00,
0xfe00, 0xfde0, 0xfe60, 0xfe40, 0x4160, 0x0000, 0x8b60, 0xfe60, 0x3960, 0x0000,
0x0000, 0x0000, 0x0000, 0x0000, 0x0000, 0x0000, 0x0000, 0x9ba0, 0xd500, 0x1080,
0xcce0, 0xfe40, 0x2900, 0x0000, 0x0000, 0x0000, 0x0000, 0x0000, 0x0000, 0x0000,
0x0000, 0x0000, 0x636f, 0xbe9c, 0xadd9, 0xa5d9, 0xa5d9, 0xa5d9, 0xa5d9, 0xa5d9,
0xae1a, 0x8cd5, 0x0000, 0x8340, 0xfec0, 0xfde0, 0xfe00, 0xfe00, 0xfe00, 0xfe00,
0xfe00, 0xfe00, 0xfe00, 0xfe00, 0xfe00, 0xfe00, 0xfe00, 0xfe00, 0xfe00, 0xfe00,
0xfe00, 0xfe00, 0xfe00, 0xfe00, 0xfe00, 0xfe00, 0xfe00, 0xfe00, 0xfe00, 0xfe00,
0xfe00, 0xfe00, 0xfe00, 0xfe00, 0xfe00, 0xfe00, 0xfe00, 0xfe00, 0xfe00, 0xfe00,
0xfe00, 0xfe00, 0xfe00, 0xfe00, 0xfe00, 0xfe00, 0xfe00, 0xfe00, 0xfe00, 0xfe00,
0xfe00, 0xfe00, 0xfe00, 0xfe00, 0xfe00, 0xfe00, 0xfe00, 0xfe00, 0xfe00, 0xfe00,
0xfe00, 0xfe00, 0xfe00, 0xfe00, 0xfe00, 0xfe00, 0xfe00, 0xfe00, 0xfe00, 0xfe00,
0xfe00, 0xfe00, 0xfe00, 0xfe00, 0xfe00, 0xfe00, 0xfe00, 0xfe00, 0xfe00, 0xfe00,
0xfe00, 0xfe00, 0xfe00, 0xfe00, 0xfe00, 0xfe00, 0xfe00, 0xfe00, 0xfe00, 0xfe00,
0xfe00, 0xfe00, 0xfe00, 0xfe00, 0xfe00, 0xfe00, 0xfe00, 0xfe00, 0xfe00, 0xfe00,
0xfe00, 0xfe00, 0xfe00, 0xfe00, 0xfe00, 0xfe00, 0xfe00, 0xfe00, 0xfe00, 0xfe00,
0xfe00, 0xfe00, 0xfe00, 0xfe00, 0xfe00, 0xfe00, 0xfe00, 0xfe00, 0xfe00, 0xfe00,
0xfe00, 0xfe00, 0xfe00, 0xfe00, 0xfe00, 0xfe00, 0xfe00, 0xfe00, 0xfe00, 0xfe00,
0xfe00, 0xfe00, 0xfe00, 0xfe00, 0xfe00, 0xfe00, 0xfe00, 0xfe00, 0xfe00, 0xfe00,
0xfe00, 0xfe00, 0xfe00, 0xfe00, 0xfe00, 0xfe00, 0xfe00, 0xfe00, 0xfe00, 0xfe00,
0xfe00, 0xfe00, 0xfe00, 0xfe00, 0xfe00, 0xfe00, 0xfe00, 0xfe00, 0xfe00, 0xfe00,
0xfe00, 0xfe00, 0xfe00, 0xfe00, 0xfe00, 0xfde0, 0xfe60, 0xe5a0, 0x28e0, 0x0000,

0x0000, 0x0000, 0xbc40, 0xfea0, 0xfe00, 0xfde0, 0xfe80, 0x8340, 0x0000, 0x1060,
0x0000, 0x0000, 0x5200, 0xed80, 0xfe40, 0xfe00, 0xfec0, 0x9360, 0x0000, 0x0000,
0x0000, 0x0000, 0x0000, 0x0000, 0x0000, 0x0000, 0x3120, 0xedc0, 0xfe40, 0xfe00,
0xfe00, 0xfe00, 0xfde0, 0xfe80, 0xac40, 0x1880, 0xfe00, 0x9360, 0x0000, 0x0000,
0x0000, 0x0000, 0x0000, 0x0000, 0x0000, 0x0000, 0x0000, 0xcce0, 0xeda0, 0x1080,
0x0000, 0x0000, 0x0000, 0x0000, 0x0000, 0x0000, 0x0000, 0x0000, 0x20c0, 0xe5a0,
0xfe60, 0xfe00, 0xfe00, 0xfe80, 0xc4a0, 0x1060, 0xc4c0, 0xfe80, 0xfe80, 0xe580,
0x1040, 0xa3e0, 0xfee0, 0x5a00, 0x0000, 0x0000, 0x0000, 0x0000, 0x0000, 0x0000,
0x0000, 0x0000, 0x0000, 0x9380, 0xfe60, 0xfea0, 0xb460, 0x0000, 0x0000, 0x0000,
0x0000, 0x0000, 0x0000, 0x0000, 0x0000, 0x0000, 0x1040, 0xcd00, 0xfee0, 0xccc0,
0x0820, 0xac40, 0xfea0, 0xfde0, 0xfe00, 0xfe00, 0xfe00, 0xfe00, 0xfe00, 0xfe00,
0xfe00, 0xfe00, 0xfde0, 0xfea0, 0xc4c0, 0x0000, 0x8320, 0xfe60, 0x3960, 0x0000,
0x0000, 0x0000, 0x0000, 0x0000, 0x0000, 0x0000, 0x0000, 0x9ba0, 0xd500, 0x1060,
0xd540, 0xbca0, 0x0000, 0x0000, 0x0000, 0x0000, 0x0000, 0x0000, 0x0000, 0x0000,
0x0000, 0x18c3, 0x9d56, 0xa5fa, 0x9578, 0x9d98, 0x9d78, 0x9d98, 0x9d78, 0x9578,
0xa5d9, 0x84b5, 0x0001, 0x8340, 0xfec0, 0xfde0, 0xfe00, 0xfe00, 0xfe00, 0xfe00,
0xfe00, 0xfe00, 0xfe00, 0xfe00, 0xfe00, 0xfe00, 0xfe00, 0xfe00, 0xfe00, 0xfe00,
0xfe00, 0xfe00, 0xfe00, 0xfe00, 0xfe00, 0xfe00, 0xfe00, 0xfe00, 0xfe00, 0xfe00,
0xfe00, 0xfe00, 0xfe00, 0xfe00, 0xfe00, 0xfe00, 0xfe00, 0xfe00, 0xfe00, 0xfe00,
0xfe00, 0xfe00, 0xfe00, 0xfe00, 0xfe00, 0xfe00, 0xfe00, 0xfe00, 0xfe00, 0xfe00,
0xfe00, 0xfe00, 0xfe00, 0xfe00, 0xfe00, 0xfe00, 0xfe00, 0xfe00, 0xfe00, 0xfe00,
0xfe00, 0xfe00, 0xfe00, 0xfe00, 0xfe00, 0xfe00, 0xfe00, 0xfe00, 0xfe00, 0xfe00,
0xfe00, 0xfe00, 0xfe00, 0xfe00, 0xfe00, 0xfe00, 0xfe00, 0xfe00, 0xfe00, 0xfe00,
0xfe00, 0xfe00, 0xfe00, 0xfe00, 0xfe00, 0xfe00, 0xfe00, 0xfe00, 0xfe00, 0xfe00,
0xfe00, 0xfe00, 0xfe00, 0xfe00, 0xfe00, 0xfe00, 0xfe00, 0xfe00, 0xfe00, 0xfe00,
0xfe00, 0xfe00, 0xfe00, 0xfe00, 0xfe00, 0xfe00, 0xfe00, 0xfe00, 0xfe00, 0xfe00,
0xfe00, 0xfe00, 0xfe00, 0xfe00, 0xfe00, 0xfe00, 0xfe00, 0xfe00, 0xfe00, 0xfe00,
0xfe00, 0xfe00, 0xfe00, 0xfe00, 0xfe00, 0xfe00, 0xfe00, 0xfe00, 0xfe00, 0xfe00,
0xfe00, 0xfe00, 0xfe00, 0xfe00, 0xfe00, 0xfe00, 0xfe00, 0xfe00, 0xfe00, 0xfe00,
0xfe00, 0xfe00, 0xfe00, 0xfe00, 0xfe00, 0xfe00, 0xfe00, 0xfe00, 0xfe00, 0xfe00,
0xfe00, 0xfe00, 0xfe00, 0xfe00, 0xfe00, 0xfe00, 0xfe00, 0xfe00, 0xfe00, 0xfe00,
0xfe00, 0xfe00, 0xfe00, 0xfe00, 0xfe00, 0xfde0, 0xfe60, 0xe5a0, 0x28e0, 0x0000,

0x0000, 0x0000, 0xbc40, 0xfea0, 0xfe00, 0xfde0, 0xfe80, 0x8340, 0x0000, 0x8b20,
0x8b40, 0x0840, 0x0000, 0x4180, 0xe560, 0xfe20, 0xfec0, 0x9360, 0x0000, 0x0000,
0x0000, 0x0000, 0x0000, 0x0000, 0x0000, 0x0000, 0x3120, 0xedc0, 0xfe40, 0xfe00,
0xfe00, 0xfe00, 0xfde0, 0xfe80, 0xc4e0, 0x18a0, 0xe540, 0x9360, 0x0000, 0x0000,
0x0000, 0x0000, 0x0000, 0x0000, 0x0000, 0x0000, 0x0000, 0xd4e0, 0xcca0, 0x0000,
0x0000, 0x0000, 0x0000, 0x0000, 0x0000, 0x0000, 0x0000, 0x0000, 0x49c0, 0xfe20,
0xfe40, 0xfe00, 0xfe00, 0xfe80, 0xc4a0, 0x1060, 0xc4c0, 0xfe80, 0xfe40, 0xfe60,
0x3960, 0x5a20, 0xff00, 0x9360, 0x0000, 0x0000, 0x0000, 0x0000, 0x0000, 0x0000,
0x0000, 0x0000, 0x0000, 0x72a0, 0xfe60, 0xfea0, 0x9380, 0x0000, 0x0000, 0x0000,
0x0000, 0x0000, 0x0000, 0x0000, 0x0000, 0x0000, 0x3120, 0xfe00, 0xfea0, 0x7b00,
0x18a0, 0xedc0, 0xfe40, 0xfde0, 0xfe00, 0xfe00, 0xfe00, 0xfe00, 0xfe00, 0xfe00,
0xfe00, 0xfe00, 0xfde0, 0xfe00, 0xfe40, 0xc4a0, 0xe560, 0xfe20, 0x3960, 0x0000,
0x0000, 0x0000, 0x0000, 0x0000, 0x0000, 0x0000, 0x0000, 0x9ba0, 0xd500, 0x18a0,
0xdd40, 0x6a80, 0x0000, 0x0000, 0x0000, 0x0000, 0x0000, 0x0000, 0x0000, 0x0000,
0x0000, 0x4a8a, 0xbe7b, 0xadf9, 0xa5b9, 0xa5d9, 0xadd9, 0xadd9, 0xa5b8, 0xa5b9,
0xae1a, 0x9516, 0x0001, 0x8340, 0xfec0, 0xfde0, 0xfe00, 0xfe00, 0xfe00, 0xfe00,
0xfe00, 0xfe00, 0xfe00, 0xfe00, 0xfe00, 0xfe00, 0xfe00, 0xfe00, 0xfe00, 0xfe00,
0xfe00, 0xfe00, 0xfe00, 0xfe00, 0xfe00, 0xfe00, 0xfe00, 0xfe00, 0xfe00, 0xfe00,
0xfe00, 0xfe00, 0xfe00, 0xfe00, 0xfe00, 0xfe00, 0xfe00, 0xfe00, 0xfe00, 0xfe00,
0xfe00, 0xfe00, 0xfe00, 0xfe00, 0xfe00, 0xfe00, 0xfe00, 0xfe00, 0xfe00, 0xfe00,
0xfe00, 0xfe00, 0xfe00, 0xfe00, 0xfe00, 0xfe00, 0xfe00, 0xfe00, 0xfe00, 0xfe00,
0xfe00, 0xfe00, 0xfe00, 0xfe00, 0xfe00, 0xfe00, 0xfe00, 0xfe00, 0xfe00, 0xfe00,
0xfe00, 0xfe00, 0xfe00, 0xfe00, 0xfe00, 0xfe00, 0xfe00, 0xfe00, 0xfe00, 0xfe00,
0xfe00, 0xfe00, 0xfe00, 0xfe00, 0xfe00, 0xfe00, 0xfe00, 0xfe00, 0xfe00, 0xfe00,
0xfe00, 0xfe00, 0xfe00, 0xfe00, 0xfe00, 0xfe00, 0xfe00, 0xfe00, 0xfe00, 0xfe00,
0xfe00, 0xfe00, 0xfe00, 0xfe00, 0xfe00, 0xfe00, 0xfe00, 0xfe00, 0xfe00, 0xfe00,
0xfe00, 0xfe00, 0xfe00, 0xfe00, 0xfe00, 0xfe00, 0xfe00, 0xfe00, 0xfe00, 0xfe00,
0xfe00, 0xfe00, 0xfe00, 0xfe00, 0xfe00, 0xfe00, 0xfe00, 0xfe00, 0xfe00, 0xfe00,
0xfe00, 0xfe00, 0xfe00, 0xfe00, 0xfe00, 0xfe00, 0xfe00, 0xfe00, 0xfe00, 0xfe00,
0xfe00, 0xfe00, 0xfe00, 0xfe00, 0xfe00, 0xfe00, 0xfe00, 0xfe00, 0xfe00, 0xfe00,
0xfe00, 0xfe00, 0xfe00, 0xfe00, 0xfe00, 0xfe00, 0xfe00, 0xfe00, 0xfe00, 0xfe00,
0xfe00, 0xfe00, 0xfe00, 0xfe00, 0xfe00, 0xfde0, 0xfe60, 0xe5a0, 0x28e0, 0x0000,

0x0000, 0x0000, 0xbc40, 0xfea0, 0xfe00, 0xfde0, 0xfe80, 0x9380, 0x0000, 0x3940,
0xa3c0, 0x72c0, 0x1080, 0x0000, 0x6240, 0xf5c0, 0xfea0, 0x9360, 0x0000, 0x0000,
0x0000, 0x0000, 0x0000, 0x0000, 0x0000, 0x0000, 0x3120, 0xedc0, 0xfe40, 0xfe00,
0xfe00, 0xfe00, 0xfde0, 0xfe80, 0xbc80, 0x18a0, 0xf5e0, 0x9360, 0x0000, 0x0000,
0x0000, 0x0000, 0x0000, 0x0000, 0x0000, 0x0000, 0x0840, 0xe540, 0xac00, 0x0000,
0x0000, 0x0000, 0x0000, 0x0000, 0x0000, 0x0000, 0x0000, 0x0000, 0x7ae0, 0xfe80,
0xfe20, 0xfe00, 0xfe00, 0xfe80, 0xc4a0, 0x1060, 0xc4c0, 0xfe80, 0xfe00, 0xfec0,
0x72a0, 0x2900, 0xfea0, 0xb460, 0x0000, 0x0000, 0x0000, 0x0000, 0x0000, 0x0000,
0x0000, 0x0000, 0x0000, 0x5200, 0xfe40, 0xfec0, 0x6a80, 0x0000, 0x0000, 0x0000,
0x0000, 0x0000, 0x0000, 0x0000, 0x0000, 0x0000, 0x6a60, 0xfe60, 0xfe80, 0x41a0,
0x51e0, 0xfe60, 0xfe00, 0xfe00, 0xfe00, 0xfe00, 0xfe00, 0xfe00, 0xfe00, 0xfe00,
0xfe00, 0xfe00, 0xfe00, 0xfde0, 0xfe00, 0xfe60, 0xfe80, 0xfe00, 0x3960, 0x0000,
0x0000, 0x0000, 0x0000, 0x0000, 0x0000, 0x0000, 0x0000, 0x9ba0, 0xd500, 0x2920,
0xac00, 0x2900, 0x0000, 0x0000, 0x0000, 0x0000, 0x0000, 0x0000, 0x0000, 0x0000,
0x0861, 0x94f4, 0xb65b, 0xa5d9, 0xadd9, 0xa5d9, 0xadd9, 0xadd9, 0xadd9, 0xa5d9,
0xae1a, 0x9516, 0x0001, 0x8340, 0xfec0, 0xfde0, 0xfe00, 0xfe00, 0xfe00, 0xfe00,
0xfe00, 0xfe00, 0xfe00, 0xfe00, 0xfe00, 0xfe00, 0xfe00, 0xfe00, 0xfe00, 0xfe00,
0xfe00, 0xfe00, 0xfe00, 0xfe00, 0xfe00, 0xfe00, 0xfe00, 0xfe00, 0xfe00, 0xfe00,
0xfe00, 0xfe00, 0xfe00, 0xfe00, 0xfe00, 0xfe00, 0xfe00, 0xfe00, 0xfe00, 0xfe00,
0xfe00, 0xfe00, 0xfe00, 0xfe00, 0xfe00, 0xfe00, 0xfe00, 0xfe00, 0xfe00, 0xfe00,
0xfe00, 0xfe00, 0xfe00, 0xfe00, 0xfe00, 0xfe00, 0xfe00, 0xfe00, 0xfe00, 0xfe00,
0xfe00, 0xfe00, 0xfe00, 0xfe00, 0xfe00, 0xfe00, 0xfe00, 0xfe00, 0xfe00, 0xfe00,
0xfe00, 0xfe00, 0xfe00, 0xfe00, 0xfe00, 0xfe00, 0xfe00, 0xfe00, 0xfe00, 0xfe00,
0xfe00, 0xfe00, 0xfe00, 0xfe00, 0xfe00, 0xfe00, 0xfe00, 0xfe00, 0xfe00, 0xfe00,
0xfe00, 0xfe00, 0xfe00, 0xfe00, 0xfe00, 0xfe00, 0xfe00, 0xfe00, 0xfe00, 0xfe00,
0xfe00, 0xfe00, 0xfe00, 0xfe00, 0xfe00, 0xfe00, 0xfe00, 0xfe00, 0xfe00, 0xfe00,
0xfe00, 0xfe00, 0xfe00, 0xfe00, 0xfe00, 0xfe00, 0xfe00, 0xfe00, 0xfe00, 0xfe00,
0xfe00, 0xfe00, 0xfe00, 0xfe00, 0xfe00, 0xfe00, 0xfe00, 0xfe00, 0xfe00, 0xfe00,
0xfe00, 0xfe00, 0xfe00, 0xfe00, 0xfe00, 0xfe00, 0xfe00, 0xfe00, 0xfe00, 0xfe00,
0xfe00, 0xfe00, 0xfe00, 0xfe00, 0xfe00, 0xfe00, 0xfe00, 0xfe00, 0xfe00, 0xfe00,
0xfe00, 0xfe00, 0xfe00, 0xfe00, 0xfe00, 0xfe00, 0xfe00, 0xfe00, 0xfe00, 0xfe00,
0xfe00, 0xfe00, 0xfe00, 0xfe00, 0xfe00, 0xfde0, 0xfe60, 0xe5a0, 0x28e0, 0x0000,

0x0000, 0x0000, 0xbc40, 0xfea0, 0xfe00, 0xfe00, 0xfe40, 0xdd20, 0x20c0, 0x0000,
0x6240, 0xac00, 0x72a0, 0x0000, 0x0840, 0xa3c0, 0xfe40, 0x8b40, 0x0000, 0x0000,
0x0000, 0x0000, 0x0000, 0x0000, 0x0000, 0x0000, 0x3120, 0xedc0, 0xfe40, 0xfe00,
0xfe00, 0xfe00, 0xfe00, 0xfe80, 0xa400, 0x18a0, 0xfe40, 0x8b40, 0x0000, 0x0000,
0x0000, 0x0000, 0x0000, 0x0000, 0x0000, 0x0000, 0x1080, 0xed80, 0x9380, 0x0000,
0x0000, 0x0000, 0x0000, 0x0000, 0x0000, 0x0000, 0x0000, 0x0000, 0x9b80, 0xfec0,
0xfe00, 0xfe00, 0xfe00, 0xfe80, 0xc4a0, 0x1060, 0xc4c0, 0xfea0, 0xfde0, 0xfea0,
0xa400, 0x1060, 0xedc0, 0xdd60, 0x1060, 0x0000, 0x0000, 0x0000, 0x0000, 0x0000,
0x0000, 0x0000, 0x0000, 0x3960, 0xfde0, 0xfea0, 0x51e0, 0x0000, 0x0000, 0x0000,
0x0000, 0x0000, 0x0000, 0x0000, 0x0000, 0x0000, 0xa3e0, 0xfec0, 0xed80, 0x20a0,
0x8320, 0xfe80, 0xfde0, 0xfe00, 0xfe00, 0xfe00, 0xfe00, 0xfe00, 0xfe00, 0xfe00,
0xfe00, 0xfe00, 0xfe00, 0xfe00, 0xfe00, 0xfde0, 0xfe40, 0xfe00, 0x3960, 0x0000,
0x0000, 0x0000, 0x0000, 0x0000, 0x0000, 0x0000, 0x0000, 0x9ba0, 0xd500, 0x2900,
0x41a0, 0x0020, 0x0000, 0x0000, 0x0000, 0x0000, 0x0000, 0x0000, 0x0000, 0x0000,
0x2104, 0xb61a, 0xa5d9, 0xa5d9, 0xa5d9, 0xa5d9, 0xa5b9, 0xa5b8, 0xa5d9, 0xa5d8,
0xae1a, 0x8cf5, 0x0000, 0x8340, 0xfec0, 0xfde0, 0xfe00, 0xfe00, 0xfe00, 0xfe00,
0xfe00, 0xfe00, 0xfe00, 0xfe00, 0xfe00, 0xfe00, 0xfe00, 0xfe00, 0xfe00, 0xfe00,
0xfe00, 0xfe00, 0xfe00, 0xfe00, 0xfe00, 0xfe00, 0xfe00, 0xfe00, 0xfe00, 0xfe00,
0xfe00, 0xfe00, 0xfe00, 0xfe00, 0xfe00, 0xfe00, 0xfe00, 0xfe00, 0xfe00, 0xfe00,
0xfe00, 0xfe00, 0xfe00, 0xfe00, 0xfe00, 0xfe00, 0xfe00, 0xfe00, 0xfe00, 0xfe00,
0xfe00, 0xfe00, 0xfe00, 0xfe00, 0xfe00, 0xfe00, 0xfe00, 0xfe00, 0xfe00, 0xfe00,
0xfe00, 0xfe00, 0xfe00, 0xfe00, 0xfe00, 0xfe00, 0xfe00, 0xfe00, 0xfe00, 0xfe00,
0xfe00, 0xfe00, 0xfe00, 0xfe00, 0xfe00, 0xfe00, 0xfe00, 0xfe00, 0xfe00, 0xfe00,
0xfe00, 0xfe00, 0xfe00, 0xfe00, 0xfe00, 0xfe00, 0xfe00, 0xfe00, 0xfe00, 0xfe00,
0xfe00, 0xfe00, 0xfe00, 0xfe00, 0xfe00, 0xfe00, 0xfe00, 0xfe00, 0xfe00, 0xfe00,
0xfe00, 0xfe00, 0xfe00, 0xfe00, 0xfe00, 0xfe00, 0xfe00, 0xfe00, 0xfe00, 0xfe00,
0xfe00, 0xfe00, 0xfe00, 0xfe00, 0xfe00, 0xfe00, 0xfe00, 0xfe00, 0xfe00, 0xfe00,
0xfe00, 0xfe00, 0xfe00, 0xfe00, 0xfe00, 0xfe00, 0xfe00, 0xfe00, 0xfe00, 0xfe00,
0xfe00, 0xfe00, 0xfe00, 0xfe00, 0xfe00, 0xfe00, 0xfe00, 0xfe00, 0xfe00, 0xfe00,
0xfe00, 0xfe00, 0xfe00, 0xfe00, 0xfe00, 0xfe00, 0xfe00, 0xfe00, 0xfe00, 0xfe00,
0xfe00, 0xfe00, 0xfe00, 0xfe00, 0xfe00, 0xfe00, 0xfe00, 0xfe00, 0xfe00, 0xfe00,
0xfe00, 0xfe00, 0xfe00, 0xfe00, 0xfe00, 0xfde0, 0xfe60, 0xe5a0, 0x28e0, 0x0000,

0x0000, 0x0000, 0xbc40, 0xfea0, 0xfe00, 0xfe00, 0xfe00, 0xfe60, 0x9ba0, 0x0000,
0x18a0, 0xabe0, 0xc4a0, 0x3140, 0x0000, 0x5200, 0xed80, 0x8320, 0x0000, 0x0000,
0x0000, 0x0000, 0x0000, 0x0000, 0x0000, 0x0000, 0x3120, 0xedc0, 0xfe40, 0xfe00,
0xfe00, 0xfe00, 0xfe00, 0xfea0, 0x9380, 0x20c0, 0xfe00, 0x72a0, 0x0000, 0x0000,
0x0000, 0x0000, 0x0000, 0x0000, 0x0000, 0x0000, 0x18a0, 0xe5c0, 0x72c0, 0x0000,
0x0000, 0x0000, 0x0000, 0x0000, 0x0000, 0x0000, 0x0000, 0x0020, 0xc480, 0xfea0,
0xfe00, 0xfe00, 0xfe00, 0xfe80, 0xc4a0, 0x1060, 0xc4c0, 0xfea0, 0xfde0, 0xfe60,
0xd500, 0x1880, 0xcce0, 0xfe60, 0x3940, 0x0000, 0x0000, 0x0000, 0x0000, 0x0000,
0x0000, 0x0000, 0x0000, 0x28e0, 0xeda0, 0xfe60, 0x3960, 0x0000, 0x0000, 0x0000,
0x0000, 0x0000, 0x0000, 0x0000, 0x0000, 0x0820, 0xccc0, 0xff00, 0xc4a0, 0x1060,
0xbc80, 0xfe40, 0xfde0, 0xfe00, 0xfe00, 0xfe00, 0xfe00, 0xfe00, 0xfe00, 0xfe00,
0xfe00, 0xfe00, 0xfe00, 0xfe00, 0xfe00, 0xfde0, 0xfe40, 0xfe00, 0x3960, 0x0000,
0x0000, 0x0000, 0x0000, 0x0000, 0x0000, 0x0000, 0x0000, 0x9ba0, 0xe560, 0x1080,
0x0000, 0x0000, 0x0000, 0x0000, 0x0000, 0x0000, 0x0000, 0x0000, 0x0000, 0x0000,
0x1904, 0xa5d9, 0x9d98, 0x9d78, 0x9d78, 0x9d78, 0x9d78, 0x9d78, 0x9d98, 0x9d98,
0xa5d9, 0x84b5, 0x0000, 0x8340, 0xfec0, 0xfde0, 0xfe00, 0xfe00, 0xfe00, 0xfe00,
0xfe00, 0xfe00, 0xfe00, 0xfe00, 0xfe00, 0xfe00, 0xfe00, 0xfe00, 0xfe00, 0xfe00,
0xfe00, 0xfe00, 0xfe00, 0xfe00, 0xfe00, 0xfe00, 0xfe00, 0xfe00, 0xfe00, 0xfe00,
0xfe00, 0xfe00, 0xfe00, 0xfe00, 0xfe00, 0xfe00, 0xfe00, 0xfe00, 0xfe00, 0xfe00,
0xfe00, 0xfe00, 0xfe00, 0xfe00, 0xfe00, 0xfe00, 0xfe00, 0xfe00, 0xfe00, 0xfe00,
0xfe00, 0xfe00, 0xfe00, 0xfe00, 0xfe00, 0xfe00, 0xfe00, 0xfe00, 0xfe00, 0xfe00,
0xfe00, 0xfe00, 0xfe00, 0xfe00, 0xfe00, 0xfe00, 0xfe00, 0xfe00, 0xfe00, 0xfe00,
0xfe00, 0xfe00, 0xfe00, 0xfe00, 0xfe00, 0xfe00, 0xfe00, 0xfe00, 0xfe00, 0xfe00,
0xfe00, 0xfe00, 0xfe00, 0xfe00, 0xfe00, 0xfe00, 0xfe00, 0xfe00, 0xfe00, 0xfe00,
0xfe00, 0xfe00, 0xfe00, 0xfe00, 0xfe00, 0xfe00, 0xfe00, 0xfe00, 0xfe00, 0xfe00,
0xfe00, 0xfe00, 0xfe00, 0xfe00, 0xfe00, 0xfe00, 0xfe00, 0xfe00, 0xfe00, 0xfe00,
0xfe00, 0xfe00, 0xfe00, 0xfe00, 0xfe00, 0xfe00, 0xfe00, 0xfe00, 0xfe00, 0xfe00,
0xfe00, 0xfe00, 0xfe00, 0xfe00, 0xfe00, 0xfe00, 0xfe00, 0xfe00, 0xfe00, 0xfe00,
0xfe00, 0xfe00, 0xfe00, 0xfe00, 0xfe00, 0xfe00, 0xfe00, 0xfe00, 0xfe00, 0xfe00,
0xfe00, 0xfe00, 0xfe00, 0xfe00, 0xfe00, 0xfe00, 0xfe00, 0xfe00, 0xfe00, 0xfe00,
0xfe00, 0xfe00, 0xfe00, 0xfe00, 0xfe00, 0xfe00, 0xfe00, 0xfe00, 0xfe00, 0xfe00,
0xfe00, 0xfe00, 0xfe00, 0xfe00, 0xfe00, 0xfde0, 0xfe60, 0xe5a0, 0x28e0, 0x0000,

0x0000, 0x0000, 0xbc40, 0xfea0, 0xfe00, 0xfe00, 0xfe00, 0xfe00, 0xf5a0, 0x49c0,
0x0000, 0x6a80, 0xe540, 0x6260, 0x0000, 0x2900, 0xc480, 0x7ae0, 0x0000, 0x0000,
0x0000, 0x0000, 0x0000, 0x0000, 0x0000, 0x0000, 0x3120, 0xedc0, 0xfe40, 0xfe00,
0xfe00, 0xfe00, 0xfe00, 0xfec0, 0x6240, 0x4180, 0xfe20, 0x51e0, 0x0000, 0x0000,
0x0000, 0x0000, 0x0000, 0x0000, 0x0000, 0x0000, 0x3120, 0xedc0, 0x5a20, 0x0000,
0x0000, 0x0000, 0x0000, 0x0000, 0x0000, 0x0000, 0x0000, 0x1880, 0xd520, 0xfe80,
0xfe00, 0xfe00, 0xfe00, 0xfe80, 0xc4a0, 0x1060, 0xc4c0, 0xfea0, 0xfde0, 0xfe40,
0xedc0, 0x20c0, 0xa3e0, 0xfee0, 0x49a0, 0x0000, 0x0000, 0x0000, 0x0000, 0x0000,
0x0000, 0x0000, 0x0000, 0x1060, 0xe5a0, 0xf620, 0x2900, 0x0000, 0x0000, 0x0000,
0x0000, 0x0000, 0x0000, 0x0000, 0x0000, 0x20e0, 0xe560, 0xfee0, 0xa3e0, 0x1080,
0xed80, 0xfe20, 0xfe00, 0xfe00, 0xfe00, 0xfe00, 0xfe00, 0xfe00, 0xfe00, 0xfe00,
0xfe00, 0xfe00, 0xfe00, 0xfe00, 0xfe00, 0xfde0, 0xfe40, 0xfe00, 0x3960, 0x0000,
0x0000, 0x0000, 0x0000, 0x0000, 0x0000, 0x0000, 0x0000, 0x9ba0, 0xed80, 0x1880,
0x0000, 0x0000, 0x0000, 0x0000, 0x0000, 0x0000, 0x0000, 0x0000, 0x0000, 0x0000,
0x1904, 0xb61a, 0xae1a, 0xadf9, 0xadf9, 0xadf9, 0xadf9, 0xadf9, 0xb61a, 0xadf9,
0xb65b, 0x9516, 0x0000, 0x8340, 0xfec0, 0xfde0, 0xfde0, 0xfde0, 0xfde0, 0xfde0,
0xfde0, 0xfde0, 0xfde0, 0xfde0, 0xfde0, 0xfde0, 0xfde0, 0xfde0, 0xfe00, 0xfe00,
0xfe00, 0xfe00, 0xfe00, 0xfe00, 0xfe00, 0xfe00, 0xfe00, 0xfe00, 0xfe00, 0xfe00,
0xfe00, 0xfe00, 0xfe00, 0xfe00, 0xfe00, 0xfe00, 0xfe00, 0xfe00, 0xfe00, 0xfe00,
0xfe00, 0xfe00, 0xfe00, 0xfde0, 0xfde0, 0xfde0, 0xfde0, 0xfde0, 0xfde0, 0xfde0,
0xfde0, 0xfde0, 0xfde0, 0xfde0, 0xfde0, 0xfe00, 0xfe00, 0xfe00, 0xfe00, 0xfe00,
0xfe00, 0xfe00, 0xfe00, 0xfe00, 0xfe00, 0xfe00, 0xfe00, 0xfe00, 0xfe00, 0xfe00,
0xfe00, 0xfe00, 0xfe00, 0xfe00, 0xfe00, 0xfe00, 0xfe00, 0xfe00, 0xfe00, 0xfe00,
0xfe00, 0xfe00, 0xfe00, 0xfe00, 0xfe00, 0xfe00, 0xfe00, 0xfe00, 0xfe00, 0xfe00,
0xfe00, 0xfe00, 0xfe00, 0xfe00, 0xfe00, 0xfe00, 0xfe00, 0xfe00, 0xfe00, 0xfe00,
0xfe00, 0xfe00, 0xfe00, 0xfe00, 0xfe00, 0xfe00, 0xfe00, 0xfe00, 0xfe00, 0xfe00,
0xfe00, 0xfe00, 0xfe00, 0xfe00, 0xfe00, 0xfe00, 0xfe00, 0xfe00, 0xfe00, 0xfe00,
0xfe00, 0xfe00, 0xfe00, 0xfe00, 0xfe00, 0xfe00, 0xfe00, 0xfe00, 0xfe00, 0xfe00,
0xfe00, 0xfe00, 0xfe00, 0xfe00, 0xfe00, 0xfe00, 0xfe00, 0xfe00, 0xfe00, 0xfe00,
0xfe00, 0xfe00, 0xfe00, 0xfe00, 0xfe00, 0xfe00, 0xfe00, 0xfe00, 0xfe00, 0xfe00,
0xfe00, 0xfe00, 0xfe00, 0xfe00, 0xfe00, 0xfe00, 0xfe00, 0xfe00, 0xfe00, 0xfe00,
0xfe00, 0xfe00, 0xfe00, 0xfe00, 0xfe00, 0xfde0, 0xfe60, 0xe5a0, 0x28e0, 0x0000,

0x0000, 0x0000, 0xbc40, 0xfea0, 0xfe00, 0xfe00, 0xfe00, 0xfe00, 0xfe20, 0xbc60,
0x0820, 0x0840, 0xb440, 0x72a0, 0x0000, 0x18a0, 0xac00, 0x6a80, 0x0000, 0x0000,
0x0000, 0x0000, 0x0000, 0x0000, 0x0000, 0x0000, 0x3120, 0xedc0, 0xfe40, 0xfde0,
0xfde0, 0xfde0, 0xfe80, 0xf620, 0x20c0, 0x9360, 0xf620, 0x20c0, 0x0000, 0x0000,
0x0000, 0x0000, 0x0000, 0x0000, 0x0000, 0x0000, 0x5200, 0xf600, 0x41a0, 0x0000,
0x0000, 0x0000, 0x0000, 0x0000, 0x0000, 0x0000, 0x0000, 0x28e0, 0xedc0, 0xfe80,
0xfde0, 0xfe00, 0xfe00, 0xfe80, 0xc4a0, 0x1060, 0xc4c0, 0xfea0, 0xfde0, 0xfe20,
0xfe00, 0x3120, 0x8320, 0xfee0, 0x6220, 0x0000, 0x0000, 0x0000, 0x0000, 0x0000,
0x0000, 0x0000, 0x0000, 0x0020, 0xdd60, 0xedc0, 0x20a0, 0x0000, 0x0000, 0x0000,
0x0000, 0x0000, 0x0000, 0x0000, 0x0000, 0x3960, 0xfde0, 0xfec0, 0x7ae0, 0x3140,
0xf5e0, 0xfe20, 0xfe00, 0xfe00, 0xfe00, 0xfe00, 0xfe00, 0xfe00, 0xfe00, 0xfe00,
0xfe00, 0xfe00, 0xfe00, 0xfe00, 0xfe00, 0xfde0, 0xfe40, 0xfe00, 0x3960, 0x0000,
0x0000, 0x0000, 0x0000, 0x0000, 0x0000, 0x0000, 0x0000, 0x9ba0, 0xeda0, 0x18a0,
0x0000, 0x0000, 0x0000, 0x0000, 0x0000, 0x0000, 0x0000, 0x0000, 0x0000, 0x49a0,
0x2964, 0xb61a, 0xb61a, 0xadf9, 0xae19, 0xae19, 0xae19, 0xae19, 0xb61a, 0xadf9,
0xb65b, 0x9516, 0x0001, 0x8340, 0xfec0, 0xfde0, 0xfe20, 0xfe40, 0xfe80, 0xfea0,
0xfec0, 0xfee0, 0xfee0, 0xfee0, 0xfec0, 0xfea0, 0xfe60, 0xfe20, 0xfe00, 0xfde0,
0xfe00, 0xfe00, 0xfe00, 0xfe00, 0xfe00, 0xfe00, 0xfe00, 0xfe00, 0xfe00, 0xfe00,
0xfe00, 0xfe00, 0xfe00, 0xfe00, 0xfe00, 0xfe00, 0xfe00, 0xfe00, 0xfe00, 0xfe00,
0xfde0, 0xfde0, 0xfe00, 0xfe20, 0xfe60, 0xfea0, 0xfec0, 0xfee0, 0xfee0, 0xfee0,
0xfec0, 0xfea0, 0xfe80, 0xfe40, 0xfe00, 0xfde0, 0xfe00, 0xfe00, 0xfe00, 0xfe00,
0xfe00, 0xfe00, 0xfe00, 0xfe00, 0xfe00, 0xfe00, 0xfe00, 0xfe00, 0xfe00, 0xfe00,
0xfe00, 0xfe00, 0xfe00, 0xfe00, 0xfe00, 0xfe00, 0xfe00, 0xfe00, 0xfe00, 0xfe00,
0xfe00, 0xfe00, 0xfe00, 0xfe00, 0xfe00, 0xfe00, 0xfe00, 0xfe00, 0xfe00, 0xfe00,
0xfe00, 0xfe00, 0xfe00, 0xfe00, 0xfe00, 0xfe00, 0xfe00, 0xfe00, 0xfe00, 0xfe00,
0xfe00, 0xfe00, 0xfe00, 0xfe00, 0xfe00, 0xfe00, 0xfe00, 0xfe00, 0xfe00, 0xfe00,
0xfe00, 0xfe00, 0xfe00, 0xfe00, 0xfe00, 0xfe00, 0xfe00, 0xfe00, 0xfe00, 0xfe00,
0xfe00, 0xfe00, 0xfe00, 0xfe00, 0xfe00, 0xfe00, 0xfe00, 0xfe00, 0xfe00, 0xfe00,
0xfe00, 0xfe00, 0xfe00, 0xfe00, 0xfe00, 0xfe00, 0xfe00, 0xfe00, 0xfe00, 0xfe00,
0xfe00, 0xfe00, 0xfe00, 0xfe00, 0xfe00, 0xfe00, 0xfe00, 0xfe00, 0xfe00, 0xfe00,
0xfe00, 0xfe00, 0xfe00, 0xfe00, 0xfe00, 0xfe00, 0xfe00, 0xfe00, 0xfe00, 0xfe00,
0xfe00, 0xfe00, 0xfe00, 0xfe00, 0xfe00, 0xfde0, 0xfe60, 0xe5a0, 0x28e0, 0x0000,

0x0000, 0x0000, 0xbc40, 0xfea0, 0xfe00, 0xfe00, 0xfe00, 0xfe00, 0xfe00, 0xfde0,
0x5a20, 0x0000, 0x5a00, 0x49c0, 0x0000, 0x28e0, 0x9bc0, 0x6240, 0x0000, 0x0000,
0x0000, 0x0000, 0x0000, 0x0000, 0x0000, 0x0000, 0x3120, 0xedc0, 0xfe60, 0xfe40,
0xfe60, 0xfea0, 0xff20, 0x8320, 0x0000, 0xedc0, 0xbc80, 0x0000, 0x0000, 0x0000,
0x0000, 0x0000, 0x0000, 0x0000, 0x0000, 0x0000, 0x72c0, 0xfe20, 0x3120, 0x0000,
0x0000, 0x0000, 0x0000, 0x0000, 0x0000, 0x0000, 0x0000, 0x3140, 0xf600, 0xfe60,
0xfde0, 0xfe00, 0xfe00, 0xfe80, 0xc4a0, 0x1060, 0xc4c0, 0xfea0, 0xfde0, 0xfe20,
0xfe20, 0x49a0, 0x6280, 0xff00, 0x7ae0, 0x0000, 0x0000, 0x0000, 0x0000, 0x0000,
0x0000, 0x0000, 0x0000, 0x0000, 0xd520, 0xdd80, 0x1060, 0x0000, 0x0000, 0x0000,
0x0000, 0x0000, 0x0000, 0x0000, 0x0000, 0x51e0, 0xfe60, 0xfec0, 0x51e0, 0x49c0,
0xfe20, 0xfe00, 0xfe00, 0xfe00, 0xfe00, 0xfe00, 0xfe00, 0xfe00, 0xfe00, 0xfe00,
0xfe00, 0xfe00, 0xfe00, 0xfe00, 0xfe00, 0xfde0, 0xfe40, 0xfe00, 0x3960, 0x0000,
0x0000, 0x0000, 0x0000, 0x0000, 0x0000, 0x0000, 0x0000, 0x9ba0, 0xe560, 0x0820,
0x0000, 0x0000, 0x0000, 0x0000, 0x0000, 0x0000, 0x0000, 0x0000, 0x2920, 0xa3a0,
0x3184, 0xadfa, 0xb61a, 0xadf9, 0xadf9, 0xadf9, 0xadf9, 0xadf9, 0xadf9, 0xadf9,
0xb65a, 0x9515, 0x0000, 0x8340, 0xff00, 0xfe80, 0xfe80, 0xf5e0, 0xd500, 0xac20,
0x9bc0, 0x8340, 0x8b40, 0x8b40, 0x9bc0, 0xb440, 0xdd40, 0xfe20, 0xfe80, 0xfe60,
0xfe20, 0xfde0, 0xfe00, 0xfe00, 0xfe00, 0xfe00, 0xfe00, 0xfe00, 0xfe00, 0xfe00,
0xfe00, 0xfe00, 0xfe00, 0xfe00, 0xfe00, 0xfe00, 0xfe00, 0xfe00, 0xfe00, 0xfe00,
0xfe20, 0xfe80, 0xfe80, 0xfe00, 0xdd40, 0xb460, 0x9bc0, 0x8340, 0x8b40, 0x8340,
0x93a0, 0xb440, 0xcce0, 0xf5e0, 0xfe60, 0xfe80, 0xfe40, 0xfe60, 0xfe80, 0xfe80,
0xfe80, 0xfe80, 0xfe80, 0xfe80, 0xfe80, 0xfe80, 0xfe80, 0xfe80, 0xfe80, 0xfe80,
0xfe80, 0xfe80, 0xfe80, 0xfe20, 0xfde0, 0xfe00, 0xfe00, 0xfe00, 0xfe00, 0xfe00,
0xfe00, 0xfe00, 0xfe60, 0xfe80, 0xfe80, 0xfe80, 0xfe80, 0xfe80, 0xfe80, 0xfe80,
0xfe80, 0xfe80, 0xfe80, 0xfe80, 0xfe80, 0xfe80, 0xfe80, 0xfe80, 0xfe60, 0xfe00,
0xfe00, 0xfe00, 0xfe00, 0xfe00, 0xfe00, 0xfe00, 0xfe00, 0xfe00, 0xfe00, 0xfe00,
0xfe00, 0xfe00, 0xfe00, 0xfe00, 0xfe00, 0xfe00, 0xfe00, 0xfe00, 0xfe00, 0xfe00,
0xfe00, 0xfe00, 0xfe00, 0xfe00, 0xfe00, 0xfe00, 0xfe00, 0xfe00, 0xfe00, 0xfe00,
0xfe00, 0xfe00, 0xfe00, 0xfe00, 0xfe00, 0xfe00, 0xfe00, 0xfe00, 0xfe00, 0xfe00,
0xfe00, 0xfe00, 0xfe00, 0xfe00, 0xfe00, 0xfe00, 0xfe00, 0xfe00, 0xfe00, 0xfe00,
0xfe00, 0xfe00, 0xfe00, 0xfe00, 0xfe00, 0xfe00, 0xfe00, 0xfe00, 0xfe00, 0xfe00,
0xfe00, 0xfe00, 0xfe00, 0xfe00, 0xfe00, 0xfde0, 0xfe60, 0xe5a0, 0x28e0, 0x0000,

0x0000, 0x0000, 0xbc40, 0xfea0, 0xfe00, 0xfe00, 0xfe00, 0xfe00, 0xfe00, 0xfe20,
0xccc0, 0x1060, 0x0000, 0x1060, 0x0000, 0x3960, 0x9bc0, 0x5a20, 0x0000, 0x0000,
0x0000, 0x0000, 0x0000, 0x0000, 0x0000, 0x0000, 0x3120, 0xf5e0, 0xfe20, 0xcce0,
0xb440, 0x9bc0, 0x5a20, 0x0000, 0x9bc0, 0xfec0, 0x41a0, 0x0000, 0x0000, 0x0000,
0x0000, 0x0000, 0x0000, 0x0000, 0x0000, 0x0000, 0xa3c0, 0xfe40, 0x1080, 0x0000,
0x0000, 0x0000, 0x0000, 0x0000, 0x0000, 0x0000, 0x0000, 0x49a0, 0xfe20, 0xfe40,
0xfde0, 0xfe00, 0xfe00, 0xfe80, 0xc4a0, 0x1060, 0xc4c0, 0xfea0, 0xfde0, 0xfe00,
0xfe40, 0x5a00, 0x49c0, 0xff20, 0x9360, 0x0000, 0x0000, 0x0000, 0x0000, 0x0000,
0x0000, 0x0000, 0x0000, 0x0000, 0xc4c0, 0xd540, 0x0000, 0x0000, 0x0000, 0x0000,
0x0000, 0x0000, 0x0000, 0x0000, 0x0000, 0x6a80, 0xfe80, 0xfe80, 0x4180, 0x6a80,
0xfe60, 0xfe00, 0xfe00, 0xfe00, 0xfe00, 0xfe00, 0xfe00, 0xfe00, 0xfe00, 0xfe00,
0xfe00, 0xfe00, 0xfe00, 0xfe00, 0xfe00, 0xfde0, 0xfe40, 0xfe00, 0x3960, 0x0000,
0x0000, 0x0000, 0x0000, 0x0000, 0x0000, 0x0000, 0x0000, 0x9ba0, 0x9ba0, 0x0000,
0x0000, 0x0000, 0x0000, 0x0000, 0x0000, 0x0000, 0x0000, 0x0000, 0x8300, 0xcca0,
0x2944, 0xadfa, 0xb63a, 0xadf9, 0xae19, 0xadf9, 0xae19, 0xadf9, 0xae19, 0xadf9,
0xb65b, 0x9536, 0x0001, 0x8b80, 0xfe60, 0x9380, 0x49a0, 0x1860, 0x0820, 0x0000,
0x0000, 0x0000, 0x0000, 0x0000, 0x0000, 0x0000, 0x1040, 0x28e0, 0x6a60, 0xb440,
0xfe00, 0xfe80, 0xfe60, 0xfe00, 0xfde0, 0xfe00, 0xfe00, 0xfe00, 0xfe00, 0xfe00,
0xfe00, 0xfe00, 0xfe00, 0xfe00, 0xfe00, 0xfe00, 0xfde0, 0xfe20, 0xfe60, 0xfe80,
0xf5c0, 0xa3e0, 0x5a00, 0x20a0, 0x1040, 0x0000, 0x0000, 0x0000, 0x0000, 0x0000,
0x0000, 0x0000, 0x0820, 0x1860, 0x49a0, 0x9bc0, 0xbc60, 0x8320, 0x7ae0, 0x7ae0,
0x72a0, 0x72c0, 0x72c0, 0x72c0, 0x72a0, 0x72c0, 0x72c0, 0x72c0, 0x72c0, 0x72c0,
0x72a0, 0x72a0, 0x72c0, 0xdd40, 0xfe60, 0xfde0, 0xfe00, 0xfe00, 0xfe00, 0xfe00,
0xfe00, 0xfe40, 0xac00, 0x72a0, 0x72a0, 0x72c0, 0x72c0, 0x72c0, 0x72c0, 0x72c0,
0x72c0, 0x72c0, 0x72c0, 0x72a0, 0x72c0, 0x72c0, 0x7ae0, 0x72c0, 0x8b20, 0xf5c0,
0xfe20, 0xfde0, 0xfe00, 0xfe00, 0xfe00, 0xfe00, 0xfe00, 0xfe00, 0xfe00, 0xfe00,
0xfe00, 0xfe00, 0xfe00, 0xfe00, 0xfe00, 0xfe00, 0xfe00, 0xfe00, 0xfe00, 0xfe00,
0xfe00, 0xfe00, 0xfe00, 0xfe00, 0xfe00, 0xfe00, 0xfe00, 0xfe00, 0xfe00, 0xfe00,
0xfe00, 0xfe00, 0xfe00, 0xfe00, 0xfe00, 0xfe00, 0xfe00, 0xfe00, 0xfe00, 0xfe00,
0xfe00, 0xfe00, 0xfe00, 0xfe00, 0xfe00, 0xfe00, 0xfe00, 0xfe00, 0xfe00, 0xfe00,
0xfe00, 0xfe00, 0xfe00, 0xfe00, 0xfe00, 0xfe00, 0xfe00, 0xfe00, 0xfe00, 0xfe00,
0xfe00, 0xfe00, 0xfe00, 0xfe00, 0xfe00, 0xfde0, 0xfe60, 0xe5a0, 0x28e0, 0x0000,

0x0000, 0x0000, 0xbc40, 0xfea0, 0xfe00, 0xfe00, 0xfe00, 0xfe00, 0xfe00, 0xfe00,
0xfe00, 0x6260, 0x0000, 0x0000, 0x0000, 0x5200, 0xa3c0, 0x5a20, 0x0000, 0x0000,
0x0000, 0x0000, 0x0000, 0x0000, 0x0000, 0x0000, 0x3120, 0xfe20, 0xdd20, 0x1880,
0x1060, 0x20a0, 0x2900, 0xa3e0, 0xff40, 0x93c0, 0x0000, 0x0000, 0x0000, 0x0000,
0x0000, 0x0000, 0x0000, 0x0000, 0x0000, 0x0000, 0xcce0, 0xfe00, 0x1060, 0x0000,
0x0000, 0x0000, 0x0000, 0x0000, 0x0000, 0x0000, 0x0000, 0x5200, 0xfe40, 0xfe40,
0xfde0, 0xfe00, 0xfe00, 0xfe80, 0xc4a0, 0x1060, 0xc4c0, 0xfea0, 0xfde0, 0xfe00,
0xfe60, 0x6240, 0x41a0, 0xff20, 0x9b80, 0x0000, 0x0000, 0x0000, 0x0000, 0x0000,
0x0000, 0x0000, 0x0000, 0x0000, 0xc4a0, 0xc500, 0x0000, 0x0000, 0x0000, 0x0000,
0x0000, 0x0000, 0x0000, 0x0000, 0x0000, 0x8300, 0xfea0, 0xfe20, 0x3120, 0x8320,
0xfe80, 0xfe00, 0xfe00, 0xfde0, 0xfe40, 0xfe80, 0xfe00, 0xfde0, 0xfe00, 0xfe00,
0xfe00, 0xfe00, 0xfe00, 0xfe00, 0xfe00, 0xfde0, 0xfe40, 0xfe00, 0x3960, 0x0000,
0x0000, 0x0000, 0x0000, 0x0000, 0x0000, 0x0000, 0x0000, 0x7ae0, 0x41a0, 0x0000,
0x0000, 0x0000, 0x0000, 0x0000, 0x0000, 0x0000, 0x0000, 0x0000, 0xcd40, 0xcce0,
0x2104, 0xae1a, 0xb63a, 0xadf9, 0xadf9, 0xadf9, 0xae1a, 0xb61a, 0xae1a, 0xadf9,
0xb65a, 0x9d56, 0x0021, 0x3100, 0x20c0, 0x0000, 0x0884, 0x2168, 0x52cd, 0x7412,
0x63b1, 0x7412, 0x7432, 0x7c53, 0x7474, 0x63b1, 0x3a0a, 0x1906, 0x0021, 0x0000,
0x20c0, 0xa3c0, 0xf600, 0xfea0, 0xfe20, 0xfde0, 0xfe00, 0xfe00, 0xfe00, 0xfe00,
0xfe00, 0xfe00, 0xfe00, 0xfe00, 0xfde0, 0xfde0, 0xfe60, 0xfea0, 0xdd40, 0x7ac0,
0x1060, 0x0000, 0x0043, 0x2147, 0x4a8c, 0x7c32, 0x8c93, 0x8cb4, 0x8cf5, 0x94f5,
0x8cb4, 0x7433, 0x52ed, 0x2968, 0x0063, 0x0000, 0x0000, 0x0000, 0x0000, 0x0021,
0x0021, 0x0000, 0x0000, 0x0000, 0x0001, 0x0001, 0x0000, 0x0000, 0x0000, 0x0000,
0x0001, 0x0001, 0x0000, 0x5200, 0xfe40, 0xfe20, 0xfe00, 0xfe00, 0xfe00, 0xfde0,
0xfe80, 0xcce0, 0x0840, 0x0000, 0x0001, 0x0000, 0x0000, 0x0000, 0x0000, 0x0000,
0x0000, 0x0000, 0x0000, 0x0001, 0x0000, 0x0021, 0x0001, 0x0000, 0x72a0, 0xfe40,
0xfe00, 0xfe00, 0xfe00, 0xfe00, 0xfe00, 0xfe00, 0xfe00, 0xfe00, 0xfe00, 0xfe00,
0xfe00, 0xfe00, 0xfe00, 0xfe00, 0xfe00, 0xfe00, 0xfe00, 0xfe00, 0xfe00, 0xfe00,
0xfe00, 0xfe00, 0xfe00, 0xfe00, 0xfe00, 0xfe00, 0xfe00, 0xfe00, 0xfe00, 0xfe00,
0xfe00, 0xfe00, 0xfe00, 0xfe00, 0xfe00, 0xfe00, 0xfe00, 0xfe00, 0xfe00, 0xfe00,
0xfe00, 0xfe00, 0xfe00, 0xfe00, 0xfe00, 0xfe00, 0xfe00, 0xfe00, 0xfe00, 0xfe00,
0xfe00, 0xfe00, 0xfe00, 0xfe00, 0xfe00, 0xfe00, 0xfe00, 0xfe00, 0xfe00, 0xfe00,
0xfe00, 0xfe00, 0xfe00, 0xfe00, 0xfe00, 0xfde0, 0xfe60, 0xe5a0, 0x28e0, 0x0000,

0x0000, 0x0000, 0xbc40, 0xfea0, 0xfe00, 0xfe00, 0xfe00, 0xfe00, 0xfe00, 0xfde0,
0xfe20, 0xc480, 0x1060, 0x0000, 0x18a0, 0x6260, 0x9ba0, 0x6240, 0x0000, 0x0000,
0x0000, 0x0000, 0x0000, 0x0000, 0x0000, 0x0000, 0x3940, 0xfee0, 0xd500, 0x28e0,
0xd500, 0xfe80, 0xfec0, 0xfec0, 0xa3e0, 0x0820, 0x0000, 0x0000, 0x0000, 0x0000,
0x0000, 0x0000, 0x0000, 0x0000, 0x0000, 0x2900, 0xf600, 0xd520, 0x0840, 0x0000,
0x0000, 0x0000, 0x0000, 0x0000, 0x0000, 0x0000, 0x0000, 0x6a80, 0xfe80, 0xfe20,
0xfe00, 0xfe00, 0xfe00, 0xfe80, 0xc4a0, 0x1060, 0xc4c0, 0xfea0, 0xfe00, 0xfde0,
0xfe80, 0x6aa0, 0x3940, 0xfee0, 0xac40, 0x0000, 0x0000, 0x0000, 0x0000, 0x0000,
0x0000, 0x0000, 0x0000, 0x0000, 0xac20, 0xc4e0, 0x0000, 0x0000, 0x0000, 0x0000,
0x0000, 0x0000, 0x0000, 0x0000, 0x0000, 0x8b20, 0xfec0, 0xf5e0, 0x20c0, 0x9380,
0xfe80, 0xfe00, 0xfe00, 0xfe40, 0xccc0, 0x9ba0, 0xfe00, 0xfe20, 0xfe00, 0xfe00,
0xfe00, 0xfe00, 0xfe00, 0xfe00, 0xfe00, 0xfde0, 0xfe40, 0xfe00, 0x3960, 0x0000,
0x0000, 0x0000, 0x0000, 0x0000, 0x0000, 0x0000, 0x0000, 0x3120, 0x0820, 0x0000,
0x0000, 0x0000, 0x0000, 0x0000, 0x0000, 0x0000, 0x0000, 0x49c0, 0xfec0, 0xbc60,
0x2104, 0xae1a, 0xb63a, 0xb619, 0xadf9, 0xadf9, 0xadf9, 0xae19, 0xae19, 0xadf9,
0xb65b, 0x9d36, 0x0020, 0x0000, 0x2987, 0x7c32, 0xa5d9, 0xbe7b, 0xbe7b, 0xa5b9,
0x7c73, 0x9557, 0x9db9, 0x9db9, 0x9d98, 0x9d98, 0xa5fa, 0xa5d8, 0x8493, 0x636f,
0x10c4, 0x0000, 0x28c0, 0xb420, 0xfe80, 0xfe60, 0xfde0, 0xfe00, 0xfe00, 0xfe00,
0xfe00, 0xfe00, 0xfe00, 0xfde0, 0xfe00, 0xfea0, 0xf600, 0x82e0, 0x0000, 0x0000,
0x2146, 0x6bd0, 0x9d78, 0xbe7b, 0xbe7b, 0xbe7b, 0xae1a, 0xae1a, 0xbe9b, 0xc69b,
0xbe5b, 0xadfa, 0xbe9b, 0xc6bc, 0xb5d8, 0x8c73, 0x39e9, 0x0041, 0x0000, 0x31a7,
0xad97, 0x94f5, 0x94d4, 0x94d4, 0x9515, 0x94f5, 0x94d4, 0x94d4, 0x94d4, 0x94d4,
0x9d56, 0xb619, 0x52cc, 0x0000, 0x9be0, 0xfea0, 0xfde0, 0xfe00, 0xfde0, 0xfe20,
0xfe60, 0x4160, 0x0002, 0x8c93, 0xa556, 0x8cd4, 0x94f4, 0x94f4, 0x94d4, 0x94d4,
0x94d4, 0x94d4, 0x94d4, 0x9d15, 0x94f5, 0x8452, 0x0042, 0x20c0, 0xeda0, 0xfe40,
0xfde0, 0xfe00, 0xfe00, 0xfe00, 0xfe00, 0xfe00, 0xfe00, 0xfe00, 0xfe00, 0xfe00,
0xfe00, 0xfe00, 0xfe00, 0xfe00, 0xfe00, 0xfe00, 0xfe00, 0xfe00, 0xfe00, 0xfe00,
0xfe00, 0xfe00, 0xfe00, 0xfe00, 0xfe00, 0xfe00, 0xfe00, 0xfe00, 0xfe00, 0xfe00,
0xfe00, 0xfe00, 0xfe00, 0xfe00, 0xfe00, 0xfe00, 0xfe00, 0xfe00, 0xfe00, 0xfe00,
0xfe00, 0xfe00, 0xfe00, 0xfe00, 0xfe00, 0xfe00, 0xfe00, 0xfe00, 0xfe00, 0xfe00,
0xfe00, 0xfe00, 0xfe00, 0xfe00, 0xfe00, 0xfe00, 0xfe00, 0xfe00, 0xfe00, 0xfe00,
0xfe00, 0xfe00, 0xfe00, 0xfe00, 0xfe00, 0xfde0, 0xfe60, 0xe5a0, 0x28e0, 0x0000,

0x0000, 0x0000, 0xbc40, 0xfea0, 0xfe00, 0xfe00, 0xfe00, 0xfe00, 0xfe00, 0xfe00,
0xfe40, 0xd500, 0x1880, 0x0000, 0x2920, 0x6a80, 0xabe0, 0x72a0, 0x0000, 0x0000,
0x0000, 0x0000, 0x0000, 0x0000, 0x0000, 0x0000, 0x20c0, 0xac40, 0x8320, 0x28e0,
0xac20, 0xac20, 0x7ae0, 0x3940, 0x0000, 0x0000, 0x0000, 0x0000, 0x0000, 0x0000,
0x0000, 0x0000, 0x0000, 0x0000, 0x0000, 0x7280, 0xff00, 0xcce0, 0x0840, 0x0000,
0x0000, 0x0000, 0x0000, 0x0000, 0x0000, 0x0000, 0x0000, 0x72c0, 0xfe80, 0xfe00,
0xfe00, 0xfe00, 0xfe00, 0xfe80, 0xc4a0, 0x1060, 0xc4c0, 0xfea0, 0xfe00, 0xfde0,
0xfe80, 0x8320, 0x3100, 0xfec0, 0xb480, 0x0000, 0x0000, 0x0000, 0x0000, 0x0000,
0x0000, 0x0000, 0x0000, 0x0000, 0xa3c0, 0xb440, 0x0000, 0x0000, 0x0000, 0x0000,
0x0000, 0x0000, 0x0000, 0x0000, 0x0000, 0x9ba0, 0xfee0, 0xeda0, 0x20c0, 0x9ba0,
0xfe80, 0xfe00, 0xfe00, 0xfe80, 0x8b60, 0x20c0, 0xf5e0, 0xfe60, 0xfde0, 0xfe00,
0xfe00, 0xfe00, 0xfe00, 0xfe00, 0xfe00, 0xfde0, 0xfe40, 0xfe00, 0x3960, 0x0000,
0x0000, 0x0000, 0x0000, 0x0000, 0x0000, 0x0000, 0x0000, 0x0000, 0x0000, 0x0000,
0x0000, 0x0000, 0x0000, 0x0000, 0x0000, 0x0000, 0x0000, 0xb440, 0xff00, 0xb400,
0x2104, 0xadfa, 0xb63a, 0xb619, 0xae19, 0xae19, 0xae1a, 0xadf9, 0xadf9, 0xadf9,
0xb65b, 0x8cd4, 0x18e3, 0x7c52, 0xbe9b, 0xc6bc, 0xb63a, 0xa5d8, 0xb5f9, 0x9d57,
0x73f1, 0x8cf6, 0x9557, 0x9557, 0x8d17, 0x8d37, 0x9d78, 0x9557, 0x9578, 0xcefd,
0xc69b, 0x73f1, 0x08a4, 0x0000, 0x6240, 0xfe00, 0xfe80, 0xfe00, 0xfe00, 0xfe00,
0xfe00, 0xfe00, 0xfde0, 0xfe20, 0xfea0, 0xcce0, 0x28c0, 0x0000, 0x31c8, 0x8cb4,
0xb65b, 0xbe9c, 0xb63a, 0xa5d9, 0xadd9, 0xadd9, 0xadd9, 0xa5b9, 0xadd9, 0xadd9,
0xa5d9, 0xa5b8, 0xadf9, 0xae1a, 0xc69b, 0xc67b, 0xae3b, 0xc65a, 0x52aa, 0x0820,
0xa556, 0xefdf, 0xd71d, 0xd71d, 0xd6fd, 0xd71d, 0xd71d, 0xcefd, 0xcefd, 0xcedc,
0xdf5e, 0xf7ff, 0xc67b, 0x08a4, 0x1860, 0xedc0, 0xfe60, 0xfde0, 0xfe00, 0xfec0,
0x9ba0, 0x0000, 0x636f, 0xe79f, 0xd71d, 0xcefd, 0xd71d, 0xdf3d, 0xcefd, 0xcefd,
0xd71d, 0xcedd, 0xcedd, 0xdf5e, 0xd73e, 0x634e, 0x0000, 0xb440, 0xfea0, 0xfe00,
0xfe00, 0xfe00, 0xfe00, 0xfe00, 0xfe00, 0xfe00, 0xfe00, 0xfe00, 0xfe00, 0xfe00,
0xfe00, 0xfe00, 0xfe00, 0xfe00, 0xfe00, 0xfe00, 0xfe00, 0xfe00, 0xfe00, 0xfe00,
0xfe00, 0xfe00, 0xfe00, 0xfe00, 0xfe00, 0xfe00, 0xfe00, 0xfe00, 0xfe00, 0xfe00,
0xfe00, 0xfe00, 0xfe00, 0xfe00, 0xfe00, 0xfe00, 0xfe00, 0xfe00, 0xfe00, 0xfe00,
0xfe00, 0xfe00, 0xfe00, 0xfe00, 0xfe00, 0xfe00, 0xfe00, 0xfe00, 0xfe00, 0xfe00,
0xfe00, 0xfe00, 0xfe00, 0xfe00, 0xfe00, 0xfe00, 0xfe00, 0xfe00, 0xfe00, 0xfe00,
0xfe00, 0xfe00, 0xfe00, 0xfe00, 0xfe00, 0xfde0, 0xfe60, 0xe5a0, 0x28e0, 0x0000,

0x0000, 0x0000, 0xbc40, 0xfea0, 0xfe00, 0xfe00, 0xfe00, 0xfe00, 0xfe00, 0xfde0,
0xfe80, 0x9380, 0x0000, 0x0000, 0x1080, 0x6a80, 0xc480, 0x7ae0, 0x0000, 0x0000,
0x0000, 0x0000, 0x0000, 0x0000, 0x0000, 0x0000, 0x0000, 0x0000, 0x0000, 0x0000,
0x0000, 0x0000, 0x0000, 0x0000, 0x0000, 0x0000, 0x0000, 0x0000, 0x0000, 0x0000,
0x0000, 0x0000, 0x0000, 0x0000, 0x0820, 0xbca0, 0xfee0, 0xd4e0, 0x0840, 0x0000,
0x0000, 0x0000, 0x0000, 0x0000, 0x0000, 0x0000, 0x0000, 0x72a0, 0xfe80, 0xfe20,
0xfde0, 0xfe00, 0xfe00, 0xfe80, 0xccc0, 0x1060, 0xc4c0, 0xfea0, 0xfe00, 0xfe00,
0xfea0, 0x7b20, 0x3100, 0xfee0, 0xb480, 0x0000, 0x0000, 0x0000, 0x0000, 0x0000,
0x0000, 0x0000, 0x0000, 0x0000, 0xa3e0, 0xb440, 0x0000, 0x0000, 0x0000, 0x0000,
0x0000, 0x0000, 0x0000, 0x0000, 0x0000, 0xabe0, 0xff20, 0xd520, 0x18a0, 0xbc60,
0xfe80, 0xfe00, 0xfe20, 0xfea0, 0x9360, 0x2900, 0xfe20, 0xfe60, 0xfe00, 0xfe00,
0xfe00, 0xfe00, 0xfe00, 0xfe00, 0xfe00, 0xfde0, 0xfe40, 0xfe00, 0x3960, 0x0000,
0x0000, 0x0000, 0x0000, 0x0000, 0x0000, 0x0000, 0x0000, 0x0000, 0x0000, 0x0000,
0x0000, 0x0000, 0x0000, 0x0000, 0x0000, 0x0000, 0x1880, 0xe580, 0xfee0, 0xb400,
0x2104, 0xae1a, 0xb61a, 0xadf9, 0xae1a, 0xae1a, 0xb63a, 0xb61a, 0xadf9, 0xadf9,
0xadf9, 0xadd8, 0x9d57, 0xc6bc, 0xb63a, 0xa5d9, 0xadf9, 0xadd9, 0xadf9, 0x9d57,
0x7411, 0x8cf6, 0x9537, 0x9d78, 0x9537, 0x8d37, 0x9557, 0x9536, 0x8cf5, 0xbe5a,
0xd6fc, 0xc6dd, 0xadf9, 0x426b, 0x0000, 0x28e0, 0xd520, 0xfe80, 0xfe00, 0xfde0,
0xfe00, 0xfde0, 0xfe40, 0xfe80, 0x9360, 0x0000, 0x0883, 0x7411, 0xbe7b, 0xc6bc,
0xae1a, 0xa5d9, 0xa5d9, 0xadd9, 0xadf9, 0xa5d9, 0xae1a, 0xadd9, 0xadf9, 0xae19,
0xadd9, 0xa5b8, 0xa5b8, 0xadd9, 0xbe5a, 0xadd9, 0x9d98, 0xf7ff, 0xe77e, 0x8452,
0x52cc, 0xb619, 0xc69b, 0xbe5a, 0xbe5b, 0xbe5b, 0xbe5a, 0xbe5a, 0xbe5a, 0xb61a,
0xc67b, 0xcebc, 0xcefd, 0x8452, 0x0000, 0x6a80, 0xfea0, 0xfe20, 0xfe80, 0xe580,
0x1860, 0x1926, 0xbe5a, 0xcebc, 0xb63a, 0xbe3a, 0xbe5a, 0xbe5b, 0xbe3a, 0xbe3a,
0xbe5b, 0xb63a, 0xbe3a, 0xd71d, 0x8472, 0x0000, 0x6240, 0xfea0, 0xfe40, 0xfde0,
0xfe00, 0xfe00, 0xfe00, 0xfe00, 0xfe00, 0xfe00, 0xfe00, 0xfe00, 0xfe00, 0xfe00,
0xfe00, 0xfe00, 0xfe00, 0xfe00, 0xfe00, 0xfe00, 0xfe00, 0xfe00, 0xfe00, 0xfe00,
0xfe00, 0xfe00, 0xfe00, 0xfe00, 0xfe00, 0xfe00, 0xfe00, 0xfe00, 0xfe00, 0xfe00,
0xfe00, 0xfe00, 0xfe00, 0xfe00, 0xfe00, 0xfe00, 0xfe00, 0xfe00, 0xfe00, 0xfe00,
0xfe00, 0xfe00, 0xfe00, 0xfe00, 0xfe00, 0xfe00, 0xfe00, 0xfe00, 0xfe00, 0xfe00,
0xfe00, 0xfe00, 0xfe00, 0xfe00, 0xfe00, 0xfe00, 0xfe00, 0xfe00, 0xfe00, 0xfe00,
0xfe00, 0xfe00, 0xfe00, 0xfe00, 0xfe00, 0xfde0, 0xfe60, 0xe5a0, 0x28e0, 0x0000,

0x0000, 0x0000, 0xbc40, 0xfea0, 0xfe00, 0xfe00, 0xfe00, 0xfe00, 0xfe00, 0xfe00,
0xfe60, 0x49a0, 0x0000, 0x0000, 0x0000, 0x5a20, 0xd500, 0x8300, 0x0000, 0x0000,
0x0000, 0x0000, 0x0000, 0x0000, 0x0000, 0x0000, 0x0000, 0x0000, 0x0000, 0x0000,
0x0000, 0x0000, 0x0000, 0x0000, 0x0000, 0x0000, 0x0000, 0x0000, 0x0000, 0x0000,
0x0000, 0x0000, 0x0000, 0x0000, 0x3940, 0xfe20, 0xfe60, 0xcce0, 0x0840, 0x0000,
0x0000, 0x0000, 0x0000, 0x0000, 0x0000, 0x0000, 0x0000, 0x7ae0, 0xfe80, 0xfe00,
0xfde0, 0xfe40, 0xfea0, 0xff00, 0xcd20, 0x1880, 0xcd20, 0xff40, 0xfe80, 0xfe80,
0xff40, 0x8340, 0x3920, 0xff60, 0xb4e0, 0x0000, 0x0000, 0x0000, 0x0000, 0x0000,
0x0000, 0x0000, 0x0000, 0x0000, 0xac40, 0xbca0, 0x0000, 0x0000, 0x0000, 0x0000,
0x0000, 0x0000, 0x0000, 0x0000, 0x0000, 0xb440, 0xffc0, 0xd580, 0x20a0, 0xccc0,
0xff20, 0xfe80, 0xfea0, 0xff20, 0x9ba0, 0x3100, 0xfe80, 0xfee0, 0xfe80, 0xfea0,
0xfe20, 0xfde0, 0xfe00, 0xfe00, 0xfe00, 0xfde0, 0xfe40, 0xfe00, 0x3960, 0x0000,
0x0000, 0x0000, 0x0000, 0x0000, 0x0000, 0x0000, 0x0000, 0x0000, 0x0000, 0x0000,
0x0000, 0x0000, 0x0000, 0x0000, 0x0000, 0x0000, 0x0000, 0xac20, 0xff20, 0xb420,
0x2104, 0xadfa, 0xae1a, 0xadf9, 0xae1a, 0xae1a, 0xb619, 0xb619, 0xb61a, 0xae19,
0xadf9, 0xbe5a, 0xb63b, 0xadf9, 0xadf9, 0xadf9, 0xadf9, 0xadf9, 0xb61a, 0x9d57,
0x7411, 0x8d16, 0x8d37, 0x9577, 0x8d37, 0x9537, 0x9578, 0x9536, 0x8cf6, 0xbe5a,
0xc67b, 0xae19, 0xb65b, 0xbe9c, 0x73f0, 0x0000, 0x1020, 0xd540, 0xfec0, 0xfde0,
0xfde0, 0xfe40, 0xfe80, 0x7ae0, 0x0000, 0x1926, 0xa577, 0xc6dd, 0xb63a, 0xadf9,
0xadf9, 0xadf9, 0xadf9, 0xadf9, 0xa5d9, 0xadd9, 0xa5d9, 0xa5d9, 0xae19, 0xadf9,
0xadf9, 0xb61a, 0xa5d9, 0xa5b8, 0xb63a, 0xadf9, 0x9d98, 0xd6fc, 0xcedc, 0xd71d,
0xb5d8, 0xadd8, 0xc67b, 0xbe5b, 0xc67b, 0xc67b, 0xbe5b, 0xbe5a, 0xc67b, 0xbe5a,
0xcebb, 0xcedc, 0xbe7b, 0xbe5b, 0x3a2a, 0x0000, 0xc4c0, 0xfee0, 0xfea0, 0x6a60,
0x0000, 0x8cb3, 0xc6bc, 0xc67b, 0xbe5a, 0xbe5a, 0xbe5a, 0xbe5b, 0xbe5a, 0xbe5a,
0xbe5b, 0xb63a, 0xc69b, 0xd6dc, 0x2126, 0x1040, 0xdd80, 0xfea0, 0xfde0, 0xfe00,
0xfe00, 0xfe00, 0xfe00, 0xfe00, 0xfe00, 0xfe00, 0xfe00, 0xfe00, 0xfe00, 0xfe00,
0xfe00, 0xfe00, 0xfe00, 0xfe00, 0xfe00, 0xfe00, 0xfe00, 0xfe00, 0xfe00, 0xfe00,
0xfe00, 0xfe00, 0xfe00, 0xfe00, 0xfe00, 0xfe00, 0xfe00, 0xfe00, 0xfe00, 0xfe00,
0xfe00, 0xfe00, 0xfe00, 0xfe00, 0xfe00, 0xfe00, 0xfe00, 0xfe00, 0xfe00, 0xfe00,
0xfe00, 0xfe00, 0xfe00, 0xfe00, 0xfe00, 0xfe00, 0xfe00, 0xfe00, 0xfe00, 0xfe00,
0xfe00, 0xfe00, 0xfe00, 0xfe00, 0xfe00, 0xfe00, 0xfe00, 0xfe00, 0xfe00, 0xfe00,
0xfe00, 0xfe00, 0xfe00, 0xfe00, 0xfe00, 0xfde0, 0xfe60, 0xe5a0, 0x28e0, 0x0000,

0x0000, 0x0000, 0xbc40, 0xfea0, 0xfe00, 0xfe00, 0xfe00, 0xfe00, 0xfde0, 0xfe80,
0xdd40, 0x1060, 0x0000, 0x20e0, 0x0000, 0x2900, 0xccc0, 0x8300, 0x0000, 0x0000,
0x0000, 0x0000, 0x0000, 0x0000, 0x0000, 0x0000, 0x0000, 0x0000, 0x0000, 0x0000,
0x0000, 0x0000, 0x0000, 0x0000, 0x0000, 0x0000, 0x0000, 0x0000, 0x0000, 0x0000,
0x0000, 0x0000, 0x0000, 0x0000, 0xa400, 0xfe80, 0xfe40, 0xcce0, 0x0840, 0x0000,
0x0000, 0x0000, 0x0000, 0x0000, 0x0000, 0x0000, 0x0000, 0x8b60, 0xfec0, 0xfe00,
0xfe40, 0xbc80, 0x72a0, 0x8320, 0x6240, 0x0820, 0x5a20, 0x8b20, 0x7ae0, 0x7ae0,
0x8b40, 0x4180, 0x1080, 0x8b40, 0x5a20, 0x0000, 0x0000, 0x0000, 0x0000, 0x0000,
0x0000, 0x0000, 0x0000, 0x0000, 0x51e0, 0x5200, 0x0000, 0x0000, 0x0000, 0x0000,
0x0000, 0x0000, 0x0000, 0x0000, 0x0000, 0x51e0, 0x9380, 0x6a60, 0x0820, 0x5a20,
0x8320, 0x7ae0, 0x7ae0, 0x8b20, 0x49a0, 0x1060, 0x7ae0, 0x8300, 0x7ac0, 0x72c0,
0xd500, 0xfe40, 0xfe00, 0xfe00, 0xfe00, 0xfde0, 0xfe40, 0xfe00, 0x3960, 0x0000,
0x0000, 0x0000, 0x0000, 0x0000, 0x0000, 0x0000, 0x0000, 0x0000, 0x0000, 0x0000,
0x0000, 0x0000, 0x0000, 0x0000, 0x0000, 0x0000, 0x0000, 0x5a00, 0xfee0, 0xb440,
0x2104, 0xae1a, 0xb61a, 0xadf9, 0xae1a, 0xae1a, 0xb61a, 0xb619, 0xb5f9, 0xae1a,
0xae19, 0xb63a, 0xadd9, 0xadf9, 0xadf9, 0xadf9, 0xadf9, 0xadd9, 0xb619, 0x9d57,
0x73f1, 0x84f5, 0x9558, 0x9557, 0x9537, 0x8d37, 0x9558, 0x9536, 0x8cf6, 0xb65a,
0xc67b, 0xadf9, 0xa5d9, 0xadf9, 0xc6bd, 0x8493, 0x0001, 0x20c0, 0xe5a0, 0xfe80,
0xfe20, 0xfea0, 0x7ac0, 0x0000, 0x3a09, 0xb63b, 0xbe7b, 0xadf9, 0xadf9, 0xadf9,
0xadf9, 0xadf9, 0xadd9, 0xadf9, 0xa5d9, 0xb61a, 0xadd9, 0xa5b8, 0xadf9, 0xadf9,
0xa5d9, 0xb61a, 0xb61a, 0xa5b8, 0xb63a, 0xadf9, 0x9d78, 0xdf3d, 0xc69b, 0xbe5b,
0xc6bb, 0xc67b, 0xbe5a, 0xbe5b, 0xc67b, 0xbe7b, 0xbe5a, 0xbe5a, 0xbe5b, 0xbe7b,
0xcebc, 0xcedc, 0xbe3a, 0xbe7b, 0xadb8, 0x0002, 0x4180, 0xfec0, 0xccc0, 0x0000,
0x4aab, 0xc69c, 0xbe7b, 0xc69b, 0xbe5a, 0xbe5a, 0xbe5a, 0xbe5a, 0xbe5a, 0xbe5a,
0xbe5a, 0xb61a, 0xcf1d, 0x73af, 0x0000, 0x9380, 0xfec0, 0xfe00, 0xfe00, 0xfe00,
0xfe00, 0xfe00, 0xfe00, 0xfe00, 0xfe00, 0xfe00, 0xfe00, 0xfe00, 0xfe00, 0xfe00,
0xfe00, 0xfe00, 0xfe00, 0xfe00, 0xfe00, 0xfe00, 0xfe00, 0xfe00, 0xfe00, 0xfe00,
0xfe00, 0xfe00, 0xfe00, 0xfe00, 0xfe00, 0xfe00, 0xfe00, 0xfe00, 0xfe00, 0xfe00,
0xfe00, 0xfe00, 0xfe00, 0xfe00, 0xfe00, 0xfe00, 0xfe00, 0xfe00, 0xfe00, 0xfe00,
0xfe00, 0xfe00, 0xfe00, 0xfe00, 0xfe00, 0xfe00, 0xfe00, 0xfe00, 0xfe00, 0xfe00,
0xfe00, 0xfe00, 0xfe00, 0xfe00, 0xfe00, 0xfe00, 0xfe00, 0xfe00, 0xfe00, 0xfe00,
0xfe00, 0xfe00, 0xfe00, 0xfe00, 0xfe00, 0xfde0, 0xfe60, 0xe5a0, 0x28e0, 0x0000,

0x0000, 0x0000, 0xbc40, 0xfea0, 0xfe00, 0xfe00, 0xfe00, 0xfe00, 0xfe00, 0xfea0,
0xa3e0, 0x0000, 0x1060, 0x72a0, 0x1880, 0x0000, 0x9ba0, 0x7ac0, 0x0000, 0x0000,
0x0000, 0x0000, 0x0000, 0x0000, 0x0000, 0x0000, 0x0000, 0x0000, 0x0000, 0x0000,
0x0000, 0x0000, 0x0000, 0x0000, 0x0000, 0x0000, 0x0000, 0x0000, 0x0000, 0x0000,
0x0000, 0x0000, 0x0000, 0x49a0, 0xfe20, 0xfe20, 0xfe40, 0xcce0, 0x0840, 0x0000,
0x0000, 0x0000, 0x0000, 0x0000, 0x0000, 0x0000, 0x0000, 0x8b60, 0xfec0, 0xfe00,
0xfe80, 0x9ba0, 0x1880, 0x3120, 0x20c0, 0x0020, 0x2900, 0x3140, 0x3120, 0x3120,
0x3140, 0x1080, 0x0020, 0x3140, 0x20c0, 0x0000, 0x0000, 0x0000, 0x0000, 0x0000,
0x0000, 0x0000, 0x0000, 0x0000, 0x18a0, 0x20c0, 0x0000, 0x0000, 0x0000, 0x0000,
0x0000, 0x0000, 0x0000, 0x0000, 0x0000, 0x18c0, 0x3940, 0x28e0, 0x0020, 0x20c0,
0x3120, 0x3120, 0x3120, 0x3120, 0x18a0, 0x0020, 0x2900, 0x3120, 0x28e0, 0x20c0,
0xbc60, 0xfe80, 0xfe00, 0xfe00, 0xfe00, 0xfde0, 0xfe40, 0xfe00, 0x3960, 0x0000,
0x0000, 0x0000, 0x0000, 0x0000, 0x0000, 0x0000, 0x0000, 0x0000, 0x0000, 0x0000,
0x0000, 0x0000, 0x0000, 0x0000, 0x0000, 0x0000, 0x0000, 0x1060, 0xe5c0, 0xc4c0,
0x2104, 0xadfa, 0xb63a, 0xadf9, 0xae1a, 0xae1a, 0xb61a, 0xae19, 0xadf9, 0xadf9,
0xb619, 0xbe3a, 0xadd9, 0xadf9, 0xadf9, 0xadf9, 0xadf9, 0xadf9, 0xae19, 0x9d57,
0x73f1, 0x7c94, 0x8d37, 0x9557, 0x9537, 0x8d37, 0x9558, 0x9536, 0x8cf6, 0xbe5a,
0xc67b, 0xadf9, 0xadd9, 0xa5d9, 0xadf9, 0xc6bd, 0x8cb3, 0x0001, 0x4180, 0xfe40,
0xff00, 0x8b60, 0x0000, 0x4249, 0xbe5a, 0xb63a, 0xa5d9, 0xadf9, 0xadf9, 0xa5d9,
0xadf9, 0xadf9, 0xadf9, 0xadd9, 0xa5d9, 0xadf9, 0xadf9, 0xa5d9, 0xadf9, 0xadf9,
0xa5d9, 0xa5b9, 0xadf9, 0xadf9, 0xbe5a, 0xadf9, 0x9d77, 0xdf3d, 0xc69b, 0xc67b,
0xc67b, 0xbe5b, 0xbe5b, 0xbe5b, 0xc67b, 0xc67b, 0xbe5a, 0xb63a, 0xbe5a, 0xbe5a,
0xc69b, 0xd6fc, 0xbe5a, 0xadf9, 0xdf3e, 0x8431, 0x0000, 0x8300, 0x3100, 0x2105,
0xc65a, 0xbe5b, 0xb61a, 0xc69b, 0xbe5a, 0xbe5a, 0xbe5a, 0xbe5a, 0xbe5a, 0xbe5a,
0xbe5a, 0xcebc, 0xa577, 0x0022, 0x4160, 0xfe60, 0xfe00, 0xfde0, 0xfe00, 0xfe00,
0xfe00, 0xfe00, 0xfe00, 0xfe00, 0xfe00, 0xfe00, 0xfe00, 0xfe00, 0xfe00, 0xfe00,
0xfe00, 0xfe00, 0xfe00, 0xfe00, 0xfe00, 0xfe00, 0xfe00, 0xfe00, 0xfe00, 0xfe00,
0xfe00, 0xfe00, 0xfe00, 0xfe00, 0xfe00, 0xfe00, 0xfe00, 0xfe00, 0xfe00, 0xfe00,
0xfe00, 0xfe00, 0xfe00, 0xfe00, 0xfe00, 0xfe00, 0xfe00, 0xfe00, 0xfe00, 0xfe00,
0xfe00, 0xfe00, 0xfe00, 0xfe00, 0xfe00, 0xfe00, 0xfe00, 0xfe00, 0xfe00, 0xfe00,
0xfe00, 0xfe00, 0xfe00, 0xfe00, 0xfe00, 0xfe00, 0xfe00, 0xfe00, 0xfe00, 0xfe00,
0xfe00, 0xfe00, 0xfe00, 0xfe00, 0xfe00, 0xfde0, 0xfe60, 0xe5a0, 0x28e0, 0x0000,

0x0000, 0x0000, 0xbc40, 0xfea0, 0xfe00, 0xfe00, 0xfe00, 0xfe00, 0xfe20, 0xfe80,
0x6a60, 0x0000, 0x3120, 0x8b40, 0x3960, 0x0000, 0x6240, 0x72a0, 0x0000, 0x0000,
0x0000, 0x0000, 0x0000, 0x0000, 0x0000, 0x0000, 0x0000, 0x0000, 0x0000, 0x0000,
0x0000, 0x0000, 0x0000, 0x0000, 0x0000, 0x0000, 0x0000, 0x0000, 0x0000, 0x0000,
0x0000, 0x0000, 0x0840, 0xccc0, 0xfe80, 0xfde0, 0xfe40, 0xcce0, 0x0840, 0x0000,
0x0000, 0x0000, 0x0000, 0x0000, 0x0000, 0x0000, 0x0000, 0x7ae0, 0xfea0, 0xfe00,
0xfe00, 0xfe00, 0xf600, 0xfe60, 0xbca0, 0x1880, 0xc4e0, 0xfea0, 0xf600, 0xf600,
0xfe80, 0x7ae0, 0x2900, 0xfe80, 0xb460, 0x0000, 0x0000, 0x0000, 0x0000, 0x0000,
0x0000, 0x0000, 0x0000, 0x0000, 0x9bc0, 0xb420, 0x0000, 0x0000, 0x0000, 0x0000,
0x0000, 0x0000, 0x0000, 0x0000, 0x0000, 0x9bc0, 0xff00, 0xcd00, 0x18a0, 0xb440,
0xfe80, 0xf600, 0xf600, 0xfe80, 0x8b60, 0x28e0, 0xf600, 0xfe60, 0xf600, 0xf600,
0xfe00, 0xfe00, 0xfe00, 0xfe00, 0xfe00, 0xfde0, 0xfe40, 0xfe00, 0x3960, 0x0000,
0x0000, 0x0000, 0x0000, 0x0000, 0x0000, 0x0000, 0x0000, 0x0000, 0x0000, 0x0000,
0x0000, 0x0000, 0x0000, 0x0000, 0x0000, 0x0000, 0x0000, 0x0000, 0x9bc0, 0xd4c0,
0x2124, 0xadfa, 0xb63a, 0xadf9, 0xae19, 0xae1a, 0xb61a, 0xae19, 0xae19, 0xadf9,
0xadf9, 0xbe5a, 0xadd9, 0xadf9, 0xadf9, 0xadf9, 0xadf9, 0xadf9, 0xb61a, 0x9557,
0x73f1, 0x7cb4, 0x8d17, 0x8d37, 0x9537, 0x8d37, 0x9558, 0x9536, 0x8d16, 0xbe5a,
0xc67b, 0xae19, 0xadd9, 0xa5d9, 0xadf9, 0xadfa, 0xcefd, 0x73f0, 0x0000, 0x8320,
0xc4a0, 0x0000, 0x31a7, 0xbe5b, 0xbe7c, 0xa5d9, 0xadd9, 0xadf9, 0xadf9, 0xa5d9,
0xa5d9, 0xadf9, 0xadf9, 0xadf9, 0xa5d9, 0xa5d9, 0xadf9, 0xa5d9, 0xadf9, 0xb61a,
0xadf9, 0xa598, 0xa5d9, 0xadf9, 0xbe5a, 0xadf9, 0x9d77, 0xdf3d, 0xc69b, 0xbe7b,
0xc67b, 0xbe5b, 0xbe5b, 0xbe5b, 0xc67b, 0xc67b, 0xc67b, 0xbe5a, 0xbe5a, 0xbe3a,
0xc69b, 0xd6fc, 0xbe5a, 0xa5b8, 0xcebc, 0xef7e, 0x31a6, 0x0000, 0x0000, 0x8c93,
0xefbf, 0xadd9, 0xb619, 0xc69b, 0xbe5b, 0xbe5a, 0xbe5a, 0xbe5a, 0xbe5a, 0xbe5a,
0xcebc, 0xcedd, 0x29a8, 0x0000, 0xcd00, 0xfe80, 0xfde0, 0xfe00, 0xfe00, 0xfe00,
0xfe00, 0xfe00, 0xfe00, 0xfe00, 0xfe00, 0xfe00, 0xfe00, 0xfe00, 0xfe00, 0xfe00,
0xfe00, 0xfe00, 0xfe00, 0xfe00, 0xfe00, 0xfe00, 0xfe00, 0xfe00, 0xfe00, 0xfe00,
0xfe00, 0xfe00, 0xfe00, 0xfe00, 0xfe00, 0xfe00, 0xfe00, 0xfe00, 0xfe00, 0xfe00,
0xfe00, 0xfe00, 0xfe00, 0xfe00, 0xfe00, 0xfe00, 0xfe00, 0xfe00, 0xfe00, 0xfe00,
0xfe00, 0xfe00, 0xfe00, 0xfe00, 0xfe00, 0xfe00, 0xfe00, 0xfe00, 0xfe00, 0xfe00,
0xfe00, 0xfe00, 0xfe00, 0xfe00, 0xfe00, 0xfe00, 0xfe00, 0xfe00, 0xfe00, 0xfe00,
0xfe00, 0xfe00, 0xfe00, 0xfe00, 0xfe00, 0xfde0, 0xfe60, 0xe5a0, 0x28e0, 0x0000,

0x0000, 0x0000, 0xbc40, 0xfea0, 0xfe00, 0xfe00, 0xfe00, 0xfde0, 0xfe40, 0xfe20,
0x3960, 0x0000, 0x5200, 0x9360, 0x72a0, 0x0000, 0x20e0, 0x5a20, 0x0000, 0x0000,
0x0000, 0x0000, 0x0000, 0x0000, 0x0000, 0x0000, 0x0000, 0x0000, 0x0000, 0x0000,
0x0000, 0x0000, 0x0000, 0x0000, 0x0000, 0x0000, 0x0000, 0x0000, 0x0000, 0x0000,
0x0000, 0x0000, 0x7ae0, 0xfea0, 0xfe20, 0xfde0, 0xfe40, 0xd4e0, 0x0840, 0x0000,
0x0000, 0x0000, 0x0000, 0x0000, 0x0000, 0x0000, 0x0000, 0x72a0, 0xfe80, 0xfe20,
0xfde0, 0xfe20, 0xfe60, 0xfec0, 0xcce0, 0x1060, 0xcd00, 0xfee0, 0xfe40, 0xfe40,
0xfee0, 0x8340, 0x3120, 0xff20, 0xb4a0, 0x0000, 0x0000, 0x0000, 0x0000, 0x0000,
0x0000, 0x0000, 0x0000, 0x0000, 0xac00, 0xbc60, 0x0000, 0x0000, 0x0000, 0x0000,
0x0000, 0x0000, 0x0000, 0x0000, 0x0000, 0xac00, 0xff60, 0xcd20, 0x1880, 0xc480,
0xfec0, 0xfe40, 0xfe40, 0xfee0, 0x9380, 0x3100, 0xfe60, 0xfea0, 0xfe40, 0xfe40,
0xfe00, 0xfde0, 0xfe00, 0xfe00, 0xfe00, 0xfde0, 0xfe40, 0xfe00, 0x3960, 0x0000,
0x0000, 0x0000, 0x0000, 0x0000, 0x0000, 0x0000, 0x0000, 0x0000, 0x0000, 0x0000,
0x0000, 0x0000, 0x0000, 0x0000, 0x0000, 0x0000, 0x0000, 0x0000, 0x51e0, 0xbc40,
0x3164, 0xadfa, 0xb63a, 0xadf9, 0xae1a, 0xae1a, 0xb61a, 0xae19, 0xae19, 0xadf9,
0xadf9, 0xbe5a, 0xadd9, 0xadf9, 0xadf9, 0xadd9, 0xadf9, 0xa5d9, 0xae1a, 0x9d77,
0x73f1, 0x84d5, 0x9558, 0x8d37, 0x9557, 0x8d37, 0x9578, 0x9536, 0x8cf6, 0xbe5a,
0xc67b, 0xb619, 0xadd9, 0xa5d9, 0xae19, 0xa5d9, 0xb63a, 0xc6bc, 0x3a08, 0x0000,
0x0820, 0x10c3, 0xa597, 0xbe9c, 0xadf9, 0xadd9, 0xadf9, 0xadf9, 0xadf9, 0xa5d9,
0xa5d9, 0xadf9, 0xadf9, 0xadf9, 0xadd9, 0xa5d9, 0xadf9, 0xa5b9, 0xadf9, 0xadf9,
0xadf9, 0xa5d9, 0xa5d9, 0xadd9, 0xbe5a, 0xb5f9, 0x9d77, 0xdf1d, 0xc69b, 0xbe5b,
0xc67b, 0xbe5b, 0xbe5b, 0xbe7b, 0xc67b, 0xc67b, 0xc67b, 0xbe5a, 0xbe5a, 0xbe3a,
0xc69b, 0xd6fc, 0xbe5a, 0xadd9, 0xc67a, 0xefbf, 0x94d4, 0x0000, 0x2987, 0xd73d,
0xd71d, 0xadf9, 0xb619, 0xc69b, 0xbe5b, 0xbe5a, 0xbe5a, 0xbe5a, 0xbe5a, 0xbe5b,
0xdf3e, 0x8472, 0x0000, 0x7ae0, 0xfe80, 0xfe00, 0xfe00, 0xfe00, 0xfe00, 0xfe00,
0xfe00, 0xfe00, 0xfe00, 0xfe00, 0xfe00, 0xfe00, 0xfe00, 0xfe00, 0xfe00, 0xfe00,
0xfe00, 0xfe00, 0xfe00, 0xfe00, 0xfe00, 0xfe00, 0xfe00, 0xfe00, 0xfe00, 0xfe00,
0xfe00, 0xfe00, 0xfe00, 0xfe00, 0xfe00, 0xfe00, 0xfe00, 0xfe00, 0xfe00, 0xfe00,
0xfe00, 0xfe00, 0xfe00, 0xfe00, 0xfe00, 0xfe00, 0xfe00, 0xfe00, 0xfe00, 0xfe00,
0xfe00, 0xfe00, 0xfe00, 0xfe00, 0xfe00, 0xfe00, 0xfe00, 0xfe00, 0xfe00, 0xfe00,
0xfe00, 0xfe00, 0xfe00, 0xfe00, 0xfe00, 0xfe00, 0xfe00, 0xfe00, 0xfe00, 0xfe00,
0xfe00, 0xfe00, 0xfe00, 0xfe00, 0xfe00, 0xfde0, 0xfe60, 0xe5a0, 0x28e0, 0x0000,

0x0000, 0x0000, 0xbc40, 0xfea0, 0xfe00, 0xfe00, 0xfe00, 0xfde0, 0xfe80, 0xdd40,
0x18a0, 0x0000, 0x6a80, 0x8b40, 0xac00, 0x3940, 0x0020, 0x20c0, 0x0000, 0x0000,
0x0000, 0x0000, 0x0000, 0x0000, 0x0000, 0x0000, 0x0000, 0x0000, 0x0000, 0x0000,
0x0000, 0x0000, 0x0000, 0x0000, 0x0000, 0x0000, 0x0000, 0x0000, 0x0000, 0x0000,
0x0000, 0x49a0, 0xfe40, 0xfe40, 0xfde0, 0xfde0, 0xfe40, 0xccc0, 0x0840, 0x0000,
0x0000, 0x0000, 0x0000, 0x0000, 0x0000, 0x0000, 0x0000, 0x72c0, 0xfe80, 0xfe00,
0xfe00, 0xfe00, 0xfe00, 0xfe80, 0xbc80, 0x0000, 0xbc80, 0xfea0, 0xfe00, 0xfde0,
0xfe80, 0x8320, 0x2900, 0xfec0, 0xb480, 0x0000, 0x0000, 0x0000, 0x0000, 0x0000,
0x0000, 0x0000, 0x0000, 0x0000, 0xa3c0, 0xb420, 0x0000, 0x0000, 0x0000, 0x0000,
0x0000, 0x0000, 0x0000, 0x0000, 0x0000, 0xa3c0, 0xfee0, 0xdd60, 0x18a0, 0xa3e0,
0xfe80, 0xfe00, 0xfe00, 0xfe80, 0x9360, 0x28e0, 0xfe00, 0xfe40, 0xfde0, 0xfe00,
0xfe00, 0xfe00, 0xfe00, 0xfe00, 0xfe00, 0xfde0, 0xfe40, 0xfe00, 0x3960, 0x0000,
0x0000, 0x0000, 0x0000, 0x0000, 0x0000, 0x0000, 0x0000, 0x0000, 0x0000, 0x0000,
0x0000, 0x0000, 0x0000, 0x0000, 0x0000, 0x0000, 0x0000, 0x0000, 0x0840, 0x72a0,
0x3184, 0xb61a, 0xb61a, 0xadf9, 0xae1a, 0xadf9, 0xb61a, 0xb619, 0xadf9, 0xadf9,
0xadf9, 0xb63a, 0xadd9, 0xadf9, 0xadf9, 0xadf9, 0xadf9, 0xadd9, 0xadf9, 0x9d77,
0x7c32, 0x9557, 0xa5b9, 0x9557, 0x8d37, 0x8d37, 0x9577, 0x8cf6, 0x8cf5, 0xb63a,
0xc67b, 0xb619, 0xadd9, 0xa5d9, 0xadf9, 0xadf9, 0xadd9, 0xb65b, 0xa597, 0x0861,
0x0000, 0x7c11, 0xbebc, 0xadf9, 0xadf9, 0xadf9, 0xadf9, 0xadf9, 0xadf9, 0xa5d9,
0xa5d9, 0xa5d9, 0xa5d9, 0xa5d9, 0xadd9, 0xa5d9, 0xadf9, 0xae1a, 0xb65a, 0xb63a,
0xae1a, 0xb619, 0xa5d9, 0xa5b9, 0xb63a, 0xadd9, 0x9d77, 0xdf3d, 0xc69b, 0xbe7b,
0xbe7b, 0xbe7b, 0xbe5b, 0xbe7b, 0xc67b, 0xbe7b, 0xc67b, 0xbe5a, 0xbe5a, 0xbe3a,
0xc69b, 0xcedc, 0xb63a, 0xadd9, 0xc67b, 0xdf1c, 0xc69b, 0x5aec, 0x94d4, 0xdf3d,
0xcebb, 0xadf9, 0xb5f9, 0xc69b, 0xc67b, 0xbe3a, 0xbe5a, 0xbe5a, 0xbe5a, 0xcebc,
0xbe19, 0x10a4, 0x28e0, 0xede0, 0xfe60, 0xfe00, 0xfe00, 0xfe00, 0xfe00, 0xfe00,
0xfe00, 0xfe00, 0xfe00, 0xfe00, 0xfe00, 0xfe00, 0xfe00, 0xfe00, 0xfe00, 0xfe00,
0xfe00, 0xfe00, 0xfe00, 0xfe00, 0xfe00, 0xfe00, 0xfe00, 0xfe00, 0xfe00, 0xfe00,
0xfe00, 0xfe00, 0xfe00, 0xfe00, 0xfe00, 0xfe00, 0xfe00, 0xfe00, 0xfe00, 0xfe00,
0xfe00, 0xfe00, 0xfe00, 0xfe00, 0xfe00, 0xfe00, 0xfe00, 0xfe00, 0xfe00, 0xfe00,
0xfe00, 0xfe00, 0xfe00, 0xfe00, 0xfe00, 0xfe00, 0xfe00, 0xfe00, 0xfe00, 0xfe00,
0xfe00, 0xfe00, 0xfe00, 0xfe00, 0xfe00, 0xfe00, 0xfe00, 0xfe00, 0xfe00, 0xfe00,
0xfe00, 0xfe00, 0xfe00, 0xfe00, 0xfe00, 0xfde0, 0xfe60, 0xe5a0, 0x28e0, 0x0000,

0x0000, 0x0000, 0xbc40, 0xfea0, 0xfe00, 0xfe00, 0xfe00, 0xfe00, 0xfea0, 0xb460,
0x0000, 0x1880, 0x8300, 0x8b40, 0xcca0, 0x9360, 0x0000, 0x0000, 0x0000, 0x0000,
0x0000, 0x0000, 0x0000, 0x0000, 0x0000, 0x0000, 0x0000, 0x0000, 0x0000, 0x0000,
0x0000, 0x0000, 0x0000, 0x0000, 0x0000, 0x0000, 0x0000, 0x0000, 0x0000, 0x0000,
0x3120, 0xedc0, 0xfe60, 0xfde0, 0xfe00, 0xfde0, 0xfe40, 0xccc0, 0x0840, 0x0000,
0x0000, 0x0000, 0x0000, 0x0000, 0x0000, 0x0000, 0x0000, 0x72c0, 0xfe80, 0xfe00,
0xfe00, 0xfe00, 0xfe00, 0xfe40, 0xe540, 0x8320, 0xe560, 0xfe40, 0xfe00, 0xfde0,
0xfe80, 0x72c0, 0x3100, 0xfec0, 0xb460, 0x0000, 0x0000, 0x0000, 0x0000, 0x0000,
0x0000, 0x0000, 0x0000, 0x0000, 0xa400, 0xc4c0, 0x0000, 0x0000, 0x0000, 0x0000,
0x0000, 0x0000, 0x0000, 0x0000, 0x0000, 0x8b60, 0xfec0, 0xf5c0, 0x20c0, 0x9380,
0xfe80, 0xfe00, 0xfe00, 0xfe80, 0x9360, 0x28e0, 0xfe00, 0xfe40, 0xfde0, 0xfe00,
0xfe00, 0xfe00, 0xfe00, 0xfe00, 0xfe00, 0xfde0, 0xfe40, 0xfe00, 0x3960, 0x0000,
0x0000, 0x0000, 0x0000, 0x0000, 0x0000, 0x0000, 0x0000, 0x0000, 0x0000, 0x0000,
0x0000, 0x0000, 0x0000, 0x0000, 0x0000, 0x0000, 0x0000, 0x0000, 0x0000, 0x1860,
0x2124, 0xb63a, 0xb63a, 0xadf9, 0xb61a, 0xae1a, 0xb61a, 0xb619, 0xadf9, 0xadf9,
0xadd9, 0xbe3a, 0xadd9, 0xadd9, 0xadf9, 0xb61a, 0xa5d9, 0xb65a, 0xc6bc, 0x9d57,
0x73d0, 0x8cf6, 0x8cf5, 0x9536, 0x9dd9, 0x9537, 0x8d16, 0x84b5, 0x8cf5, 0xb63a,
0xc67b, 0xadf9, 0xadd9, 0xadd9, 0xadf9, 0xadf9, 0xadf9, 0xadf9, 0xc6bc, 0x52ec,
0x3186, 0xbe5a, 0xadfa, 0xadf9, 0xadf9, 0xadf9, 0xadf9, 0xadf9, 0xadd9, 0xadd9,
0xa5d9, 0xa5d9, 0xa5d9, 0xadd9, 0xb63a, 0xbe9c, 0xae1a, 0x9d98, 0x9db8, 0x9d98,
0xadf9, 0xbe9c, 0xb63b, 0xa5b8, 0xb63a, 0xadd8, 0x9d78, 0xdf1d, 0xcebc, 0xc67b,
0xbe5b, 0xc67b, 0xc67b, 0xbe5a, 0xc67b, 0xbe5b, 0xbe7b, 0xc67b, 0xbe5a, 0xbe3a,
0xc69b, 0xd6fc, 0xbe5a, 0xa5d8, 0xb63a, 0xd6fc, 0xc69b, 0xb5f9, 0xbe5b, 0xd6dc,
0xd6dc, 0xadf9, 0xadf9, 0xc67b, 0xc67b, 0xbe7b, 0xbe5a, 0xbe5a, 0xc67b, 0xcebc,
0x52cc, 0x0000, 0xac41, 0xfec0, 0xfe00, 0xfe00, 0xfe00, 0xfe00, 0xfe00, 0xfe00,
0xfe00, 0xfe00, 0xfe00, 0xfe00, 0xfe00, 0xfe00, 0xfe00, 0xfe00, 0xfe00, 0xfe00,
0xfe00, 0xfe00, 0xfe00, 0xfe00, 0xfe00, 0xfe00, 0xfe00, 0xfe00, 0xfe00, 0xfe00,
0xfe00, 0xfe00, 0xfe00, 0xfe00, 0xfe00, 0xfe00, 0xfe00, 0xfe00, 0xfe00, 0xfe00,
0xfe00, 0xfe00, 0xfe00, 0xfe00, 0xfe00, 0xfe00, 0xfe00, 0xfe00, 0xfe00, 0xfe00,
0xfe00, 0xfe00, 0xfe00, 0xfe00, 0xfe00, 0xfe00, 0xfe00, 0xfe00, 0xfe00, 0xfe00,
0xfe00, 0xfe00, 0xfe00, 0xfe00, 0xfe00, 0xfe00, 0xfe00, 0xfe00, 0xfe00, 0xfe00,
0xfe00, 0xfe00, 0xfe00, 0xfe00, 0xfe00, 0xfde0, 0xfe60, 0xe5a0, 0x28e0, 0x0000,

0x0000, 0x0000, 0xbc40, 0xfea0, 0xfe00, 0xfe00, 0xfe00, 0xfe00, 0xfea0, 0x9ba0,
0x0000, 0x2900, 0x8b40, 0x9380, 0xdd20, 0xeda0, 0x1060, 0x20e0, 0xac20, 0xc4a0,
0xb440, 0x6a80, 0x0840, 0x0000, 0x0000, 0x0000, 0x0000, 0x0000, 0x0000, 0x0000,
0x0000, 0x0000, 0x0000, 0x0000, 0x0000, 0x0000, 0x0000, 0x0000, 0x0000, 0x0000,
0x4180, 0xfe40, 0xfe20, 0xfde0, 0xfe00, 0xfe00, 0xfe40, 0xe540, 0x1060, 0x0000,
0x0000, 0x0000, 0x0000, 0x0000, 0x0000, 0x0000, 0x0000, 0x6240, 0xfe60, 0xfe20,
0xfe00, 0xfe00, 0xfe00, 0xfde0, 0xfe20, 0xfe80, 0xfe20, 0xfde0, 0xfe00, 0xfe00,
0xfe60, 0x6260, 0x41a0, 0xff20, 0x9ba0, 0x0000, 0x0000, 0x0000, 0x0000, 0x0000,
0x0000, 0x0000, 0x0000, 0x0000, 0xbca0, 0xc500, 0x0000, 0x0000, 0x0000, 0x0000,
0x0000, 0x0000, 0x0000, 0x0000, 0x0000, 0x8320, 0xfec0, 0xfe00, 0x28e0, 0x8b40,
0xfe80, 0xfe00, 0xfe00, 0xfe80, 0x9360, 0x28e0, 0xfe00, 0xfe40, 0xfde0, 0xfe00,
0xfe00, 0xfe00, 0xfe00, 0xfe00, 0xfe00, 0xfde0, 0xfe40, 0xfe00, 0x3960, 0x0000,
0x0000, 0x0000, 0x0000, 0x0000, 0x0000, 0x0000, 0x0000, 0x0000, 0x0000, 0x0000,
0x0000, 0x0000, 0x0000, 0x0000, 0x0000, 0x0000, 0x0000, 0x0000, 0x0000, 0x0000,
0x1904, 0xb63a, 0xb63a, 0xadf9, 0xadf9, 0xadf9, 0xb61a, 0xae19, 0xadf9, 0xadf9,
0xadf9, 0xb63a, 0xadd9, 0xa5d9, 0xadd9, 0xb65b, 0xbe9b, 0x9515, 0x52cd, 0x1906,
0x0001, 0x0882, 0x0862, 0x1905, 0x4a8c, 0x7c73, 0x9598, 0x9537, 0x8cf5, 0xbe5a,
0xc69b, 0xadf9, 0xa5d9, 0xadf9, 0xadf9, 0xadf9, 0xadf9, 0xadf9, 0xb61a, 0xa5b8,
0xa577, 0xae1a, 0xa5d9, 0xadf9, 0xadf9, 0xadf9, 0xadf9, 0xadf9, 0xadf9, 0xa5d9,
0xadf9, 0xa5d9, 0xb63a, 0xbe9c, 0x9d36, 0x5b0d, 0x2147, 0x0043, 0x0883, 0x0883,
0x1926, 0x4aac, 0x8494, 0xb63a, 0xc69c, 0xadd8, 0x9d77, 0xcedc, 0xc69b, 0xc67b,
0xc67b, 0xbe5a, 0xc69b, 0xbe5a, 0xc67b, 0xbe5b, 0xbe5b, 0xc67b, 0xbe5b, 0xbe3a,
0xbe7b, 0xdefc, 0xc69b, 0xadf9, 0xbe5a, 0xcedc, 0xc67b, 0xb63a, 0xb63a, 0xd6dc,
0xd6dc, 0xb61a, 0xb619, 0xbe5a, 0xbe5b, 0xc67b, 0xbe5a, 0xbe3a, 0xd6fd, 0x94f4,
0x0001, 0x5a21, 0xfea0, 0xfe20, 0xfde0, 0xfe00, 0xfe00, 0xfe00, 0xfe00, 0xfe00,
0xfe00, 0xfe00, 0xfe00, 0xfe00, 0xfe00, 0xfe00, 0xfe00, 0xfe00, 0xfe00, 0xfe00,
0xfe00, 0xfe00, 0xfe00, 0xfe00, 0xfe00, 0xfe00, 0xfe00, 0xfe00, 0xfe00, 0xfe00,
0xfe00, 0xfe00, 0xfe00, 0xfe00, 0xfe00, 0xfe00, 0xfe00, 0xfe00, 0xfe00, 0xfe00,
0xfe00, 0xfe00, 0xfe00, 0xfe00, 0xfe00, 0xfe00, 0xfe00, 0xfe00, 0xfe00, 0xfe00,
0xfe00, 0xfe00, 0xfe00, 0xfe00, 0xfe00, 0xfe00, 0xfe00, 0xfe00, 0xfe00, 0xfe00,
0xfe00, 0xfe00, 0xfe00, 0xfe00, 0xfe00, 0xfe00, 0xfe00, 0xfe00, 0xfe00, 0xfe00,
0xfe00, 0xfe00, 0xfe00, 0xfe00, 0xfe00, 0xfde0, 0xfe60, 0xe5a0, 0x28e0, 0x0000,

0x0000, 0x0000, 0xbc40, 0xfea0, 0xfe00, 0xfe00, 0xfe00, 0xfe20, 0xfe60, 0x72c0,
0x0000, 0x3140, 0x8320, 0xac00, 0xf5a0, 0x9360, 0x0000, 0x49c0, 0xfea0, 0xfe80,
0xfec0, 0xfee0, 0xc480, 0x1080, 0x0000, 0x0000, 0x0000, 0x0000, 0x0000, 0x0000,
0x0000, 0x0000, 0x0000, 0x0000, 0x0000, 0x0000, 0x0000, 0x0000, 0x0000, 0x0000,
0x0000, 0xb460, 0xfea0, 0xfde0, 0xfe00, 0xfe00, 0xfe40, 0xed80, 0x1060, 0x0000,
0x0000, 0x0000, 0x0000, 0x0000, 0x0000, 0x0000, 0x0000, 0x51e0, 0xfe40, 0xfe40,
0xfde0, 0xfe00, 0xfe00, 0xfe00, 0xfe00, 0xfe00, 0xfe00, 0xfe00, 0xfe00, 0xfe00,
0xfe60, 0x5a00, 0x49c0, 0xff20, 0x9360, 0x0000, 0x0000, 0x0000, 0x0000, 0x0000,
0x0000, 0x0000, 0x0000, 0x0000, 0xc4c0, 0xcd00, 0x0000, 0x0000, 0x0000, 0x0000,
0x0000, 0x0000, 0x0000, 0x0000, 0x0000, 0x72c0, 0xfe80, 0xfe60, 0x3960, 0x72c0,
0xfe60, 0xfe00, 0xfe00, 0xfe80, 0x9360, 0x28e0, 0xfe00, 0xfe40, 0xfde0, 0xfe00,
0xfe00, 0xfe00, 0xfe00, 0xfe00, 0xfe00, 0xfde0, 0xfe40, 0xfe00, 0x3960, 0x0000,
0x0000, 0x0000, 0x0000, 0x0000, 0x0000, 0x0000, 0x0000, 0x0000, 0x0000, 0x0000,
0x0000, 0x0000, 0x0000, 0x0000, 0x0000, 0x0000, 0x0000, 0x0000, 0x0000, 0x0000,
0x2104, 0xb63a, 0xb63a, 0xadf9, 0xadf9, 0xadf9, 0xae19, 0xadf9, 0xadf9, 0xadf9,
0xae19, 0xb619, 0xadf9, 0xadf9, 0xbe7b, 0xadf9, 0x4aac, 0x0001, 0x0000, 0x3100,
0x5a20, 0x5a00, 0x4980, 0x3120, 0x1040, 0x0001, 0x428c, 0x9d57, 0x9578, 0xbe5a,
0xce9b, 0xadf9, 0xa5b9, 0xadf9, 0xadf9, 0xadf9, 0xadf9, 0xadf9, 0xadd9, 0xb63a,
0xb65b, 0xadd9, 0xadf9, 0xadf9, 0xadf9, 0xadf9, 0xadf9, 0xadf9, 0xae19, 0xa5d9,
0xa5d9, 0xbe7b, 0xbe5a, 0x5b2e, 0x0001, 0x0000, 0x20c0, 0x51e0, 0x59e0, 0x49a0,
0x3940, 0x1880, 0x0000, 0x3a2a, 0xbe39, 0xc69c, 0x9d77, 0xd6fc, 0xc69b, 0xc67b,
0xbe7b, 0xbe5b, 0xc67b, 0xbe5b, 0xc69b, 0xbe5b, 0xb63a, 0xc67b, 0xc67b, 0xbe5a,
0xbe3a, 0xc69b, 0xbe7b, 0xb63a, 0xc69b, 0xbe5a, 0xbe5a, 0xbe5a, 0xbe5a, 0xbe5b,
0xc67b, 0xbe5b, 0xc67b, 0xc67b, 0xbe5a, 0xbe5b, 0xbe3a, 0xc69b, 0xcebc, 0x2147,
0x0820, 0xdd61, 0xfe80, 0xfde0, 0xfe00, 0xfe00, 0xfe00, 0xfe00, 0xfe00, 0xfe00,
0xfe00, 0xfe00, 0xfe00, 0xfe00, 0xfe00, 0xfe00, 0xfe00, 0xfe00, 0xfe00, 0xfe00,
0xfe00, 0xfe00, 0xfe00, 0xfe00, 0xfe00, 0xfe00, 0xfe00, 0xfe00, 0xfe00, 0xfe00,
0xfe00, 0xfe00, 0xfe00, 0xfe00, 0xfe00, 0xfe00, 0xfe00, 0xfe00, 0xfe00, 0xfe00,
0xfe00, 0xfe00, 0xfe00, 0xfe00, 0xfe00, 0xfe00, 0xfe00, 0xfe00, 0xfe00, 0xfe00,
0xfe00, 0xfe00, 0xfe00, 0xfe00, 0xfe00, 0xfe00, 0xfe00, 0xfe00, 0xfe00, 0xfe00,
0xfe00, 0xfe00, 0xfe00, 0xfe00, 0xfe00, 0xfe00, 0xfe00, 0xfe00, 0xfe00, 0xfe00,
0xfe00, 0xfe00, 0xfe00, 0xfe00, 0xfe00, 0xfde0, 0xfe60, 0xe5a0, 0x28e0, 0x0000,

0x0000, 0x0000, 0xbc40, 0xfea0, 0xfe00, 0xfe00, 0xfe00, 0xfe20, 0xfe40, 0x5a20,
0x0000, 0x3140, 0x8b40, 0xc4a0, 0x72c0, 0x0000, 0x0000, 0x5a20, 0xe560, 0x3960,
0x4980, 0xd520, 0xff20, 0xb440, 0x0000, 0x0000, 0x0000, 0x0000, 0x0000, 0x0000,
0x0000, 0x0000, 0x0000, 0x0000, 0x0000, 0x0000, 0x0000, 0x0000, 0x0000, 0x0000,
0x0000, 0x5a20, 0xfe80, 0xfe20, 0xfde0, 0xfe00, 0xfe20, 0xeda0, 0x20e0, 0x0000,
0x0000, 0x0000, 0x0000, 0x0000, 0x0000, 0x0000, 0x0000, 0x3960, 0xfe00, 0xfe40,
0xfde0, 0xfe00, 0xfe00, 0xfe00, 0xfe00, 0xfe00, 0xfe00, 0xfe00, 0xfde0, 0xfe00,
0xfe20, 0x49a0, 0x6260, 0xff00, 0x7ae0, 0x0000, 0x0000, 0x0000, 0x0000, 0x0000,
0x0000, 0x0000, 0x0000, 0x0000, 0xd500, 0xd560, 0x0820, 0x0000, 0x0000, 0x0000,
0x0000, 0x0000, 0x0000, 0x0000, 0x0000, 0x5a40, 0xfe80, 0xfec0, 0x49c0, 0x5200,
0xfe40, 0xfe00, 0xfe00, 0xfe80, 0x9360, 0x28e0, 0xfe00, 0xfe40, 0xfde0, 0xfe00,
0xfe00, 0xfe00, 0xfe00, 0xfe00, 0xfe00, 0xfde0, 0xfe40, 0xfe00, 0x3960, 0x0000,
0x0000, 0x0000, 0x0000, 0x0000, 0x0000, 0x0000, 0x0000, 0x0000, 0x0820, 0x28e0,
0x0820, 0x0000, 0x0000, 0x0000, 0x0000, 0x0000, 0x0000, 0x0000, 0x0000, 0x0000,
0x1904, 0xb63a, 0xb63a, 0xae19, 0xadf9, 0xadf9, 0xadf9, 0xadf9, 0xadf9, 0xadf9,
0xadf9, 0xb61a, 0xb61a, 0xc6bc, 0x9d77, 0x2125, 0x0000, 0x51e0, 0xcce0, 0xfe40,
0xfea0, 0xd4e0, 0xa3c0, 0x9bc0, 0x9380, 0x5a00, 0x0000, 0x2966, 0x9d56, 0xc69c,
0xbe5a, 0xb619, 0xa5d9, 0xadd9, 0xadf9, 0xadd9, 0xadf9, 0xadf9, 0xadf9, 0xadd9,
0xadf9, 0xadf9, 0xadf9, 0xadf9, 0xadf9, 0xadf9, 0xadf9, 0xadf9, 0xadf9, 0xadd9,
0xb63b, 0xadf9, 0x31c7, 0x0000, 0x4160, 0xbc80, 0xfe20, 0xfea0, 0xccc0, 0xa3c0,
0xa3c0, 0x9380, 0x6a60, 0x0000, 0x18e4, 0x9536, 0xb63b, 0xd6fc, 0xce9b, 0xbe5b,
0xbe7b, 0xbe7b, 0xc67b, 0xbe5a, 0xc69b, 0xbe7b, 0xbe5a, 0xbe7b, 0xc67b, 0xc67b,
0xbe5a, 0xbe5b, 0xbe5a, 0xbe5a, 0xc67b, 0xb61a, 0xbe5a, 0xc67b, 0xc67b, 0xbe5a,
0xbe5a, 0xbe7b, 0xc67b, 0xc67b, 0xbe7b, 0xbe5a, 0xbe5a, 0xd73e, 0x6b8f, 0x0000,
0x8b60, 0xfea0, 0xfde0, 0xfe00, 0xfe00, 0xfe00, 0xfe00, 0xfe00, 0xfe00, 0xfe00,
0xfe00, 0xfe00, 0xfe00, 0xfe00, 0xfe00, 0xfe00, 0xfe00, 0xfe00, 0xfe00, 0xfe00,
0xfe00, 0xfe00, 0xfe00, 0xfe00, 0xfe00, 0xfe00, 0xfe00, 0xfe00, 0xfe00, 0xfe00,
0xfe00, 0xfe00, 0xfe00, 0xfe00, 0xfe00, 0xfe00, 0xfe00, 0xfe00, 0xfe00, 0xfe00,
0xfe00, 0xfe00, 0xfe00, 0xfe00, 0xfe00, 0xfe00, 0xfe00, 0xfe00, 0xfe00, 0xfe00,
0xfe00, 0xfe00, 0xfe00, 0xfe00, 0xfe00, 0xfe00, 0xfe00, 0xfe00, 0xfe00, 0xfe00,
0xfe00, 0xfe00, 0xfe00, 0xfe00, 0xfe00, 0xfe00, 0xfe00, 0xfe00, 0xfe00, 0xfe00,
0xfe00, 0xfe00, 0xfe00, 0xfe00, 0xfe00, 0xfde0, 0xfe60, 0xe5a0, 0x28e0, 0x0000,

0x0000, 0x0000, 0xbc40, 0xfea0, 0xfe00, 0xfe00, 0xfe00, 0xfe40, 0xfe20, 0x51e0,
0x0000, 0x3120, 0x9bc0, 0x72c0, 0x0000, 0x20c0, 0x6260, 0x8300, 0xf5a0, 0x2900,
0x0000, 0x3960, 0xfe20, 0xfea0, 0x5a20, 0x0000, 0x0000, 0x0000, 0x0000, 0x0000,
0x0000, 0x0000, 0x0000, 0x0000, 0x0000, 0x0000, 0x0000, 0x0000, 0x0000, 0x0000,
0x0000, 0x1060, 0xd520, 0xfea0, 0xfde0, 0xfe00, 0xfe20, 0xf5c0, 0x3960, 0x0000,
0x0000, 0x0000, 0x0000, 0x0000, 0x0000, 0x0000, 0x0000, 0x2900, 0xede0, 0xfe60,
0xfde0, 0xfe00, 0xfe00, 0xfe00, 0xfe00, 0xfe00, 0xfe00, 0xfe00, 0xfde0, 0xfe20,
0xfe00, 0x3120, 0x7ae0, 0xff00, 0x6240, 0x0000, 0x0000, 0x0000, 0x0000, 0x0000,
0x0000, 0x0000, 0x0000, 0x0000, 0xdd40, 0xdd80, 0x1060, 0x0000, 0x0000, 0x0000,
0x0000, 0x0000, 0x0000, 0x0000, 0x0000, 0x49c0, 0xfe40, 0xfec0, 0x6a80, 0x3960,
0xfe00, 0xfe20, 0xfe00, 0xfe80, 0x9360, 0x28e0, 0xfe00, 0xfe40, 0xfde0, 0xfe00,
0xfe00, 0xfe00, 0xfe00, 0xfe00, 0xfe00, 0xfde0, 0xfe40, 0xfe00, 0x3960, 0x0000,
0x0000, 0x0000, 0x0000, 0x0000, 0x0000, 0x0000, 0x0000, 0x0000, 0x2900, 0xc4a0,
0x2900, 0x0000, 0x0000, 0x0000, 0x0000, 0x0000, 0x0000, 0x0000, 0x0000, 0x0000,
0x0021, 0x8cd4, 0xc6bc, 0xae19, 0xb61a, 0xb61a, 0xae19, 0xae1a, 0xae1a, 0xb619,
0xadf9, 0xadf9, 0xbe7b, 0xbe3a, 0x18e4, 0x0000, 0x9ba1, 0xfec0, 0xfea0, 0xfe40,
0xfe20, 0xac00, 0x5a40, 0x7ac0, 0x8b40, 0xb420, 0x8b40, 0x0000, 0x29a8, 0xbe7b,
0xc69b, 0xadf9, 0xadd9, 0xadf9, 0xadf9, 0xadd9, 0xadf9, 0xadf9, 0xadf9, 0xadd9,
0xadf9, 0xadf9, 0xadf9, 0xadd9, 0xa5d9, 0xadd9, 0xadf9, 0xadf9, 0xa5d9, 0xae1a,
0xb63a, 0x2966, 0x0000, 0x8320, 0xfea0, 0xfec0, 0xfe60, 0xfe00, 0xa3e0, 0x6a80,
0x72c0, 0x9360, 0xa3c0, 0x9bc0, 0x1060, 0x0862, 0xa597, 0xe77e, 0xc69b, 0xc67b,
0xc67b, 0xc67b, 0xc69b, 0xbe5a, 0xc69b, 0xc67b, 0xbe5a, 0xc67b, 0xbe7b, 0xc67b,
0xc67b, 0xc69b, 0xc67b, 0xbe7b, 0xbe7b, 0xbe5b, 0xc67b, 0xbe5b, 0xbe5b, 0xc67b,
0xc67b, 0xbe5b, 0xc67b, 0xc67b, 0xc67b, 0xc67b, 0xd71d, 0xa597, 0x0042, 0x4160,
0xfe20, 0xfe20, 0xfde0, 0xfe00, 0xfe00, 0xfe00, 0xfe00, 0xfe00, 0xfe00, 0xfe00,
0xfe00, 0xfe00, 0xfe00, 0xfe00, 0xfe00, 0xfe00, 0xfe00, 0xfe00, 0xfe00, 0xfe00,
0xfe00, 0xfe00, 0xfe00, 0xfe00, 0xfe00, 0xfe00, 0xfe00, 0xfe00, 0xfe00, 0xfe00,
0xfe00, 0xfe00, 0xfe00, 0xfe00, 0xfe00, 0xfe00, 0xfe00, 0xfe00, 0xfe00, 0xfe00,
0xfe00, 0xfe00, 0xfe00, 0xfe00, 0xfe00, 0xfe00, 0xfe00, 0xfe00, 0xfe00, 0xfe00,
0xfe00, 0xfe00, 0xfe00, 0xfe00, 0xfe00, 0xfe00, 0xfe00, 0xfe00, 0xfe00, 0xfe00,
0xfe00, 0xfe00, 0xfe00, 0xfe00, 0xfe00, 0xfe00, 0xfe00, 0xfe00, 0xfe00, 0xfe00,
0xfe00, 0xfe00, 0xfe00, 0xfe00, 0xfe00, 0xfde0, 0xfe60, 0xe5a0, 0x28e0, 0x0000,

0x0000, 0x0000, 0xbc40, 0xfea0, 0xfe00, 0xfe00, 0xfe00, 0xfe40, 0xf600, 0x3960,
0x0000, 0x20c0, 0x9360, 0x3140, 0x18a0, 0xb440, 0xac00, 0x9380, 0xfe60, 0x8320,
0x0000, 0x0000, 0xbc60, 0xff40, 0xa3e0, 0x0000, 0x0840, 0x6aa0, 0x5200, 0x18a0,
0x6240, 0x1080, 0x0000, 0x0000, 0x0000, 0x0000, 0x0000, 0x0000, 0x0000, 0x0000,
0x0000, 0x0000, 0x8b40, 0xfea0, 0xfe00, 0xfe00, 0xfe20, 0xfde0, 0x49c0, 0x0000,
0x0000, 0x0000, 0x0000, 0x0000, 0x0000, 0x0000, 0x0000, 0x20a0, 0xdd60, 0xfe80,
0xfde0, 0xfe00, 0xfe00, 0xfe00, 0xfe00, 0xfe00, 0xfe00, 0xfe00, 0xfde0, 0xfe20,
0xf5e0, 0x28e0, 0x9bc0, 0xfee0, 0x49c0, 0x0000, 0x0000, 0x0000, 0x0000, 0x0000,
0x0000, 0x0000, 0x0000, 0x0840, 0xe560, 0xede0, 0x20c0, 0x0000, 0x0000, 0x0000,
0x0000, 0x0000, 0x0000, 0x0000, 0x0000, 0x2900, 0xed80, 0xfec0, 0x9b80, 0x20e0,
0xedc0, 0xfe20, 0xfe00, 0xfe80, 0x9360, 0x28e0, 0xfe00, 0xfe40, 0xfde0, 0xfe00,
0xfe00, 0xfe00, 0xfe00, 0xfe00, 0xfe00, 0xfde0, 0xfe40, 0xfe00, 0x3960, 0x0000,
0x0000, 0x0000, 0x0000, 0x0000, 0x0000, 0x0000, 0x0000, 0x0000, 0x49e0, 0xff20,
0x6240, 0x0000, 0x0000, 0x0000, 0x0000, 0x0000, 0x0000, 0x0000, 0x0000, 0x0000,
0x0000, 0x52ab, 0xbe9c, 0xadf9, 0xa5b9, 0xa5d9, 0xa5d9, 0xa5d9, 0xa5d9, 0xa5d9,
0xadd9, 0xb63a, 0xbe5b, 0x4a6a, 0x0000, 0xa402, 0xfee0, 0xfe40, 0xfde0, 0xfde0,
0xfe00, 0xed80, 0xccc0, 0x9ba0, 0x6a80, 0x7ae0, 0xac00, 0x8b40, 0x0000, 0x634e,
0xd71e, 0xadf9, 0xa5d9, 0xadf9, 0xadd9, 0xadf9, 0xadf9, 0xadf9, 0xadf9, 0xadd9,
0xadf9, 0xadf9, 0xadf9, 0xadf9, 0xadd9, 0xadd9, 0xadd9, 0xadd9, 0xadf9, 0xbe9c,
0x5b2d, 0x0000, 0x8320, 0xfec0, 0xfe40, 0xfde0, 0xfe00, 0xfe00, 0xed80, 0xd500,
0xb420, 0x7ae0, 0x7ae0, 0xa3e0, 0xa3e0, 0x0000, 0x3a2a, 0xdf3e, 0xcebc, 0xbe5a,
0xbe5a, 0xbe5a, 0xc67b, 0xbe5a, 0xc67b, 0xbe3a, 0xb63a, 0xbe5a, 0xbe5a, 0xbe5b,
0xbe3a, 0xbe5a, 0xbe3a, 0xb61a, 0xb61a, 0xb63a, 0xbe5a, 0xb61a, 0xb63a, 0xbe5a,
0xbe5a, 0xbe3a, 0xb63a, 0xb63a, 0xbe3a, 0xc67b, 0xc69b, 0x39e8, 0x0000, 0xcce0,
0xfea0, 0xfde0, 0xfe00, 0xfe00, 0xfe00, 0xfe00, 0xfe00, 0xfe00, 0xfe00, 0xfe00,
0xfe00, 0xfe00, 0xfe00, 0xfe00, 0xfe00, 0xfe00, 0xfe00, 0xfe00, 0xfe00, 0xfe00,
0xfe00, 0xfe00, 0xfe00, 0xfe00, 0xfe00, 0xfe00, 0xfe00, 0xfe00, 0xfe00, 0xfe00,
0xfe00, 0xfe00, 0xfe00, 0xfe00, 0xfe00, 0xfe00, 0xfe00, 0xfe00, 0xfe00, 0xfe00,
0xfe00, 0xfe00, 0xfe00, 0xfe00, 0xfe00, 0xfe00, 0xfe00, 0xfe00, 0xfe00, 0xfe00,
0xfe00, 0xfe00, 0xfe00, 0xfe00, 0xfe00, 0xfe00, 0xfe00, 0xfe00, 0xfe00, 0xfe00,
0xfe00, 0xfe00, 0xfe00, 0xfe00, 0xfe00, 0xfe00, 0xfe00, 0xfe00, 0xfe00, 0xfe00,
0xfe00, 0xfe00, 0xfe00, 0xfe00, 0xfe00, 0xfde0, 0xfe60, 0xe5a0, 0x28e0, 0x0000,

0x0000, 0x0000, 0xbc40, 0xfea0, 0xfe00, 0xfe00, 0xfe00, 0xfe40, 0xf600, 0x3960,
0x0000, 0x0840, 0x72c0, 0x8b40, 0xac20, 0xc480, 0x9360, 0x6a80, 0xdda0, 0xd520,
0x0000, 0x0000, 0x9360, 0xff00, 0xc4c0, 0x0000, 0x28e0, 0xfe60, 0xc4c0, 0x3140,
0xfe00, 0x5a40, 0x0000, 0x0000, 0x0000, 0x0000, 0x0000, 0x0000, 0x0000, 0x0000,
0x0000, 0x0000, 0x3960, 0xf5e0, 0xfe60, 0xfde0, 0xfe20, 0xfe20, 0x6240, 0x0000,
0x0000, 0x0000, 0x0000, 0x0000, 0x0000, 0x0000, 0x0000, 0x0840, 0xccc0, 0xfea0,
0xfe00, 0xfe00, 0xfe00, 0xfe00, 0xfe00, 0xfe00, 0xfe00, 0xfe00, 0xfde0, 0xfe40,
0xdd40, 0x20a0, 0xbca0, 0xfe80, 0x3940, 0x0000, 0x0000, 0x0000, 0x0000, 0x0000,
0x0000, 0x0000, 0x0000, 0x28e0, 0xedc0, 0xfe20, 0x3120, 0x0000, 0x0000, 0x0000,
0x0000, 0x0000, 0x0000, 0x0000, 0x0000, 0x1040, 0xcce0, 0xff00, 0xb460, 0x1060,
0xcce0, 0xfe40, 0xfe00, 0xfe80, 0x9360, 0x28e0, 0xfe00, 0xfe40, 0xfde0, 0xfe00,
0xfe00, 0xfe00, 0xfe00, 0xfe00, 0xfe00, 0xfde0, 0xfe40, 0xfe00, 0x3960, 0x0000,
0x0000, 0x0000, 0x0000, 0x0000, 0x0000, 0x0000, 0x0000, 0x0000, 0x20c0, 0xfe60,
0xb480, 0x0000, 0x0000, 0x0000, 0x0000, 0x0000, 0x0000, 0x0000, 0x0000, 0x0000,
0x0000, 0x18e3, 0xa597, 0xb65b, 0xa5d9, 0xa5d9, 0xadd9, 0xa5d9, 0xa5b9, 0xa5b8,
0x9d98, 0xb65b, 0x8cd4, 0x0000, 0x5a42, 0xfea1, 0xfe40, 0xfde0, 0xfe00, 0xfe00,
0xfe00, 0xfe20, 0xfe40, 0xfe40, 0xb440, 0x72a0, 0x8300, 0xb440, 0x49a0, 0x10a3,
0xbe3a, 0xbe7b, 0xa5b8, 0xadf9, 0xadd9, 0xadd9, 0xadd9, 0xadf9, 0xadd9, 0xa5d9,
0xa5d9, 0xa5d9, 0xa5d9, 0xadd9, 0xadd9, 0xadd9, 0xa5d9, 0xa5d9, 0xb65b, 0x9d57,
0x0863, 0x4160, 0xfe40, 0xfe40, 0xfde0, 0xfe00, 0xfe00, 0xfe00, 0xfe20, 0xfe40,
0xfe60, 0xdd60, 0x72c0, 0x7ae0, 0xac00, 0x7ac0, 0x0000, 0xa556, 0xd71d, 0xbe7b,
0xbe7b, 0xbe3a, 0xbe5b, 0xbe5a, 0xcebb, 0xbe5a, 0xb61a, 0xbe5b, 0xa597, 0xb619,
0xbe5a, 0xbe5a, 0xbe5a, 0xbe3a, 0xb63a, 0xbe5a, 0xb63a, 0xb63a, 0xb63a, 0xb619,
0xbe3a, 0xbe3a, 0xbe5a, 0xb61a, 0xb63a, 0xcefd, 0x8451, 0x0000, 0x72c0, 0xfea0,
0xfe20, 0xfe00, 0xfe00, 0xfe00, 0xfe00, 0xfe00, 0xfe00, 0xfe00, 0xfe00, 0xfe00,
0xfe00, 0xfe00, 0xfe00, 0xfe00, 0xfe00, 0xfe00, 0xfe00, 0xfe00, 0xfe00, 0xfe00,
0xfe00, 0xfe00, 0xfe00, 0xfe00, 0xfe00, 0xfe00, 0xfe00, 0xfe00, 0xfe00, 0xfe00,
0xfe00, 0xfe00, 0xfe00, 0xfe00, 0xfe00, 0xfe00, 0xfe00, 0xfe00, 0xfe00, 0xfe00,
0xfe00, 0xfe00, 0xfe00, 0xfe00, 0xfe00, 0xfe00, 0xfe00, 0xfe00, 0xfe00, 0xfe00,
0xfe00, 0xfe00, 0xfe00, 0xfe00, 0xfe00, 0xfe00, 0xfe00, 0xfe00, 0xfe00, 0xfe00,
0xfe00, 0xfe00, 0xfe00, 0xfe00, 0xfe00, 0xfe00, 0xfe00, 0xfe00, 0xfe00, 0xfe00,
0xfe00, 0xfe00, 0xfe00, 0xfe00, 0xfe00, 0xfde0, 0xfe60, 0xe5a0, 0x28e0, 0x0000,

0x0000, 0x0000, 0xbc40, 0xfea0, 0xfe00, 0xfe00, 0xfe00, 0xfe40, 0xfe20, 0x49e0,
0x0000, 0x0000, 0x5200, 0xb420, 0xc4a0, 0xb420, 0xbc60, 0x5200, 0x9380, 0xfea0,
0x3140, 0x0000, 0x9360, 0xff20, 0xbc80, 0x0000, 0x20e0, 0xf5c0, 0xc480, 0x3100,
0xee00, 0xb460, 0x0000, 0x0000, 0x0000, 0x0000, 0x0000, 0x0000, 0x0000, 0x0000,
0x0000, 0x0000, 0x0000, 0xbc80, 0xfe80, 0xfe00, 0xfe00, 0xfe60, 0x7ae0, 0x0000,
0x0000, 0x0000, 0x0000, 0x0000, 0x0000, 0x0000, 0x0000, 0x0000, 0xa3c0, 0xfea0,
0xfe00, 0xfe00, 0xfe00, 0xfe00, 0xfe00, 0xfe00, 0xfe00, 0xfe00, 0xfde0, 0xfe80,
0xb440, 0x1880, 0xe580, 0xe5a0, 0x18a0, 0x0000, 0x0000, 0x0000, 0x0000, 0x0000,
0x0000, 0x0000, 0x0000, 0x3960, 0xfe00, 0xfe80, 0x49a0, 0x0000, 0x0000, 0x0000,
0x0000, 0x0000, 0x0000, 0x0000, 0x0000, 0x0000, 0xb440, 0xfee0, 0xdd40, 0x1880,
0x9ba0, 0xfe80, 0xfde0, 0xfe80, 0x9360, 0x28e0, 0xfe00, 0xfe40, 0xfde0, 0xfe00,
0xfe00, 0xfe00, 0xfe00, 0xfe00, 0xfe00, 0xfde0, 0xfe40, 0xfe00, 0x3960, 0x0000,
0x0000, 0x0000, 0x0000, 0x0000, 0x0000, 0x0000, 0x0000, 0x20c0, 0x0840, 0x9c00,
0xfea0, 0x28e0, 0x0000, 0x0000, 0x0000, 0x0000, 0x0000, 0x0000, 0x0000, 0x0000,
0x0000, 0x0000, 0x7411, 0xbe9c, 0xadd9, 0xa5d9, 0xadf9, 0xadd9, 0xa5d9, 0xadd9,
0xa5d9, 0xb63a, 0x426b, 0x0820, 0xd540, 0xfea0, 0xfde0, 0xfe00, 0xfe00, 0xfe00,
0xfe00, 0xfe00, 0xfe00, 0xfe20, 0xfec0, 0xa400, 0x72a0, 0x8b60, 0xa3c0, 0x0000,
0x6b8f, 0xcedd, 0xae1a, 0xadf9, 0xae1a, 0xadf9, 0xadf9, 0xae19, 0xadf9, 0xadf9,
0xadf9, 0xadf9, 0xadf9, 0xadf9, 0xadf9, 0xadf9, 0xadf9, 0xadf9, 0xc6dd, 0x636e,
0x0000, 0xb460, 0xfea0, 0xfe00, 0xfe00, 0xfe00, 0xfe00, 0xfe00, 0xfe00, 0xfe00,
0xfe00, 0xfe80, 0xdd40, 0x72c0, 0x8320, 0xa3e0, 0x20c0, 0x4a6b, 0xcebc, 0xc67b,
0xbe5a, 0xbe5a, 0xbe5a, 0xbe5a, 0xcebb, 0xc67b, 0xb61a, 0xbe7b, 0x9515, 0x73cf,
0xbe5a, 0xb63a, 0xbe5a, 0xb63a, 0xb61a, 0xbe5a, 0xadf9, 0xb619, 0xbe5b, 0xb61a,
0xb61a, 0xbe3a, 0xbe5a, 0xb619, 0xbe5a, 0xadf9, 0x0064, 0x28e0, 0xf5e0, 0xfe60,
0xfde0, 0xfe00, 0xfe00, 0xfe00, 0xfe00, 0xfe00, 0xfe00, 0xfe00, 0xfe00, 0xfe00,
0xfe00, 0xfe00, 0xfe00, 0xfe00, 0xfe00, 0xfe00, 0xfe00, 0xfe00, 0xfe00, 0xfe00,
0xfe00, 0xfe00, 0xfe00, 0xfe00, 0xfe00, 0xfe00, 0xfe00, 0xfe00, 0xfe00, 0xfe00,
0xfe00, 0xfe00, 0xfe00, 0xfe00, 0xfe00, 0xfe00, 0xfe00, 0xfe00, 0xfe00, 0xfe00,
0xfe00, 0xfe00, 0xfe00, 0xfe00, 0xfe00, 0xfe00, 0xfe00, 0xfe00, 0xfe00, 0xfe00,
0xfe00, 0xfe00, 0xfe00, 0xfe00, 0xfe00, 0xfe00, 0xfe00, 0xfe00, 0xfe00, 0xfe00,
0xfe00, 0xfe00, 0xfe00, 0xfe00, 0xfe00, 0xfe00, 0xfe00, 0xfe00, 0xfe00, 0xfe00,
0xfe00, 0xfe00, 0xfe00, 0xfe00, 0xfe00, 0xfde0, 0xfe60, 0xe5a0, 0x28e0, 0x0000,

0x0000, 0x0000, 0xbc40, 0xfea0, 0xfe00, 0xfe00, 0xfe00, 0xfe20, 0xfe60, 0x6a80,
0x0000, 0x0000, 0x28e0, 0x9ba0, 0xbc60, 0xd500, 0xfe00, 0x6a80, 0x3140, 0xfea0,
0x7b00, 0x0000, 0xc4a0, 0xff40, 0x8320, 0x0000, 0x18a0, 0xed80, 0xbc80, 0x3100,
0xedc0, 0xfe00, 0x20c0, 0x0000, 0x0000, 0x0000, 0x0000, 0x0000, 0x0000, 0x0000,
0x0000, 0x0000, 0x0000, 0x6a80, 0xfe60, 0xfe00, 0xfe00, 0xfe80, 0x9380, 0x0000,
0x0000, 0x0000, 0x0000, 0x0000, 0x0000, 0x0000, 0x0000, 0x0000, 0x7ae0, 0xfe80,
0xfe20, 0xfe00, 0xfe00, 0xfe00, 0xfe00, 0xfe00, 0xfe00, 0xfe00, 0xfde0, 0xfec0,
0x7b00, 0x28e0, 0xfe60, 0xc4c0, 0x0000, 0x0000, 0x0000, 0x0000, 0x0000, 0x0000,
0x0000, 0x0000, 0x0000, 0x51e0, 0xfe40, 0xfea0, 0x5a20, 0x0000, 0x0000, 0x0000,
0x0000, 0x0000, 0x0000, 0x0000, 0x0000, 0x0000, 0x7ae0, 0xfe80, 0xfe20, 0x3120,
0x6260, 0xfe80, 0xfe00, 0xfe80, 0x9360, 0x28e0, 0xfe00, 0xfe40, 0xfde0, 0xfe00,
0xfe00, 0xfe00, 0xfe00, 0xfe00, 0xfe00, 0xfe40, 0xfe80, 0xfe00, 0x3960, 0x0000,
0x0000, 0x0000, 0x0000, 0x0000, 0x0000, 0x0000, 0x0000, 0x9b80, 0x6240, 0x4180,
0xff00, 0x7b00, 0x0000, 0x0000, 0x0000, 0x0000, 0x0000, 0x0000, 0x0000, 0x0000,
0x0000, 0x0000, 0x3a08, 0xae1a, 0xa5b8, 0xa598, 0x9d78, 0x9d77, 0x9d77, 0x9d77,
0xa5b8, 0xa5b8, 0x10c5, 0x4160, 0xfe40, 0xfe40, 0xfde0, 0xfe00, 0xfe00, 0xfe00,
0xfe00, 0xfe00, 0xfe00, 0xfde0, 0xfe40, 0xf600, 0x8b20, 0x7ae0, 0xb440, 0x3100,
0x29a8, 0xbe5a, 0xb63a, 0xadd9, 0xa5d9, 0xadd9, 0xa5d9, 0xa5d9, 0xadd9, 0xadd9,
0xadd9, 0xa5d9, 0xadd9, 0xa5d9, 0xa5d9, 0xa5d9, 0xa5d9, 0xae1a, 0xae19, 0x2987,
0x18a1, 0xede2, 0xfe60, 0xfe00, 0xfe00, 0xfe00, 0xfe00, 0xfe00, 0xfe00, 0xfe00,
0xfe00, 0xfde0, 0xfe80, 0x9be0, 0x72c0, 0xac00, 0x6240, 0x0002, 0xadd9, 0xc69b,
0xbe3a, 0xbe5a, 0xbe3a, 0xbe5a, 0xbe7b, 0xb63a, 0xae19, 0xc69b, 0x9d98, 0x18e4,
0x8c93, 0xc69c, 0xb61a, 0xb63a, 0xb63a, 0xb619, 0xadf9, 0xadf9, 0xb61a, 0xbe3a,
0xb63a, 0xb61a, 0xb61a, 0xb63a, 0xcedd, 0x428c, 0x0000, 0xb460, 0xfec0, 0xfde0,
0xfe00, 0xfe00, 0xfe00, 0xfe00, 0xfe00, 0xfe00, 0xfe00, 0xfe00, 0xfe00, 0xfe00,
0xfe00, 0xfe00, 0xfe00, 0xfe00, 0xfe00, 0xfe00, 0xfe00, 0xfe00, 0xfe00, 0xfe00,
0xfe00, 0xfe00, 0xfe00, 0xfe00, 0xfe00, 0xfe00, 0xfe00, 0xfe00, 0xfe00, 0xfe00,
0xfe00, 0xfe00, 0xfe00, 0xfe00, 0xfe00, 0xfe00, 0xfe00, 0xfe00, 0xfe00, 0xfe00,
0xfe00, 0xfe00, 0xfe00, 0xfe00, 0xfe00, 0xfe00, 0xfe00, 0xfe00, 0xfe00, 0xfe00,
0xfe00, 0xfe00, 0xfe00, 0xfe00, 0xfe00, 0xfe00, 0xfe00, 0xfe00, 0xfe00, 0xfe00,
0xfe00, 0xfe00, 0xfe00, 0xfe00, 0xfe00, 0xfe00, 0xfe00, 0xfe00, 0xfe00, 0xfe00,
0xfe00, 0xfe00, 0xfe00, 0xfe00, 0xfe00, 0xfde0, 0xfe60, 0xe5a0, 0x28e0, 0x0000,

0x0000, 0x0000, 0xbc40, 0xfea0, 0xfe00, 0xfe00, 0xfe00, 0xfe00, 0xfea0, 0xa3e0,
0x0000, 0x0000, 0x0000, 0x72a0, 0xdd00, 0xfde0, 0xfec0, 0x8b40, 0x0000, 0xdd40,
0xc4a0, 0x5a00, 0xfea0, 0xf600, 0x2900, 0x0000, 0x20c0, 0xeda0, 0xbc80, 0x3120,
0xe580, 0xfec0, 0x72a0, 0x0000, 0x0000, 0x0000, 0x0000, 0x0000, 0x0000, 0x0000,
0x0000, 0x0000, 0x0000, 0x1880, 0xe540, 0xfe40, 0xfe00, 0xfe80, 0xac20, 0x0000,
0x0000, 0x0000, 0x0000, 0x0000, 0x0000, 0x0000, 0x0000, 0x0000, 0x51e0, 0xfe20,
0xfe40, 0xfe00, 0xfe00, 0xfe00, 0xfe00, 0xfe00, 0xfe00, 0xfde0, 0xfe20, 0xfe80,
0x41a0, 0x49c0, 0xff00, 0x9ba0, 0x0000, 0x0000, 0x0000, 0x0000, 0x0000, 0x0000,
0x0000, 0x0000, 0x0000, 0x6aa0, 0xfe80, 0xfea0, 0x8300, 0x0000, 0x0000, 0x0000,
0x0000, 0x0000, 0x0000, 0x0000, 0x0000, 0x0000, 0x3960, 0xfe40, 0xfea0, 0x6280,
0x2900, 0xfe20, 0xfe20, 0xfe80, 0x9360, 0x28e0, 0xfe00, 0xfe40, 0xfde0, 0xfe00,
0xfe00, 0xfe00, 0xfe00, 0xfde0, 0xfe40, 0xdd40, 0xf5c0, 0xfe20, 0x3960, 0x0000,
0x0000, 0x0000, 0x0000, 0x0000, 0x0000, 0x0000, 0x0000, 0xa3c0, 0xbc60, 0x0800,
0xe5a0, 0xe560, 0x0000, 0x0000, 0x0000, 0x0000, 0x0000, 0x0000, 0x0000, 0x0000,
0x0000, 0x0000, 0x0840, 0x8cf5, 0xb65b, 0xadf9, 0xa5d9, 0xa5d9, 0xadd9, 0xadd9,
0xc6bc, 0x9d56, 0x0001, 0x72a0, 0xfea0, 0xfe00, 0xfe00, 0xfe00, 0xfe00, 0xfe00,
0xfe00, 0xfe00, 0xfe00, 0xfe00, 0xfde0, 0xfe80, 0x9bc0, 0x8300, 0xbc60, 0x51e0,
0x10e5, 0xa598, 0xa5d9, 0x9d98, 0x9578, 0x9d78, 0x9d78, 0x9578, 0x9d78, 0x9d77,
0x9578, 0x9d78, 0x9d78, 0x9d78, 0x9d78, 0x9d78, 0x9d78, 0xa5d9, 0x9536, 0x0043,
0x5200, 0xfe60, 0xfe20, 0xfe00, 0xfe00, 0xfe00, 0xfe00, 0xfe00, 0xfe00, 0xfe00,
0xfe00, 0xfde0, 0xfe60, 0xccc0, 0x72c0, 0xb420, 0x72c0, 0x0001, 0x8cb4, 0x9537,
0x9516, 0x9d57, 0x9537, 0x9537, 0x9d97, 0x9537, 0x8cf6, 0x9d78, 0x8cd4, 0x0861,
0x2945, 0x9557, 0x9537, 0x9536, 0x8d16, 0x8cd5, 0x7c94, 0x8494, 0x8494, 0x8494,
0x84b4, 0x8494, 0x7c94, 0x8cf6, 0x6bb0, 0x0001, 0x6260, 0xfe80, 0xfe00, 0xfde0,
0xfe00, 0xfe00, 0xfe00, 0xfe00, 0xfe00, 0xfe00, 0xfe00, 0xfe00, 0xfe00, 0xfe00,
0xfe00, 0xfe00, 0xfe00, 0xfe00, 0xfe00, 0xfe00, 0xfe00, 0xfe00, 0xfe00, 0xfe00,
0xfe00, 0xfe00, 0xfe00, 0xfe00, 0xfe00, 0xfe00, 0xfe00, 0xfe00, 0xfe00, 0xfe00,
0xfe00, 0xfe00, 0xfe00, 0xfe00, 0xfe00, 0xfe00, 0xfe00, 0xfe00, 0xfe00, 0xfe00,
0xfe00, 0xfe00, 0xfe00, 0xfe00, 0xfe00, 0xfe00, 0xfe00, 0xfe00, 0xfe00, 0xfe00,
0xfe00, 0xfe00, 0xfe00, 0xfe00, 0xfe00, 0xfe00, 0xfe00, 0xfe00, 0xfe00, 0xfe00,
0xfe00, 0xfe00, 0xfe00, 0xfe00, 0xfe00, 0xfe00, 0xfe00, 0xfe00, 0xfe00, 0xfe00,
0xfe00, 0xfe00, 0xfe00, 0xfe00, 0xfe00, 0xfde0, 0xfe60, 0xe5a0, 0x28e0, 0x0000,

0x0000, 0x0000, 0xbc40, 0xfea0, 0xfe00, 0xfe00, 0xfe00, 0xfe00, 0xfe60, 0xe560,
0x20e0, 0x0000, 0x0000, 0x1060, 0x8320, 0xeda0, 0xff60, 0x9ba0, 0x0000, 0x9ba0,
0xfe20, 0xf640, 0xfea0, 0x6a40, 0x0000, 0x0000, 0x2900, 0xfde0, 0xbc80, 0x3120,
0xe580, 0xfee0, 0xc480, 0x0000, 0x0000, 0x0000, 0x0000, 0x0000, 0x0000, 0x0000,
0x0000, 0x0000, 0x0000, 0x0000, 0x93a0, 0xfe80, 0xfde0, 0xfe80, 0xcce0, 0x0840,
0x0000, 0x0000, 0x0000, 0x0000, 0x0000, 0x0000, 0x0000, 0x0000, 0x20c0, 0xe5a0,
0xfe60, 0xfe00, 0xfe00, 0xfe00, 0xfe00, 0xfe00, 0xfe00, 0xfde0, 0xfe60, 0xede0,
0x18a0, 0x9380, 0xfee0, 0x6240, 0x0000, 0x0000, 0x0000, 0x0000, 0x0000, 0x0000,
0x0000, 0x0000, 0x0000, 0x8b40, 0xfe60, 0xfea0, 0xa3e0, 0x0000, 0x0000, 0x0000,
0x0000, 0x0000, 0x0000, 0x0000, 0x0000, 0x0000, 0x1080, 0xdd40, 0xfec0, 0xb420,
0x1880, 0xcd00, 0xfe80, 0xfe80, 0x9360, 0x28e0, 0xfe00, 0xfe40, 0xfde0, 0xfe00,
0xfe00, 0xfe00, 0xfde0, 0xfe60, 0xe5a0, 0x20a0, 0x8320, 0xfe60, 0x3960, 0x0000,
0x0000, 0x0000, 0x0000, 0x0000, 0x0000, 0x0000, 0x0000, 0x9380, 0xf620, 0x1060,
0x8b40, 0xfee0, 0x49c0, 0x0000, 0x0000, 0x0000, 0x0000, 0x0000, 0x0000, 0x0000,
0x0000, 0x0000, 0x0000, 0x638f, 0xbe9b, 0xb61a, 0xadf9, 0xb61a, 0xb61a, 0xb63a,
0xdf3d, 0xad76, 0x0000, 0x8340, 0xfee0, 0xfde0, 0xfe00, 0xfe00, 0xfe00, 0xfe00,
0xfe00, 0xfe00, 0xfe00, 0xfe00, 0xfde0, 0xfe80, 0xac20, 0x8300, 0xbc60, 0x5a00,
0x08a4, 0xa597, 0xae1a, 0xa5b8, 0xa5b8, 0xa5b8, 0xa5b8, 0xa5b8, 0xa5b8, 0xa5b8,
0x9d98, 0xa598, 0xa598, 0xa5b8, 0xa5b8, 0xa598, 0xa598, 0xadfa, 0x9d77, 0x0043,
0x6240, 0xfe80, 0xfe20, 0xfe00, 0xfe00, 0xfe00, 0xfe00, 0xfe00, 0xfe00, 0xfe00,
0xfe00, 0xfde0, 0xfe40, 0xd500, 0x8300, 0xac00, 0x72c0, 0x0841, 0x8494, 0x9d98,
0x9d77, 0x9d77, 0x9557, 0x9537, 0xadd8, 0x9d77, 0x9516, 0x9d78, 0x8cd5, 0x0841,
0x0000, 0x7c53, 0xadd9, 0x9536, 0x9537, 0x8cf5, 0x7c53, 0x7c94, 0x8cd5, 0x8cf5,
0x84d5, 0x7c94, 0x7c94, 0x9536, 0x31a7, 0x0000, 0xb480, 0xfea0, 0xfde0, 0xfe00,
0xfe00, 0xfe00, 0xfe00, 0xfe00, 0xfe00, 0xfe00, 0xfe00, 0xfe00, 0xfe00, 0xfe00,
0xfe00, 0xfe00, 0xfe00, 0xfe00, 0xfe00, 0xfe00, 0xfe00, 0xfe00, 0xfe00, 0xfe00,
0xfe00, 0xfe00, 0xfe00, 0xfe00, 0xfe00, 0xfe00, 0xfe00, 0xfe00, 0xfe00, 0xfe00,
0xfe00, 0xfe00, 0xfe00, 0xfe00, 0xfe00, 0xfe00, 0xfe00, 0xfe00, 0xfe00, 0xfe00,
0xfe00, 0xfe00, 0xfe00, 0xfe00, 0xfe00, 0xfe00, 0xfe00, 0xfe00, 0xfe00, 0xfe00,
0xfe00, 0xfe00, 0xfe00, 0xfe00, 0xfe00, 0xfe00, 0xfe00, 0xfe00, 0xfe00, 0xfe00,
0xfe00, 0xfe00, 0xfe00, 0xfe00, 0xfe00, 0xfe00, 0xfe00, 0xfe00, 0xfe00, 0xfe00,
0xfe00, 0xfe00, 0xfe00, 0xfe00, 0xfe00, 0xfde0, 0xfe60, 0xe5a0, 0x28e0, 0x0000,

0x0000, 0x0000, 0xbc40, 0xfea0, 0xfe00, 0xfe00, 0xfe00, 0xfe00, 0xfe00, 0xfe40,
0x9380, 0x0000, 0x0000, 0x0000, 0x0000, 0x3140, 0x72a0, 0x6a80, 0x9bc0, 0xf600,
0xfe80, 0xeda0, 0x5a00, 0x0000, 0x0000, 0x0000, 0x2900, 0xfe00, 0xbc80, 0x3120,
0xe560, 0xfec0, 0xf600, 0x4180, 0x0000, 0x0000, 0x0000, 0x0000, 0x0000, 0x0000,
0x0000, 0x0000, 0x0000, 0x0000, 0x3960, 0xfe40, 0xfe20, 0xfe60, 0xe5c0, 0x20c0,
0x0000, 0x0000, 0x0000, 0x0000, 0x0000, 0x0000, 0x0000, 0x0000, 0x0000, 0xbc60,
0xfe80, 0xfe00, 0xfe00, 0xfe00, 0xfe00, 0xfde0, 0xfe00, 0xfe00, 0xfec0, 0xac20,
0x0000, 0xe580, 0xfe20, 0x2900, 0x0000, 0x0000, 0x0000, 0x0000, 0x0000, 0x0000,
0x0000, 0x0000, 0x0000, 0xbc60, 0xfe60, 0xfea0, 0xc4e0, 0x0840, 0x0000, 0x0000,
0x0000, 0x0000, 0x0000, 0x0000, 0x0000, 0x0000, 0x0000, 0x9bc0, 0xfee0, 0xf5c0,
0x1880, 0x6aa0, 0xfec0, 0xfe80, 0x9360, 0x28e0, 0xfe00, 0xfe40, 0xfde0, 0xfe00,
0xfe00, 0xfde0, 0xfe20, 0xfec0, 0x6a60, 0x0000, 0x8b60, 0xfe60, 0x3960, 0x0000,
0x0000, 0x0000, 0x0000, 0x0000, 0x0000, 0x0000, 0x0000, 0x8b60, 0xfee0, 0x6240,
0x3120, 0xfea0, 0xac00, 0x0000, 0x0000, 0x0000, 0x0000, 0x0000, 0x0000, 0x0000,
0x0000, 0x0000, 0x0000, 0x2945, 0xadf9, 0xbe5a, 0xadf9, 0xb61a, 0xb61a, 0xb63a,
0xc6bc, 0xad97, 0x0001, 0x6a80, 0xfea0, 0xfe00, 0xfe00, 0xfe00, 0xfe00, 0xfe00,
0xfe00, 0xfe00, 0xfe00, 0xfe00, 0xfe00, 0xfe80, 0x9ba0, 0x7ae0, 0xbc80, 0x51e0,
0x18e6, 0xadd8, 0xae1a, 0xa5b8, 0xa5b8, 0xa5b8, 0xa5b8, 0xa5b8, 0xa5b8, 0xa5b8,
0xa5b8, 0xa5b8, 0xa5b8, 0xa5b8, 0xa5b8, 0xa5b8, 0xa598, 0xae1a, 0x9d77, 0x0043,
0x51e0, 0xfe60, 0xfe20, 0xfe00, 0xfe00, 0xfe00, 0xfe00, 0xfe00, 0xfe00, 0xfe00,
0xfe00, 0xfde0, 0xfe60, 0xc4a0, 0x72a0, 0xb420, 0x72a0, 0x0001, 0x9d56, 0xbe5b,
0xadf9, 0xadf9, 0xadd9, 0xa5d9, 0xc67b, 0xb61a, 0x9d98, 0xae1a, 0x9577, 0x0861,
0x2965, 0xadf9, 0xae1a, 0xa5b9, 0xa5b9, 0x9d77, 0x8cf6, 0x9557, 0x9d98, 0xa5d9,
0x9d98, 0x9d78, 0x9578, 0xadfa, 0x8cd5, 0x0002, 0x4160, 0xfe40, 0xfe20, 0xfde0,
0xfe00, 0xfe00, 0xfe00, 0xfe00, 0xfe00, 0xfe00, 0xfe00, 0xfe00, 0xfe00, 0xfe00,
0xfe00, 0xfe00, 0xfe00, 0xfe00, 0xfe00, 0xfe00, 0xfe00, 0xfe00, 0xfe00, 0xfe00,
0xfe00, 0xfe00, 0xfe00, 0xfe00, 0xfe00, 0xfe00, 0xfe00, 0xfe00, 0xfe00, 0xfe00,
0xfe00, 0xfe00, 0xfe00, 0xfe00, 0xfe00, 0xfe00, 0xfe00, 0xfe00, 0xfe00, 0xfe00,
0xfe00, 0xfe00, 0xfe00, 0xfe00, 0xfe00, 0xfe00, 0xfe00, 0xfe00, 0xfe00, 0xfe00,
0xfe00, 0xfe00, 0xfe00, 0xfe00, 0xfe00, 0xfe00, 0xfe00, 0xfe00, 0xfe00, 0xfe00,
0xfe00, 0xfe00, 0xfe00, 0xfe00, 0xfe00, 0xfe00, 0xfe00, 0xfe00, 0xfe00, 0xfe00,
0xfe00, 0xfe00, 0xfe00, 0xfe00, 0xfe00, 0xfde0, 0xfe60, 0xe5a0, 0x28e0, 0x0000,

0x0000, 0x0000, 0xbc40, 0xfea0, 0xfe00, 0xfe00, 0xfe00, 0xfe00, 0xfe00, 0xfe00,
0xf5c0, 0x8300, 0x1080, 0x0000, 0x0000, 0x0000, 0x0000, 0x49c0, 0xfe60, 0xcd00,
0xfe40, 0x9ba0, 0x0000, 0x0000, 0x0000, 0x0000, 0x2900, 0xfe20, 0xbc80, 0x3120,
0xe560, 0xfe80, 0xfea0, 0x9360, 0x0000, 0x0000, 0x0000, 0x0000, 0x0000, 0x0000,
0x0000, 0x0000, 0x0000, 0x0000, 0x0820, 0xbca0, 0xfe80, 0xfe20, 0xfe20, 0x49c0,
0x0000, 0x0000, 0x0000, 0x0000, 0x0000, 0x0000, 0x0000, 0x0000, 0x0000, 0x7ae0,
0xfe60, 0xfe00, 0xfe00, 0xfde0, 0xfe20, 0xfe80, 0xfe00, 0xfe20, 0xfe60, 0x4180,
0x49c0, 0xfee0, 0xc480, 0x0000, 0x0000, 0x0000, 0x0000, 0x0000, 0x0000, 0x0000,
0x0000, 0x0000, 0x1060, 0xdd40, 0xfe60, 0xfe60, 0xe580, 0x20c0, 0x0000, 0x0000,
0x0000, 0x0000, 0x0000, 0x0000, 0x0000, 0x0000, 0x0000, 0x51e0, 0xfe60, 0xfec0,
0x7b00, 0x1880, 0xedc0, 0xff00, 0x9360, 0x28e0, 0xfe00, 0xfe40, 0xfde0, 0xfe00,
0xfe00, 0xfe00, 0xfec0, 0xbca0, 0x0000, 0x0000, 0x9380, 0xfe60, 0x3960, 0x0000,
0x0000, 0x0000, 0x0000, 0x0000, 0x0000, 0x0000, 0x0000, 0x8320, 0xff20, 0xbc80,
0x0000, 0xd520, 0xf600, 0x1880, 0x0000, 0x0000, 0x0000, 0x0000, 0x0000, 0x0000,
0x0000, 0x0000, 0x0000, 0x0000, 0x8473, 0xc69c, 0xadf9, 0xb63a, 0xb63a, 0xb61a,
0xc69b, 0xbe5a, 0x1907, 0x3940, 0xfe40, 0xfe40, 0xfde0, 0xfe00, 0xfe00, 0xfe00,
0xfe00, 0xfe00, 0xfe00, 0xfde0, 0xfe80, 0xdd80, 0x8300, 0x7ae0, 0xbc60, 0x28e0,
0x29a8, 0xb619, 0xadf9, 0xa5d9, 0xa5b8, 0xa5b8, 0xa5b8, 0xa5b8, 0xa5b8, 0xa5b8,
0xa5b8, 0xa5b8, 0xa5b8, 0xa5b8, 0xa5b8, 0x9d98, 0xa5b8, 0xadf9, 0xa5d8, 0x2967,
0x20a0, 0xedc0, 0xfe60, 0xfe00, 0xfe00, 0xfe00, 0xfe00, 0xfe00, 0xfe00, 0xfe00,
0xfde0, 0xfe00, 0xfe60, 0x9380, 0x72c0, 0xb440, 0x6240, 0x0003, 0x9d57, 0xadf9,
0xa5d9, 0xa5b9, 0xa5b8, 0xa5b8, 0xbe3a, 0xadf9, 0x9d78, 0xae1a, 0x9537, 0x1904,
0x8493, 0xb63a, 0xa5b8, 0xa5b8, 0x9d98, 0x9537, 0x84d6, 0x8d16, 0x8d37, 0x9d78,
0x9d98, 0x9578, 0x9557, 0x9d98, 0xb63b, 0x52ed, 0x0000, 0x9380, 0xfec0, 0xfe00,
0xfe00, 0xfe00, 0xfe00, 0xfe00, 0xfe00, 0xfe00, 0xfe00, 0xfe00, 0xfe00, 0xfe00,
0xfe00, 0xfe00, 0xfe00, 0xfe00, 0xfe00, 0xfe00, 0xfe00, 0xfe00, 0xfe00, 0xfe00,
0xfe00, 0xfe00, 0xfe00, 0xfe00, 0xfe00, 0xfe00, 0xfe00, 0xfe00, 0xfe00, 0xfe00,
0xfe00, 0xfe00, 0xfe00, 0xfe00, 0xfe00, 0xfe00, 0xfe00, 0xfe00, 0xfe00, 0xfe00,
0xfe00, 0xfe00, 0xfe00, 0xfe00, 0xfe00, 0xfe00, 0xfe00, 0xfe00, 0xfe00, 0xfe00,
0xfe00, 0xfe00, 0xfe00, 0xfe00, 0xfe00, 0xfe00, 0xfe00, 0xfe00, 0xfe00, 0xfe00,
0xfe00, 0xfe00, 0xfe00, 0xfe00, 0xfe00, 0xfe00, 0xfe00, 0xfe00, 0xfe00, 0xfe00,
0xfe00, 0xfe00, 0xfe00, 0xfe00, 0xfe00, 0xfde0, 0xfe60, 0xe5a0, 0x28e0, 0x0000,

0x0000, 0x0000, 0xbc40, 0xfea0, 0xfe00, 0xfe00, 0xfe00, 0xfe00, 0xfe00, 0xfde0,
0xf5c0, 0xe540, 0x9b80, 0x5a00, 0x4180, 0x3960, 0x6240, 0x49c0, 0x0840, 0x0820,
0xcd00, 0xd560, 0x0820, 0x0000, 0x0000, 0x0000, 0x3120, 0xfe40, 0xbc80, 0x3120,
0xe560, 0xfe60, 0xfea0, 0xd520, 0x1060, 0x0000, 0x0000, 0x0000, 0x0000, 0x0000,
0x0000, 0x0000, 0x0000, 0x0000, 0x0000, 0x6260, 0xfe80, 0xfe40, 0xfe80, 0x7ae0,
0x0000, 0x0000, 0x0000, 0x0000, 0x0000, 0x0000, 0x0000, 0x0000, 0x0000, 0x2900,
0xf5c0, 0xfe40, 0xfde0, 0xfe40, 0xdd40, 0x8320, 0xe540, 0xff00, 0xac40, 0x0000,
0xccc0, 0xff20, 0x6280, 0x0000, 0x0000, 0x0000, 0x0000, 0x0000, 0x0000, 0x0000,
0x0000, 0x0000, 0x4180, 0xf5e0, 0xfe40, 0xfe00, 0xfe40, 0x49a0, 0x0000, 0x0000,
0x0000, 0x0000, 0x0000, 0x0000, 0x0000, 0x0000, 0x0000, 0x0000, 0xc4c0, 0xff20,
0xeda0, 0x0820, 0x6a80, 0xff80, 0x9bc0, 0x28e0, 0xfe00, 0xfe40, 0xfde0, 0xfe00,
0xfde0, 0xfe80, 0xf5e0, 0x3940, 0x0000, 0x0000, 0x9380, 0xfe60, 0x3960, 0x0000,
0x0000, 0x0000, 0x0000, 0x0000, 0x0000, 0x0000, 0x0000, 0x8320, 0xfec0, 0xfe20,
0x28e0, 0x7b00, 0xff00, 0x6a80, 0x0000, 0x0000, 0x0000, 0x0000, 0x0000, 0x0000,
0x0000, 0x0000, 0x0000, 0x0000, 0x4249, 0xc6bc, 0xadf9, 0xb63a, 0xb63a, 0xb61a,
0xcebc, 0xd6fd, 0x4a8c, 0x0000, 0xcd00, 0xfec0, 0xfde0, 0xfe00, 0xfe00, 0xfe00,
0xfe00, 0xfe00, 0xfe00, 0xfe80, 0xfe60, 0x8b40, 0x72c0, 0x9bc0, 0xac00, 0x0000,
0x638f, 0xbe7c, 0xadd9, 0x9d98, 0xa5b8, 0xa5b8, 0xa5b8, 0xa5b8, 0xa5b8, 0xa5b8,
0xa5b8, 0xa5b8, 0xa5b8, 0xa5b8, 0xa5b8, 0xa598, 0xa5b8, 0xa5b8, 0xb65b, 0x636f,
0x0000, 0xb440, 0xfea0, 0xfde0, 0xfe00, 0xfe00, 0xfe00, 0xfe00, 0xfe00, 0xfe00,
0xfe40, 0xfec0, 0xbc60, 0x72a0, 0x8320, 0xb440, 0x1880, 0x426b, 0xbe5b, 0xadf9,
0xa5b9, 0xa5d9, 0xa5b8, 0xa5b8, 0xbe5a, 0xadf9, 0x9d78, 0xae1a, 0x8cb4, 0x6b6e,
0xadf9, 0xa5b8, 0xa5d9, 0xa5d9, 0x9db8, 0x9557, 0x8d17, 0x8d16, 0x9557, 0x9d78,
0x9d78, 0x9d78, 0x9557, 0x9d98, 0xadf9, 0x9d78, 0x10e5, 0x1880, 0xe580, 0xfe80,
0xfde0, 0xfe00, 0xfe00, 0xfe00, 0xfe00, 0xfe00, 0xfe00, 0xfe00, 0xfe00, 0xfe00,
0xfe00, 0xfe00, 0xfe00, 0xfe00, 0xfe00, 0xfe00, 0xfe00, 0xfe00, 0xfe00, 0xfe00,
0xfe00, 0xfe00, 0xfe00, 0xfe00, 0xfe00, 0xfe00, 0xfe00, 0xfe00, 0xfe00, 0xfe00,
0xfe00, 0xfe00, 0xfe00, 0xfe00, 0xfe00, 0xfe00, 0xfe00, 0xfe00, 0xfe00, 0xfe00,
0xfe00, 0xfe00, 0xfe00, 0xfe00, 0xfe00, 0xfe00, 0xfe00, 0xfe00, 0xfe00, 0xfe00,
0xfe00, 0xfe00, 0xfe00, 0xfe00, 0xfe00, 0xfe00, 0xfe00, 0xfe00, 0xfe00, 0xfe00,
0xfe00, 0xfe00, 0xfe00, 0xfe00, 0xfe00, 0xfe00, 0xfe00, 0xfe00, 0xfde0, 0xfde0,
0xfde0, 0xfde0, 0xfe00, 0xfde0, 0xfde0, 0xf5c0, 0xfe60, 0xe580, 0x20c0, 0x0000,

0x0000, 0x0000, 0xbc40, 0xfea0, 0xfe00, 0xfe00, 0xfe00, 0xfe00, 0xfe00, 0xfe00,
0xfde0, 0xed80, 0xcce0, 0xa3e0, 0x8b20, 0x7b00, 0x9ba0, 0x51e0, 0x0000, 0x0000,
0x7b20, 0xfec0, 0x4180, 0x0000, 0x0000, 0x0000, 0x3120, 0xfe40, 0xbc80, 0x3120,
0xe560, 0xfe60, 0xfe20, 0xfe60, 0x49c0, 0x0000, 0x0000, 0x0000, 0x0000, 0x0000,
0x0000, 0x0000, 0x0000, 0x0000, 0x0000, 0x20c0, 0xe580, 0xfe80, 0xfea0, 0xa3e0,
0x0000, 0x0000, 0x0000, 0x0000, 0x0000, 0x0000, 0x0000, 0x0000, 0x0000, 0x0000,
0xa400, 0xfe80, 0xfde0, 0xfe80, 0xc480, 0x0800, 0xcd40, 0xfee0, 0x20c0, 0x4180,
0xff00, 0xe580, 0x1060, 0x0000, 0x0000, 0x0000, 0x0000, 0x0000, 0x0000, 0x0000,
0x0000, 0x0000, 0x6a60, 0xfe60, 0xfe20, 0xfde0, 0xfe80, 0x6ac0, 0x0000, 0x0000,
0x0000, 0x0000, 0x0000, 0x0000, 0x0000, 0x0000, 0x0000, 0x0000, 0x5a00, 0xfe80,
0xff00, 0xa3c0, 0x0000, 0xb440, 0xac00, 0x2900, 0xfe00, 0xfe40, 0xfde0, 0xfde0,
0xfe20, 0xfe80, 0x6aa0, 0x0000, 0x0000, 0x0000, 0x9380, 0xfe60, 0x3960, 0x0000,
0x0000, 0x0000, 0x0000, 0x0000, 0x0000, 0x0000, 0x0000, 0x8320, 0xfe60, 0xfec0,
0x72a0, 0x20c0, 0xfea0, 0xb440, 0x0000, 0x0000, 0x0000, 0x0000, 0x0000, 0x0000,
0x0000, 0x0000, 0x0000, 0x0000, 0x10a3, 0xadb8, 0xbe5b, 0xae1a, 0xb63a, 0xb61a,
0xc69b, 0xd71d, 0x8cd4, 0x0000, 0x5a20, 0xfea0, 0xfe40, 0xfde0, 0xfe00, 0xfde0,
0xfde0, 0xfe40, 0xfe80, 0xe5a0, 0x9ba0, 0x7ae0, 0x7ae0, 0xccc0, 0x49c0, 0x0862,
0x9d56, 0xb65b, 0xa5b8, 0xa5d9, 0xa5b8, 0xa5b8, 0xa5b8, 0xa5b8, 0xa5b8, 0xa5b8,
0xa5b8, 0xa5b8, 0xa5b8, 0xa5b8, 0xa5b8, 0x9d98, 0xa5b8, 0xa598, 0xb63b, 0x9d56,
0x0863, 0x3960, 0xfe40, 0xfe40, 0xfde0, 0xfe00, 0xfde0, 0xfde0, 0xfe40, 0xfe80,
0xfe20, 0xb460, 0x72c0, 0x7ac0, 0xbc60, 0x7ac0, 0x0000, 0x7c73, 0xbe7b, 0xadf9,
0xadf9, 0xadd9, 0xa5b9, 0xa5b8, 0xbe7b, 0xadf9, 0x9578, 0xa5d9, 0x9d56, 0xa5b8,
0xadf9, 0xa5b8, 0xa5b8, 0xa5b8, 0xa5b8, 0x9d77, 0x8d16, 0x9537, 0x9557, 0x9578,
0x9578, 0x9578, 0x9557, 0x9578, 0x9d78, 0xae1a, 0x7411, 0x0000, 0x6a60, 0xfea0,
0xfe20, 0xfe00, 0xfe00, 0xfe00, 0xfe00, 0xfe00, 0xfe00, 0xfe00, 0xfe00, 0xfe00,
0xfe00, 0xfe00, 0xfe00, 0xfe00, 0xfe00, 0xfe00, 0xfe00, 0xfe00, 0xfe00, 0xfe00,
0xfe00, 0xfe00, 0xfe00, 0xfe00, 0xfe00, 0xfe00, 0xfe00, 0xfe00, 0xfe00, 0xfe00,
0xfe00, 0xfe00, 0xfe00, 0xfe00, 0xfe00, 0xfe00, 0xfe00, 0xfe00, 0xfe00, 0xfe00,
0xfe00, 0xfe00, 0xfe00, 0xfe00, 0xfe00, 0xfe00, 0xfe00, 0xfe00, 0xfe00, 0xfe00,
0xfe00, 0xfe00, 0xfe00, 0xfe00, 0xfe00, 0xfe00, 0xfe00, 0xfe00, 0xfe00, 0xfe00,
0xfe00, 0xfe00, 0xfe00, 0xfe00, 0xfe00, 0xfe00, 0xfe00, 0xfe00, 0xfde0, 0xeda0,
0xf5c0, 0xf5c0, 0xf5e0, 0xeda0, 0xf5a0, 0xed80, 0xfe40, 0xeda0, 0x28e0, 0x0000,

0x0000, 0x0000, 0xbc40, 0xfea0, 0xfe00, 0xfe00, 0xfe00, 0xfe00, 0xfe00, 0xfe00,
0xfe00, 0xfde0, 0xeda0, 0xdd40, 0xc4a0, 0xb420, 0xbc60, 0x6240, 0x0000, 0x0000,
0x3980, 0xfec0, 0x72a0, 0x0000, 0x0000, 0x0000, 0x3120, 0xfe40, 0xbc80, 0x3120,
0xe560, 0xfe60, 0xfde0, 0xfea0, 0xa3e0, 0x0000, 0x0000, 0x0000, 0x0000, 0x0000,
0x0000, 0x0000, 0x0000, 0x0000, 0x0000, 0x0000, 0x9ba0, 0xfea0, 0xfe80, 0xdd40,
0x18a0, 0x0000, 0x0000, 0x0000, 0x0000, 0x0000, 0x0000, 0x0000, 0x0000, 0x0000,
0x3940, 0xfe40, 0xfe20, 0xfe60, 0xc4a0, 0x18a0, 0xc4c0, 0x6260, 0x0820, 0xd540,
0xff20, 0x72c0, 0x0000, 0x0000, 0x0000, 0x0000, 0x0000, 0x0000, 0x0000, 0x0000,
0x0000, 0x0000, 0x9380, 0xfea0, 0xfe00, 0xfde0, 0xfe60, 0xac20, 0x0000, 0x0000,
0x0000, 0x0000, 0x0000, 0x0000, 0x0000, 0x0000, 0x0000, 0x0000, 0x0000, 0xac00,
0xfee0, 0xfe80, 0x8300, 0x0000, 0x0840, 0x3940, 0xfe00, 0xfe40, 0xfde0, 0xfe00,
0xfec0, 0x9380, 0x0000, 0x0000, 0x0000, 0x0000, 0x9380, 0xfe60, 0x3960, 0x0000,
0x0000, 0x0000, 0x0000, 0x0000, 0x0000, 0x0000, 0x0000, 0x8320, 0xfe40, 0xfe80,
0xc4c0, 0x1060, 0xc4e0, 0xfe40, 0x3100, 0x0000, 0x0000, 0x0000, 0x0000, 0x0000,
0x0000, 0x0000, 0x0000, 0x0000, 0x0000, 0x73af, 0xc6bc, 0xae1a, 0xb63a, 0xb619,
0xc69b, 0xcebc, 0xb65b, 0x4a8b, 0x0000, 0x9ba0, 0xfec0, 0xfe20, 0xfde0, 0xfe00,
0xfe20, 0xd500, 0x9bc0, 0x8b20, 0x72a0, 0x72a0, 0xc480, 0x8320, 0x0000, 0x636e,
0xb65c, 0x9db8, 0xa5b8, 0xa5b9, 0xa5b8, 0xa5b8, 0xa5b8, 0xa5b8, 0xa5b8, 0xa5b8,
0xa5b8, 0xa5b8, 0xa5b8, 0xa5b8, 0xa5b8, 0xa5b8, 0xa5b8, 0xa5b8, 0xa5b8, 0xb67c,
0x636e, 0x0000, 0x7ae0, 0xfec0, 0xfe20, 0xfde0, 0xfe00, 0xfe00, 0xd500, 0xac20,
0x9ba0, 0x7ae0, 0x72c0, 0xac00, 0xa400, 0x0000, 0x3a29, 0xb63a, 0xadf9, 0xadd9,
0xadf9, 0xadf9, 0xa5d9, 0xa5b8, 0xbe7b, 0xadf9, 0x9d98, 0x9d98, 0xa5d9, 0xadf9,
0xa5b8, 0xa5b8, 0xa5d9, 0xa5b8, 0x9d98, 0x9577, 0x84f6, 0x9557, 0x9d78, 0x9557,
0x9d78, 0x9d78, 0x9557, 0x9557, 0x9578, 0x9d99, 0xae1a, 0x426a, 0x0000, 0xbca0,
0xfea0, 0xfde0, 0xfe00, 0xfe00, 0xfe00, 0xfe00, 0xfe00, 0xfe00, 0xfe00, 0xfe00,
0xfe00, 0xfe00, 0xfe00, 0xfe00, 0xfe00, 0xfe00, 0xfe00, 0xfe00, 0xfe00, 0xfe00,
0xfe00, 0xfe00, 0xfe00, 0xfe00, 0xfe00, 0xfe00, 0xfe00, 0xfe00, 0xfe00, 0xfe00,
0xfe00, 0xfe00, 0xfe00, 0xfe00, 0xfe00, 0xfe00, 0xfe00, 0xfe00, 0xfe00, 0xfe00,
0xfe00, 0xfe00, 0xfe00, 0xfe00, 0xfe00, 0xfe00, 0xfe00, 0xfe00, 0xfe00, 0xfe00,
0xfe00, 0xfe00, 0xfe00, 0xfe00, 0xfe00, 0xfe00, 0xfe00, 0xfe00, 0xfe00, 0xfe00,
0xfe00, 0xfe00, 0xfe00, 0xfe00, 0xfe00, 0xfe00, 0xfe00, 0xfe00, 0xfde0, 0xf5a0,
0xfde0, 0xfde0, 0xe540, 0xe560, 0xf5a0, 0xed80, 0xfe40, 0xeda0, 0x28e0, 0x0000,

0x0000, 0x0000, 0xbc40, 0xfea0, 0xfe00, 0xfe00, 0xfe00, 0xfe00, 0xfe00, 0xfe00,
0xfe00, 0xfe00, 0xfe00, 0xfde0, 0xf5c0, 0xf5a0, 0xfe00, 0x8300, 0x0000, 0x0000,
0x1060, 0xedc0, 0xb460, 0x0000, 0x0000, 0x0000, 0x3120, 0xfe40, 0xbc80, 0x3120,
0xe560, 0xfe60, 0xfde0, 0xfe40, 0xeda0, 0x20c0, 0x0000, 0x0000, 0x0000, 0x0000,
0x0000, 0x0000, 0x0000, 0x0000, 0x0000, 0x0000, 0x49a0, 0xfe20, 0xfea0, 0xfe20,
0x4180, 0x0000, 0x0000, 0x0000, 0x0000, 0x0000, 0x0000, 0x0000, 0x0000, 0x0000,
0x0000, 0x9360, 0xfee0, 0xfea0, 0xccc0, 0x0000, 0x0820, 0x1060, 0xb460, 0xff60,
0xc4c0, 0x0820, 0x0000, 0x0000, 0x0000, 0x0000, 0x0000, 0x0000, 0x0000, 0x0000,
0x0000, 0x1060, 0xcd20, 0xfea0, 0xfde0, 0xfde0, 0xfe40, 0xe560, 0x18a0, 0x0000,
0x0000, 0x0000, 0x0000, 0x0000, 0x0000, 0x0000, 0x0000, 0x0000, 0x0000, 0x1060,
0xc4c0, 0xfee0, 0xfea0, 0xbc40, 0x1880, 0x3120, 0xfe00, 0xfe40, 0xfe40, 0xfea0,
0xac00, 0x0000, 0x0000, 0x0000, 0x0000, 0x0000, 0x9380, 0xfe60, 0x3960, 0x0000,
0x0000, 0x0000, 0x0000, 0x0000, 0x0000, 0x0000, 0x0000, 0x8320, 0xfe60, 0xfe20,
0xfe40, 0x3100, 0x5a20, 0xff40, 0x7ae0, 0x0000, 0x0000, 0x0000, 0x0000, 0x0000,
0x0000, 0x0000, 0x0000, 0x0000, 0x0000, 0x3186, 0xb63a, 0xbe5b, 0xb63a, 0xb619,
0xcebc, 0xc67b, 0xadfa, 0xadf9, 0x2967, 0x0000, 0x8b40, 0xfe60, 0xfe80, 0xfe60,
0xfe60, 0xb420, 0x6240, 0x7ae0, 0x9b80, 0xcca0, 0x8300, 0x0000, 0x424a, 0xb61a,
0xa5d9, 0x9d98, 0xa5b8, 0xa5b8, 0xa5b8, 0xa5b8, 0xa5b8, 0xa5b8, 0xa5b8, 0xa5b8,
0xa5b8, 0xa5b8, 0xa5b8, 0xa5b8, 0xa5b8, 0xa5b8, 0xa5b8, 0xa5b8, 0xa5b8, 0x9d99,
0xae1a, 0x424a, 0x0000, 0x7280, 0xfe20, 0xfea0, 0xfe60, 0xfe40, 0xabe0, 0x6a80,
0x7ae0, 0x9380, 0xbc60, 0x9b80, 0x0000, 0x2126, 0xae19, 0xb63b, 0xa5d9, 0xadd9,
0xa5d9, 0xadf9, 0xadf9, 0xa5b8, 0xbe7b, 0xadf9, 0x9d98, 0xa598, 0xa5b8, 0xa5d9,
0xa5b8, 0xa5b8, 0xadd9, 0xa5d9, 0x9d98, 0x9557, 0x84f6, 0x9537, 0x9578, 0x9557,
0x9d78, 0x9d78, 0x9578, 0x9578, 0x9578, 0x9557, 0xa5fa, 0x9d77, 0x1083, 0x28c0,
0xf5e0, 0xfe40, 0xfde0, 0xfe00, 0xfe00, 0xfe00, 0xfe00, 0xfe00, 0xfe00, 0xfe00,
0xfe00, 0xfe00, 0xfe00, 0xfe00, 0xfe00, 0xfe00, 0xfe00, 0xfe00, 0xfe00, 0xfe00,
0xfe00, 0xfe00, 0xfe00, 0xfe00, 0xfe00, 0xfe00, 0xfe00, 0xfe00, 0xfe00, 0xfe00,
0xfe00, 0xfe00, 0xfe00, 0xfe00, 0xfe00, 0xfe00, 0xfe00, 0xfe00, 0xfe00, 0xfe00,
0xfe00, 0xfe00, 0xfe00, 0xfe00, 0xfe00, 0xfe00, 0xfe00, 0xfe00, 0xfe00, 0xfe00,
0xfe00, 0xfe00, 0xfe00, 0xfe00, 0xfe00, 0xfe00, 0xfe00, 0xfe00, 0xfe00, 0xfe00,
0xfe00, 0xfe00, 0xfe00, 0xfe00, 0xfe00, 0xfe00, 0xfe00, 0xfe00, 0xfe00, 0xfe00,
0xfe20, 0xfde0, 0xed80, 0xf5c0, 0xfe00, 0xfe00, 0xfe80, 0xeda0, 0x28e0, 0x0000,

0x0000, 0x0000, 0xbc40, 0xfea0, 0xfe00, 0xfe00, 0xfe00, 0xfe00, 0xfe00, 0xfe00,
0xfe00, 0xfe00, 0xfe00, 0xfe00, 0xfe00, 0xfe00, 0xfec0, 0x9360, 0x0000, 0x0000,
0x0000, 0xbca0, 0xe5a0, 0x1040, 0x0000, 0x0000, 0x3120, 0xfe40, 0xbc80, 0x3120,
0xe560, 0xfe60, 0xfde0, 0xfe00, 0xfe80, 0x6260, 0x0000, 0x0000, 0x0000, 0x0000,
0x0000, 0x0000, 0x0000, 0x0000, 0x0000, 0x0000, 0x0020, 0xc4c0, 0xfe80, 0xfea0,
0x8300, 0x0000, 0x0000, 0x0000, 0x0000, 0x0000, 0x0000, 0x0000, 0x0000, 0x0000,
0x0000, 0x0840, 0xb440, 0xff00, 0xf600, 0x7b00, 0x7ae0, 0xe5a0, 0xff80, 0xeda0,
0x28e0, 0x0000, 0x0000, 0x0000, 0x0000, 0x0000, 0x0000, 0x0000, 0x0000, 0x0000,
0x0000, 0x4180, 0xfe40, 0xfe40, 0xfde0, 0xfe00, 0xfe20, 0xfe20, 0x49e0, 0x0000,
0x0000, 0x0000, 0x0000, 0x0000, 0x0000, 0x0000, 0x0000, 0x0000, 0x0000, 0x0000,
0x18a0, 0xccc0, 0xfec0, 0xffc0, 0xa3e0, 0x3100, 0xfe60, 0xff00, 0xfe60, 0x8b60,
0x0000, 0x0000, 0x0000, 0x0000, 0x0000, 0x0000, 0x9380, 0xfe60, 0x3960, 0x0000,
0x0000, 0x0000, 0x0000, 0x0000, 0x0000, 0x0000, 0x0000, 0x8320, 0xfe60, 0xfe00,
0xfe80, 0x7b00, 0x20a0, 0xfe80, 0xcd20, 0x0820, 0x0000, 0x0000, 0x0000, 0x0000,
0x0000, 0x0000, 0x0000, 0x0000, 0x0000, 0x0000, 0x8cb4, 0xc6dd, 0xb63a, 0xb619,
0xcebc, 0xc69b, 0x9d98, 0xae3b, 0xadf9, 0x2146, 0x0000, 0x4160, 0xbc60, 0xfe00,
0xfe40, 0xbc40, 0xa3e0, 0xb440, 0x9ba0, 0x4180, 0x0000, 0x4a6a, 0xadf9, 0xadfa,
0x9d98, 0xa5b8, 0xa5b8, 0xa5b8, 0xa5b8, 0xa5b8, 0xa5b8, 0xa5b8, 0xa5b8, 0xa5b8,
0xa598, 0xa5b8, 0xa5b8, 0xa5b8, 0xa5b8, 0xa5b8, 0xa5b8, 0xa5b8, 0xa5b8, 0x9d78,
0xa5fa, 0xae19, 0x424a, 0x0000, 0x3120, 0xac00, 0xf600, 0xedc0, 0x8300, 0x9bc0,
0xbc60, 0xa3c0, 0x51c0, 0x0000, 0x2126, 0xadb8, 0xbe7b, 0xa598, 0xa5b9, 0xadf9,
0xa5b8, 0xa5b9, 0xa5b9, 0xa5b8, 0xbe3a, 0xadf9, 0x9d98, 0xa5b8, 0xa598, 0xa5b8,
0xa5b8, 0x9d98, 0xa5b9, 0xadd9, 0xa5b8, 0x9557, 0x84f6, 0x8d37, 0x9577, 0x9557,
0x9d78, 0x9557, 0x9d78, 0x9d78, 0x9578, 0x9578, 0x9577, 0xb65b, 0x638f, 0x0000,
0x7b00, 0xfea0, 0xfe00, 0xfe00, 0xfe00, 0xfe00, 0xfe00, 0xfe00, 0xfe00, 0xfe00,
0xfe00, 0xfe00, 0xfe00, 0xfe00, 0xfe00, 0xfe00, 0xfe00, 0xfe00, 0xfe00, 0xfe00,
0xfe00, 0xfe00, 0xfe00, 0xfe00, 0xfe00, 0xfe00, 0xfe00, 0xfe00, 0xfe00, 0xfe00,
0xfe00, 0xfe00, 0xfe00, 0xfe00, 0xfe00, 0xfe00, 0xfe00, 0xfe00, 0xfe00, 0xfe00,
0xfe00, 0xfe00, 0xfe00, 0xfe00, 0xfe00, 0xfe00, 0xfe00, 0xfe00, 0xfe00, 0xfe00,
0xfe00, 0xfe00, 0xfe00, 0xfe00, 0xfde0, 0xfde0, 0xfe00, 0xfdc0, 0xf5c0, 0xfde0,
0xf5c0, 0xf5c0, 0xfe00, 0xfde0, 0xf5c0, 0xf5c0, 0xf5c0, 0xf5a0, 0xed80, 0xe560,
0xf5a0, 0xfe00, 0xfe20, 0xfe20, 0xfe20, 0xfe00, 0xfe80, 0xe580, 0x20e0, 0x0000,

0x0000, 0x0000, 0xbc40, 0xfea0, 0xfe00, 0xfe00, 0xfe00, 0xfe00, 0xfe00, 0xfe00,
0xfe00, 0xfe00, 0xfe00, 0xfe00, 0xfe00, 0xfe00, 0xfec0, 0x9380, 0x0000, 0x0000,
0x0000, 0x93a0, 0xfe40, 0x2900, 0x0000, 0x0000, 0x3120, 0xfe40, 0xbc80, 0x3120,
0xe560, 0xfe60, 0xfde0, 0xfde0, 0xfe60, 0xbc80, 0x0000, 0x0000, 0x0000, 0x0000,
0x0000, 0x0000, 0x0000, 0x0000, 0x0000, 0x0000, 0x0000, 0x7ae0, 0xfe60, 0xfea0,
0xc4c0, 0x0820, 0x0000, 0x0000, 0x0000, 0x0000, 0x0000, 0x0000, 0x0000, 0x0000,
0x0000, 0x0000, 0x0840, 0x9ba0, 0xfe20, 0xff00, 0xff00, 0xfec0, 0xccc0, 0x2900,
0x0000, 0x0000, 0x0000, 0x0000, 0x0000, 0x0000, 0x0000, 0x0000, 0x0000, 0x0000,
0x0000, 0x7ae0, 0xfec0, 0xfe00, 0xfe00, 0xfe00, 0xfe00, 0xfe80, 0x8b60, 0x0000,
0x0000, 0x0000, 0x0000, 0x0000, 0x0000, 0x0000, 0x0000, 0x0000, 0x0000, 0x0000,
0x0000, 0x0840, 0x7ae0, 0xf5c0, 0x9380, 0x3100, 0xf5e0, 0xccc0, 0x49c0, 0x0000,
0x0000, 0x0000, 0x0000, 0x0000, 0x0000, 0x0000, 0x9380, 0xfe60, 0x3960, 0x0000,
0x0000, 0x0000, 0x0000, 0x0000, 0x0000, 0x0000, 0x0000, 0x8320, 0xfe60, 0xfe00,
0xfe40, 0xcce0, 0x0820, 0xac40, 0xfee0, 0x4160, 0x0000, 0x0000, 0x0000, 0x0000,
0x0000, 0x0000, 0x0000, 0x0000, 0x0000, 0x0000, 0x52cb, 0xcebc, 0xbe5b, 0xadf9,
0xcebc, 0xcebb, 0xa5b8, 0xa5b9, 0xbe7c, 0xadf9, 0x530d, 0x0022, 0x0000, 0x1860,
0x3940, 0x49a0, 0x4160, 0x2080, 0x0000, 0x0042, 0x636f, 0xb61a, 0xadfa, 0xa598,
0xa5b8, 0xa5b8, 0xa5b8, 0xa5b8, 0xa5b8, 0xa5b8, 0xa5b8, 0xa5b8, 0xa598, 0xa5d9,
0xadfa, 0xa598, 0xa5b8, 0xa5b8, 0xa5b8, 0xa5b8, 0xa5b8, 0xa5b8, 0xa5b8, 0x9d98,
0xa598, 0xadfa, 0xb61a, 0x638f, 0x0863, 0x0000, 0x1040, 0x30e0, 0x28e0, 0x4180,
0x20a0, 0x0000, 0x0021, 0x426b, 0xa5b8, 0xbe7b, 0xadf9, 0x9d98, 0x9d78, 0xadd9,
0xb619, 0x9d98, 0x9d98, 0x9d98, 0xb61a, 0xadf9, 0x9d98, 0xa5d9, 0xa5b8, 0xa5b8,
0xa5d9, 0x9d98, 0x9d98, 0xadd9, 0xa5d9, 0x9557, 0x84f6, 0x9557, 0x9d78, 0x9d78,
0x9d98, 0x9557, 0x9557, 0x9578, 0x9578, 0x9578, 0x9578, 0x9d98, 0xa5b9, 0x2147,
0x0800, 0xcd40, 0xfe80, 0xfde0, 0xfe00, 0xfe00, 0xfe00, 0xfe00, 0xfe00, 0xfe00,
0xfe00, 0xfe00, 0xfe00, 0xfe00, 0xfe00, 0xfe00, 0xfe00, 0xfe00, 0xfe00, 0xfe00,
0xfe00, 0xfe00, 0xfe00, 0xfe00, 0xfe00, 0xfe00, 0xfe00, 0xfe00, 0xfe00, 0xfe00,
0xfe00, 0xfe00, 0xfe00, 0xfe00, 0xfe00, 0xfe00, 0xfe00, 0xfe00, 0xfe00, 0xfe00,
0xfe00, 0xfe00, 0xfe00, 0xfe00, 0xfe00, 0xfe00, 0xfe00, 0xfe00, 0xfe00, 0xfe00,
0xfe00, 0xfe00, 0xfe00, 0xfde0, 0xf5a0, 0xfdc0, 0xfdc0, 0xf5c0, 0xed80, 0xf5c0,
0xed80, 0xed80, 0xfde0, 0xe540, 0xe540, 0xe560, 0xccc0, 0xcce0, 0xd4e0, 0xd4e0,
0xdd20, 0xdd40, 0xdd40, 0xeda0, 0xed80, 0xd4e0, 0xf5c0, 0xc4a0, 0x18a0, 0x0000,

0x0000, 0x0000, 0xbc40, 0xfea0, 0xfe00, 0xfe00, 0xfe00, 0xfe00, 0xfe00, 0xfe00,
0xfe00, 0xfe00, 0xfe00, 0xfe00, 0xfe00, 0xfe00, 0xfec0, 0x9360, 0x0000, 0x0000,
0x0000, 0x6240, 0xfec0, 0x49c0, 0x0000, 0x0000, 0x3120, 0xfe40, 0xbc80, 0x3120,
0xe560, 0xfe60, 0xfde0, 0xfe00, 0xfe20, 0xfde0, 0x3940, 0x0000, 0x0000, 0x0000,
0x0000, 0x0000, 0x0000, 0x0000, 0x0000, 0x0000, 0x0000, 0x20c0, 0xed80, 0xfe40,
0xfe20, 0x3940, 0x0000, 0x0000, 0x0000, 0x0000, 0x0000, 0x0000, 0x0000, 0x0000,
0x0000, 0x0000, 0x0000, 0x0000, 0x3940, 0x72a0, 0x7ac0, 0x51c0, 0x0020, 0x0000,
0x0000, 0x0000, 0x0000, 0x0000, 0x0000, 0x0000, 0x0000, 0x0000, 0x0000, 0x0000,
0x1040, 0xcce0, 0xfe80, 0xfde0, 0xfe00, 0xfe00, 0xfe00, 0xfe60, 0xdd20, 0x0840,
0x0000, 0x0000, 0x0000, 0x0000, 0x0000, 0x0000, 0x0000, 0x0000, 0x0000, 0x0000,
0x0000, 0x0000, 0x0000, 0x18a0, 0x20c0, 0x0840, 0x3120, 0x0820, 0x0000, 0x0000,
0x0000, 0x0000, 0x0000, 0x0000, 0x0000, 0x0000, 0x9380, 0xfe60, 0x3960, 0x0000,
0x0000, 0x0000, 0x0000, 0x0000, 0x0000, 0x0000, 0x0000, 0x8320, 0xfe60, 0xfe00,
0xfe20, 0xfe20, 0x3140, 0x51e0, 0xff40, 0x9bc0, 0x0000, 0x0000, 0x0000, 0x0000,
0x0000, 0x0000, 0x0000, 0x0000, 0x0000, 0x0000, 0x18e3, 0xadd8, 0xc69c, 0xadf9,
0xcebc, 0xcebb, 0xa5b8, 0xa5d9, 0xb619, 0xb61a, 0xbe9c, 0xa598, 0x634e, 0x31c8,
0x2167, 0x2125, 0x2167, 0x31e9, 0x638f, 0x9d57, 0xb65b, 0xa5d9, 0xa598, 0xa5b8,
0xa5b8, 0xa5b8, 0xa5b8, 0xa5b8, 0xa5b8, 0xa5b8, 0xa5b8, 0xa598, 0xa5b9, 0x9d98,
0x9d77, 0xa5d9, 0xa598, 0xa5b8, 0xa5b8, 0xa5b8, 0xa5b8, 0xa5b8, 0xa5b8, 0xa5b8,
0xa5b8, 0xa598, 0xa5b9, 0xb65b, 0xa597, 0x6b8f, 0x29a8, 0x2167, 0x2966, 0x2146,
0x29a8, 0x5b0d, 0x9d57, 0xae3a, 0xa5d9, 0xb61a, 0xbe3a, 0xa5b8, 0x9d78, 0xadd9,
0xc67b, 0xa5b8, 0x9d98, 0x9d98, 0xb61a, 0xadd9, 0x9d78, 0xa5b8, 0xa5d9, 0xa5b8,
0xa5b8, 0xa5d9, 0x9d98, 0xa5b8, 0xa5d9, 0x9d77, 0x84f6, 0x9578, 0x9578, 0x9d78,
0x9d78, 0x9578, 0x9557, 0x9578, 0x9578, 0x9578, 0x9578, 0x9557, 0xa5f9, 0x8cd4,
0x0001, 0x51c0, 0xfe60, 0xfe40, 0xfde0, 0xfe00, 0xfe00, 0xfe00, 0xfe00, 0xfe00,
0xfe00, 0xfe00, 0xfe00, 0xfe00, 0xfe00, 0xfe00, 0xfe00, 0xfe00, 0xfe00, 0xfe00,
0xfe00, 0xfe00, 0xfe00, 0xfe00, 0xfe00, 0xfe00, 0xfe00, 0xfe00, 0xfe00, 0xfe00,
0xfe00, 0xfe00, 0xfe00, 0xfe00, 0xfe00, 0xfe00, 0xfe00, 0xfe00, 0xfe00, 0xfe00,
0xfe00, 0xfe00, 0xfe00, 0xfe00, 0xfe00, 0xfe00, 0xfe00, 0xfe00, 0xfe00, 0xfe00,
0xfe00, 0xfe00, 0xfe00, 0xf5c0, 0xed80, 0xeda0, 0xe540, 0xed80, 0xed60, 0xed80,
0xeda0, 0xe540, 0xdd20, 0xd500, 0xccc0, 0xd500, 0xe540, 0xd4e0, 0xc480, 0xccc0,
0xcce0, 0xc480, 0xbc40, 0xac00, 0xb420, 0xb440, 0xccc0, 0xb440, 0x20e0, 0x0000,

0x0000, 0x0000, 0xbc40, 0xfea0, 0xfe00, 0xfe00, 0xfe00, 0xfe00, 0xfe00, 0xfe00,
0xfe00, 0xfe00, 0xfe00, 0xfe00, 0xfe00, 0xfe00, 0xfec0, 0x9360, 0x0000, 0x0000,
0x0000, 0x4180, 0xfee0, 0x6aa0, 0x0000, 0x0000, 0x3120, 0xfe40, 0xbc80, 0x3120,
0xe560, 0xfe60, 0xfde0, 0xfe00, 0xfe00, 0xfe80, 0x9360, 0x0000, 0x0000, 0x0000,
0x0000, 0x0000, 0x0000, 0x0000, 0x0000, 0x0000, 0x0000, 0x0000, 0x9bc0, 0xfe80,
0xfe60, 0x8b60, 0x0000, 0x0000, 0x0000, 0x0000, 0x0000, 0x0000, 0x0000, 0x0000,
0x0000, 0x0000, 0x0000, 0x0000, 0x0000, 0x0000, 0x0000, 0x0000, 0x0000, 0x0000,
0x0000, 0x0000, 0x0000, 0x0000, 0x0000, 0x0000, 0x0000, 0x0000, 0x0000, 0x0000,
0x49a0, 0xfe40, 0xfe20, 0xfde0, 0xfe00, 0xfe00, 0xfe00, 0xfe40, 0xfe40, 0x5200,
0x0000, 0x0000, 0x0000, 0x0000, 0x0000, 0x0000, 0x0000, 0x0000, 0x0000, 0x0000,
0x0000, 0x0000, 0x0000, 0x0000, 0x0000, 0x0000, 0x0000, 0x0000, 0x0000, 0x0000,
0x0000, 0x0000, 0x0000, 0x0000, 0x0000, 0x0000, 0x9380, 0xfe60, 0x3960, 0x0000,
0x0000, 0x0000, 0x0000, 0x0000, 0x0000, 0x0000, 0x0000, 0x8320, 0xfe60, 0xfe00,
0xfe00, 0xfea0, 0x9360, 0x1060, 0xede0, 0xf5e0, 0x1880, 0x0000, 0x0000, 0x0000,
0x0000, 0x0000, 0x0000, 0x0000, 0x0000, 0x0000, 0x0000, 0x7432, 0xc6bc, 0xae19,
0xcebc, 0xc69b, 0xa5b8, 0xa5b9, 0xb619, 0xadd9, 0xadd9, 0xbe7b, 0xbe7c, 0xc6bc,
0xb63a, 0xa597, 0xadfa, 0xb65b, 0xb67c, 0xadfa, 0x9d98, 0xa5b8, 0xa5b8, 0xa5b8,
0xa5b8, 0xa5b8, 0xa5b8, 0xa5b8, 0xa5b8, 0xa5b8, 0xa5b8, 0xa598, 0xb63b, 0x5b0d,
0x3186, 0xae1a, 0xa5d9, 0xa598, 0xa5b8, 0xa5b8, 0xa5b8, 0xa5b8, 0xa5b8, 0xa5b8,
0xa5b8, 0xa5b8, 0xa598, 0x9d98, 0xae1a, 0xb65b, 0xae3a, 0xadfa, 0xa5d9, 0xa5d9,
0xae1a, 0xb65b, 0xbe7b, 0xa5b8, 0x9578, 0xae19, 0xb63a, 0xa5d9, 0xa5b8, 0xa5d9,
0xb63a, 0xadd9, 0xa5b8, 0xa5b8, 0xb63a, 0xadf9, 0x9d98, 0xa5d9, 0xa5b8, 0x9d98,
0xa5d9, 0xb61a, 0x9d98, 0x9557, 0xa5b8, 0x9557, 0x8d17, 0x9537, 0x9d98, 0x9d98,
0x9d78, 0x9578, 0x9557, 0x9d98, 0x9d98, 0x9d78, 0x9578, 0x9578, 0x9d78, 0xae1a,
0x530d, 0x0000, 0x9bc0, 0xfec0, 0xfe00, 0xfe00, 0xfe00, 0xfe00, 0xfe00, 0xfe00,
0xfe00, 0xfe00, 0xfe00, 0xfe00, 0xfe00, 0xfe00, 0xfe00, 0xfe00, 0xfe00, 0xfe00,
0xfe00, 0xfe00, 0xfe00, 0xfe00, 0xfe00, 0xfe00, 0xfe00, 0xfe00, 0xfe00, 0xfe00,
0xfe00, 0xfe00, 0xfe00, 0xfe00, 0xfe00, 0xfe00, 0xfe00, 0xfe00, 0xfe00, 0xfe00,
0xfe00, 0xfe00, 0xfe00, 0xfe00, 0xfe00, 0xfe00, 0xfe00, 0xfe00, 0xfe00, 0xfe00,
0xfe00, 0xfe00, 0xfe00, 0xfde0, 0xed80, 0xed80, 0xf5c0, 0xe540, 0xe560, 0xeda0,
0xdd40, 0xe540, 0xfde0, 0xeda0, 0xdd20, 0xe560, 0xf5c0, 0xe560, 0xccc0, 0xc4a0,
0xdd40, 0xdd20, 0xcce0, 0xccc0, 0xd4e0, 0xbc40, 0xf5a0, 0xcca0, 0x2900, 0x0000,

0x0000, 0x0000, 0xbc40, 0xfea0, 0xfe00, 0xfe00, 0xfe00, 0xfe00, 0xfe00, 0xfe00,
0xfe00, 0xfe00, 0xfe00, 0xfe00, 0xfe00, 0xfe00, 0xfec0, 0x9360, 0x0000, 0x0000,
0x0000, 0x3120, 0xfe40, 0x8b80, 0x0000, 0x0000, 0x3120, 0xfe40, 0xbc80, 0x3120,
0xe560, 0xfe60, 0xfde0, 0xfe00, 0xfe00, 0xfe80, 0xdd20, 0x1040, 0x0000, 0x0000,
0x0000, 0x0000, 0x0000, 0x0000, 0x0000, 0x0000, 0x0000, 0x0000, 0x49a0, 0xfe40,
0xfe60, 0xe560, 0x1880, 0x0000, 0x0000, 0x0000, 0x0000, 0x0000, 0x0000, 0x0000,
0x0000, 0x0000, 0x0000, 0x0000, 0x0000, 0x0000, 0x0000, 0x0000, 0x0000, 0x0000,
0x0000, 0x0000, 0x0000, 0x0000, 0x0000, 0x0000, 0x0000, 0x0000, 0x0000, 0x0000,
0xa3e0, 0xfe80, 0xfde0, 0xfe00, 0xfe00, 0xfe00, 0xfe00, 0xfe00, 0xfea0, 0xa3c0,
0x0000, 0x0000, 0x0000, 0x0000, 0x0000, 0x0000, 0x0000, 0x0000, 0x0000, 0x0000,
0x0000, 0x0000, 0x0000, 0x0000, 0x0000, 0x0000, 0x0000, 0x0000, 0x0000, 0x0000,
0x0000, 0x0000, 0x0000, 0x0000, 0x0000, 0x0000, 0x9380, 0xfe60, 0x3960, 0x0000,
0x0000, 0x0000, 0x0000, 0x0000, 0x0000, 0x0000, 0x0000, 0x8320, 0xfe60, 0xfe00,
0xfe00, 0xfe60, 0xdd40, 0x0000, 0xa3c0, 0xff00, 0x6260, 0x0000, 0x0000, 0x0000,
0x0000, 0x0000, 0x0000, 0x0000, 0x0000, 0x0000, 0x0000, 0x4229, 0xc67b, 0xb61a,
0xcebb, 0xc69b, 0xa5b8, 0xa5b9, 0xae19, 0xadd9, 0xadd9, 0xadf9, 0xa5d9, 0xbe7b,
0xb63a, 0x9db9, 0xa5d9, 0xadd9, 0x9d98, 0x9d98, 0xa5b8, 0xa5b8, 0xa5b8, 0xa5b8,
0xa5b8, 0xa5b8, 0xa5b8, 0xa5b8, 0xa5b8, 0xa5b8, 0x9d98, 0xae1a, 0xa597, 0x1061,
0x0000, 0x7c11, 0xb67c, 0xa5b8, 0xa598, 0xa5b8, 0xa5b8, 0xa5b8, 0xa5b8, 0xa5b8,
0xa5b8, 0xa5b8, 0xa5b8, 0xa5b8, 0xa598, 0x9d98, 0xadd9, 0xadf9, 0xa5d9, 0xa5d9,
0xadd9, 0x9d98, 0xa5d9, 0xa5b8, 0x9d98, 0xadf9, 0xadf9, 0xa5d9, 0xa5d9, 0xa5d9,
0xa5d9, 0xa5d9, 0xa5d9, 0xa5b8, 0xb61a, 0xa5d9, 0x9d78, 0xadf9, 0xadf9, 0x9557,
0x9d98, 0xb63a, 0xa5b8, 0x8d37, 0x9d78, 0x9d78, 0x9557, 0x4249, 0x73f0, 0xa5d9,
0x9557, 0x9578, 0x9557, 0x9557, 0x9d78, 0x9d98, 0x9578, 0x9557, 0x9557, 0xa5d9,
0x9d98, 0x18e5, 0x1860, 0xe5a0, 0xfe80, 0xfde0, 0xfe00, 0xfe00, 0xfe00, 0xfe00,
0xfe00, 0xfe00, 0xfe00, 0xfe00, 0xfe00, 0xfe00, 0xfe00, 0xfe00, 0xfe00, 0xfe00,
0xfe00, 0xfe00, 0xfe00, 0xfe00, 0xfe00, 0xfe00, 0xfe00, 0xfe00, 0xfe00, 0xfe00,
0xfe00, 0xfe00, 0xfe00, 0xfe00, 0xfe00, 0xfe00, 0xfe00, 0xfe00, 0xfe00, 0xfe00,
0xfe00, 0xfe00, 0xfe00, 0xfe00, 0xfe00, 0xfe00, 0xfe00, 0xfe00, 0xfe00, 0xfe00,
0xfe00, 0xfe00, 0xfe00, 0xfe00, 0xfe00, 0xfe00, 0xfe20, 0xfe00, 0xfe00, 0xfe00,
0xfe00, 0xfe00, 0xfe20, 0xfe20, 0xfe20, 0xfe20, 0xfe20, 0xfe00, 0xfe00, 0xfde0,
0xfe20, 0xfe00, 0xfe20, 0xfe20, 0xfe20, 0xfe00, 0xfe80, 0xe5a0, 0x28e0, 0x0000,

0x0000, 0x0000, 0xbc40, 0xfea0, 0xfe00, 0xfe00, 0xfe00, 0xfe00, 0xfe00, 0xfe00,
0xfe00, 0xfe00, 0xfe00, 0xfe00, 0xfe00, 0xfe00, 0xfec0, 0x9360, 0x0000, 0x0000,
0x0000, 0x2900, 0xfe00, 0xa400, 0x0000, 0x0000, 0x3120, 0xfe40, 0xbc80, 0x3120,
0xe560, 0xfe60, 0xfde0, 0xfe00, 0xfe00, 0xfe40, 0xfe40, 0x5a00, 0x0000, 0x0000,
0x0000, 0x0000, 0x0000, 0x0000, 0x0000, 0x0000, 0x0000, 0x0000, 0x1040, 0xcd00,
0xfe80, 0xfe40, 0x72c0, 0x0000, 0x0000, 0x0000, 0x0000, 0x0000, 0x0000, 0x0000,
0x0000, 0x0000, 0x0000, 0x0000, 0x0000, 0x0000, 0x0000, 0x0000, 0x0000, 0x0000,
0x0000, 0x0000, 0x0000, 0x0000, 0x0000, 0x0000, 0x0000, 0x0000, 0x0000, 0x2900,
0xf5c0, 0xfe20, 0xfe00, 0xfe00, 0xfe00, 0xfe00, 0xfe00, 0xfde0, 0xfe60, 0xf5e0,
0x3120, 0x0000, 0x0000, 0x0000, 0x0000, 0x0000, 0x0000, 0x0000, 0x0000, 0x0000,
0x0000, 0x0000, 0x0000, 0x0000, 0x0000, 0x0000, 0x0000, 0x0000, 0x0000, 0x0000,
0x0000, 0x0000, 0x0000, 0x0000, 0x0000, 0x0000, 0x9380, 0xfe60, 0x3960, 0x0000,
0x0000, 0x0000, 0x0000, 0x0000, 0x0000, 0x0000, 0x0000, 0x8320, 0xfe60, 0xfe00,
0xfe00, 0xfe20, 0xfe60, 0x49c0, 0x49c0, 0xff00, 0xbc60, 0x0000, 0x0000, 0x0000,
0x0000, 0x0000, 0x0000, 0x0000, 0x0000, 0x0000, 0x0000, 0x0861, 0x9d77, 0xbe7b,
0xc69b, 0xc69b, 0xa5b8, 0xa5b9, 0xb61a, 0xadf9, 0xadf9, 0xadf9, 0xa5b8, 0xb63a,
0xadf9, 0x9557, 0x9d98, 0xa5b8, 0x9d98, 0x9d98, 0xa5b8, 0xa598, 0xa5b8, 0xa5b8,
0xa5b8, 0xa5b8, 0xa5b8, 0xa5b8, 0xa5b8, 0xa598, 0xa5d9, 0xbe9c, 0x52ab, 0x0000,
0x0000, 0x1082, 0x9d57, 0xb65b, 0xa598, 0xa5b8, 0xa5b8, 0xa5b8, 0xa5b8, 0xa5b8,
0xa5b8, 0xa598, 0xa598, 0xa598, 0xa5b8, 0xa5b8, 0xa5b8, 0x9d98, 0xa5d9, 0xae19,
0xa598, 0x9d98, 0xa5d9, 0x9d98, 0x9d98, 0xadd9, 0xadf9, 0xa5b9, 0xa5d9, 0xa5d9,
0xa5b8, 0xadd9, 0xa5b8, 0xa5b8, 0xbe5a, 0xadf9, 0x9537, 0x9d98, 0xadf9, 0xadf9,
0x9d77, 0x9d77, 0xa598, 0xa598, 0x9d78, 0xae1a, 0x638f, 0x0000, 0x2125, 0x9d78,
0x9578, 0x9557, 0x9d98, 0x9557, 0x8cf6, 0x9d78, 0xa5d9, 0x9d78, 0x8d16, 0x8d37,
0xae1b, 0x7411, 0x0000, 0x6a80, 0xfe80, 0xfe00, 0xfe00, 0xfe00, 0xfe00, 0xfe00,
0xfe00, 0xfe00, 0xfe00, 0xfe00, 0xfe00, 0xfe00, 0xfe00, 0xfe00, 0xfe00, 0xfe00,
0xfe00, 0xfe00, 0xfe00, 0xfe00, 0xfe00, 0xfe00, 0xfe00, 0xfe00, 0xfe00, 0xfe00,
0xfe00, 0xfe00, 0xfe00, 0xfe00, 0xfe00, 0xfe00, 0xfe00, 0xfe00, 0xfe00, 0xfe00,
0xfe00, 0xfe00, 0xfe00, 0xfdc0, 0xfe00, 0xfe00, 0xfde0, 0xfe00, 0xfe20, 0xfe20,
0xfe20, 0xfe00, 0xfe00, 0xfe20, 0xfe20, 0xfe20, 0xfe20, 0xfe20, 0xfe20, 0xfe00,
0xfde0, 0xfde0, 0xfe00, 0xfe20, 0xfe20, 0xfe20, 0xfe20, 0xfe20, 0xfe40, 0xfe40,
0xfe20, 0xfe20, 0xfe20, 0xfe00, 0xfe00, 0xfe40, 0xfea0, 0xedc0, 0x2900, 0x0000,

0x0000, 0x0000, 0xbc40, 0xfea0, 0xfe00, 0xfe00, 0xfe00, 0xfe00, 0xfe00, 0xfe00,
0xfe00, 0xfe00, 0xfe00, 0xfe00, 0xfe00, 0xfe00, 0xfec0, 0x9380, 0x0000, 0x0020,
0x0000, 0x2900, 0xfe00, 0x9be0, 0x0000, 0x0000, 0x3120, 0xfe40, 0xbc80, 0x3120,
0xe560, 0xfe60, 0xfde0, 0xfe00, 0xfe00, 0xfe00, 0xfea0, 0xabe0, 0x0000, 0x0000,
0x0000, 0x0000, 0x0000, 0x0000, 0x0000, 0x0000, 0x0000, 0x0000, 0x0000, 0x72c0,
0xfec0, 0xfe80, 0xdd20, 0x0840, 0x0000, 0x0000, 0x0000, 0x0000, 0x0000, 0x0000,
0x0000, 0x0000, 0x0000, 0x0000, 0x0000, 0x0000, 0x0000, 0x0000, 0x0000, 0x0000,
0x0000, 0x0000, 0x0000, 0x0000, 0x0000, 0x0000, 0x0000, 0x0000, 0x0000, 0x9bc0,
0xfe80, 0xfe00, 0xfe00, 0xfe00, 0xfe00, 0xfe00, 0xfe00, 0xfe00, 0xfe00, 0xfea0,
0x8b60, 0x0000, 0x0000, 0x0000, 0x0000, 0x0000, 0x0000, 0x0000, 0x0000, 0x0000,
0x0000, 0x0000, 0x0000, 0x0000, 0x0000, 0x0000, 0x0000, 0x0000, 0x0000, 0x0000,
0x0000, 0x0000, 0x0000, 0x0000, 0x0000, 0x0000, 0x9380, 0xfe60, 0x3960, 0x0000,
0x0000, 0x0000, 0x0000, 0x0000, 0x0000, 0x0000, 0x0000, 0x8320, 0xfe60, 0xfe00,
0xfe00, 0xfe00, 0xfec0, 0xa3e0, 0x0000, 0xe580, 0xfe40, 0x3140, 0x0000, 0x0000,
0x0000, 0x0000, 0x0000, 0x0000, 0x0000, 0x0000, 0x0000, 0x0000, 0x634e, 0xc6dd,
0xc67b, 0xc67b, 0xa5b8, 0x9d98, 0xadf9, 0xadf9, 0xadf9, 0xadf9, 0xa598, 0xb63a,
0xadf9, 0x9577, 0x9d98, 0xa5b9, 0x9d98, 0xa5b8, 0xa598, 0x9d98, 0xa5b8, 0xa5b8,
0xa5b8, 0xa5b8, 0xa5b8, 0xa5b8, 0xa598, 0xa5b8, 0xbe7c, 0x73f0, 0x0000, 0x7ac0,
0xbca0, 0x0000, 0x2987, 0xae1a, 0xae1a, 0x9d98, 0xa5b8, 0xa5b8, 0xa5b8, 0xa5b8,
0xa5b8, 0x9d98, 0x9d98, 0xa598, 0x9d98, 0xa5d9, 0x9d98, 0x9557, 0xadf9, 0xbe7b,
0xa5b9, 0x9d78, 0xa598, 0x9578, 0x9d98, 0xa5d9, 0xadf9, 0xadd9, 0xadf9, 0xa5d9,
0x9d98, 0xadf9, 0xa5d9, 0xadd9, 0xbe3a, 0xb61a, 0x9d98, 0x9d78, 0xa5b8, 0xb619,
0xadd9, 0x9557, 0xa5b8, 0xadf9, 0xae1a, 0x9d77, 0x18c3, 0x0000, 0x0000, 0x5b2d,
0xa5da, 0x9578, 0xa5d9, 0x9d98, 0x8d37, 0x9537, 0xa5b9, 0xa5d9, 0x9557, 0x8d16,
0xa5d9, 0xadfa, 0x31e8, 0x0000, 0xbc80, 0xfe80, 0xfde0, 0xfe00, 0xfe00, 0xfe00,
0xfe00, 0xfe00, 0xfe00, 0xfe00, 0xfe00, 0xfe00, 0xfe00, 0xfe00, 0xfe00, 0xfe00,
0xfe00, 0xfe00, 0xfe00, 0xfe00, 0xfe00, 0xfe00, 0xfe00, 0xfe00, 0xfe00, 0xfe00,
0xfe00, 0xfe00, 0xfe00, 0xfe00, 0xf5a0, 0xfde0, 0xfe00, 0xed80, 0xf5e0, 0xf5c0,
0xed80, 0xf5e0, 0xf5c0, 0xd4e0, 0xfde0, 0xf5a0, 0xe540, 0xfde0, 0xe560, 0xe540,
0xf5a0, 0xf5c0, 0xf5e0, 0xf5a0, 0xed60, 0xdd20, 0xeda0, 0xdd00, 0xd4e0, 0xf5a0,
0xccc0, 0xe580, 0xed80, 0xc480, 0xc4a0, 0xf5a0, 0xccc0, 0xe540, 0xed80, 0xc480,
0xd500, 0xeda0, 0xbc60, 0xedc0, 0xf5c0, 0xc4a0, 0xfde0, 0xcca0, 0x18a0, 0x0000,

0x0000, 0x0000, 0xbc40, 0xfea0, 0xfe00, 0xfe00, 0xfe00, 0xfe00, 0xfe00, 0xfe00,
0xfe00, 0xfe00, 0xfe00, 0xfe00, 0xfe00, 0xfe00, 0xfec0, 0x8320, 0x0020, 0xd4e0,
0xb420, 0x4180, 0xfe40, 0xa3e0, 0x0000, 0x0000, 0x2900, 0xfe20, 0xbc80, 0x3120,
0xe560, 0xfe60, 0xfde0, 0xfe00, 0xfe00, 0xfde0, 0xfe80, 0xedc0, 0x2900, 0x0000,
0x0000, 0x0000, 0x0000, 0x0000, 0x0000, 0x0000, 0x0000, 0x0000, 0x0000, 0x2900,
0xedc0, 0xfea0, 0xfea0, 0x7ae0, 0x0000, 0x0000, 0x0000, 0x0000, 0x0000, 0x0000,
0x0000, 0x0000, 0x0000, 0x0000, 0x0000, 0x0000, 0x0000, 0x0000, 0x0000, 0x0000,
0x0000, 0x0000, 0x0000, 0x0000, 0x0000, 0x0000, 0x0000, 0x0000, 0x3960, 0xf5e0,
0xfe40, 0xfe00, 0xfe00, 0xfe00, 0xfe00, 0xfe00, 0xfe00, 0xfe00, 0xfde0, 0xfe40,
0xfe00, 0x3120, 0x0000, 0x0000, 0x0000, 0x0000, 0x0000, 0x0000, 0x0000, 0x0000,
0x0000, 0x0000, 0x0000, 0x0000, 0x0000, 0x0000, 0x0000, 0x0000, 0x0000, 0x0000,
0x0000, 0x0000, 0x0000, 0x0000, 0x0000, 0x0000, 0x9380, 0xfe60, 0x3960, 0x0000,
0x0000, 0x0000, 0x0000, 0x0000, 0x0000, 0x0000, 0x0000, 0x8320, 0xfe60, 0xfe00,
0xfe00, 0xfde0, 0xfe60, 0xf5e0, 0x20a0, 0x8b60, 0xff20, 0x7ae0, 0x0000, 0x0000,
0x0000, 0x0000, 0x0000, 0x0000, 0x0000, 0x0000, 0x0000, 0x0000, 0x1904, 0xb63a,
0xd6dc, 0xc67b, 0x9d98, 0xa5b8, 0xadf9, 0xadf9, 0xadd9, 0xadd9, 0xa5b8, 0xb63a,
0xb5f9, 0x9d77, 0x9d98, 0xa5b8, 0x9d98, 0x9d98, 0xa5b8, 0xa598, 0xa598, 0x9d98,
0xa5b8, 0xa5b8, 0xa5b8, 0xa5b8, 0xa5b8, 0xb67b, 0x7c73, 0x0001, 0x3120, 0xf640,
0xff40, 0x9b80, 0x0000, 0x3a09, 0xa5d9, 0xae1a, 0xa598, 0xa598, 0x9d98, 0xa5b8,
0xa5b8, 0xa598, 0x9d98, 0x9d98, 0xa598, 0xa5d9, 0x9d98, 0x9578, 0xa5b9, 0xb63a,
0xa5d9, 0x9d77, 0xadf9, 0xa5b8, 0x9d98, 0xa5d9, 0xa5b8, 0xadd9, 0xb63a, 0xadd9,
0x9d98, 0xadd9, 0xa5b8, 0xa5d9, 0xbe5a, 0xadf9, 0x9d78, 0x9d98, 0xadf9, 0xadd9,
0xa5b8, 0x9d78, 0xa5d8, 0xb63a, 0xb65b, 0x4a8b, 0x0000, 0x9ba0, 0x3100, 0x0021,
0x8494, 0xae1a, 0xae1a, 0x9d98, 0x8d16, 0x9578, 0xa5b8, 0x9d98, 0x9578, 0x9557,
0x9d78, 0xae3a, 0xa598, 0x0042, 0x28c0, 0xfe00, 0xfe40, 0xfde0, 0xfe00, 0xfe00,
0xfe00, 0xfe00, 0xfe00, 0xfe00, 0xfe00, 0xfe00, 0xfe00, 0xfe00, 0xfe00, 0xfe00,
0xfe00, 0xfe00, 0xfe00, 0xfe00, 0xfe00, 0xfe00, 0xfe00, 0xfe00, 0xfe00, 0xfe00,
0xfe00, 0xfe00, 0xfe00, 0xed80, 0xeda0, 0xf5c0, 0xe560, 0xeda0, 0xe560, 0xdd20,
0xe560, 0xe560, 0xeda0, 0xcce0, 0xf5c0, 0xeda0, 0xd4e0, 0xf5a0, 0xccc0, 0xdd20,
0xb440, 0xdd20, 0xe580, 0xabe0, 0xb440, 0xac00, 0xd4e0, 0xbc60, 0xbc40, 0xf5a0,
0xc4a0, 0xd520, 0xfde0, 0xbc40, 0xccc0, 0xbc60, 0x9360, 0xb440, 0xd4e0, 0x9ba0,
0xc4a0, 0xbc60, 0xd500, 0xed80, 0xcce0, 0x9380, 0xac00, 0x9380, 0x1060, 0x0000,

0x0000, 0x0000, 0xbc40, 0xfea0, 0xfe00, 0xfe00, 0xfe00, 0xfe00, 0xfe00, 0xfe00,
0xfe00, 0xfe00, 0xfe00, 0xfe00, 0xfe00, 0xfe00, 0xfec0, 0x72a0, 0x51e0, 0xff60,
0xac00, 0x72a0, 0xff00, 0x8360, 0x0000, 0x0000, 0x28e0, 0xfe20, 0xbc80, 0x3120,
0xe560, 0xfe60, 0xfde0, 0xfe00, 0xfe00, 0xfde0, 0xfe20, 0xfea0, 0x72a0, 0x0000,
0x0000, 0x0000, 0x0000, 0x0000, 0x0000, 0x0000, 0x0000, 0x0000, 0x0000, 0x0000,
0xac20, 0xfea0, 0xfe80, 0xedc0, 0x28e0, 0x0000, 0x0000, 0x0000, 0x0000, 0x0000,
0x0000, 0x0000, 0x0000, 0x0000, 0x0000, 0x0000, 0x0000, 0x0000, 0x0000, 0x0000,
0x0000, 0x0000, 0x0000, 0x0000, 0x0000, 0x0000, 0x0000, 0x0000, 0xb440, 0xfec0,
0xfe00, 0xfe00, 0xfe00, 0xfe00, 0xfe00, 0xfe00, 0xfe00, 0xfe00, 0xfe00, 0xfde0,
0xfea0, 0xac40, 0x0000, 0x0000, 0x0000, 0x0000, 0x0000, 0x0000, 0x0000, 0x0000,
0x0000, 0x0000, 0x0000, 0x0000, 0x0000, 0x0000, 0x0000, 0x0000, 0x0000, 0x0000,
0x0000, 0x0000, 0x0000, 0x0000, 0x0000, 0x0000, 0x8b60, 0xfe80, 0x3960, 0x0000,
0x0000, 0x0000, 0x0000, 0x0000, 0x0000, 0x0000, 0x0000, 0x8320, 0xfe60, 0xfe00,
0xfe00, 0xfe00, 0xfe00, 0xfec0, 0x5a20, 0x2920, 0xfec0, 0xcce0, 0x0000, 0x0000,
0x0000, 0x0000, 0x0000, 0x0000, 0x0000, 0x0000, 0x0000, 0x0000, 0x0000, 0x8493,
0xe77f, 0xc69b, 0x9d98, 0xa5b9, 0xadf9, 0xadd9, 0xadf9, 0xadf9, 0xa5b8, 0xbe3a,
0xb619, 0x9d78, 0x9d98, 0xa5d9, 0x9d98, 0xa5b8, 0xa5b8, 0xa5b8, 0xa598, 0x9d98,
0xa598, 0xa5b8, 0x9d98, 0xa5d9, 0xb65b, 0x8cb4, 0x0043, 0x1060, 0xdd40, 0xfea0,
0xfe40, 0xfea0, 0x72a0, 0x0000, 0x29a8, 0xadf9, 0xb65b, 0xa5b8, 0xa5b8, 0xa5b8,
0xa5b8, 0xa5b8, 0xa5b8, 0x9db8, 0xa5b8, 0xa5b8, 0x9d98, 0x9d98, 0x9db8, 0xadf9,
0xadd9, 0x9557, 0xadf9, 0xadd9, 0xa5b8, 0xb61a, 0x9d98, 0xadf9, 0xb61a, 0xadf9,
0xb63a, 0xb63a, 0xb63a, 0xadd9, 0xb63a, 0xadf9, 0xa5b9, 0xadd9, 0xb61a, 0xb63a,
0xa5d9, 0x9d98, 0xadd9, 0xc6bd, 0x8cd4, 0x0000, 0x6a80, 0xbc60, 0x8300, 0x0000,
0x31c8, 0xadf9, 0xb65b, 0xadd9, 0x9557, 0x9d98, 0xadf9, 0xa5b9, 0xa5b9, 0x9db9,
0x9db8, 0xa5b9, 0xbe9c, 0x6b8f, 0x0000, 0x8320, 0xfec0, 0xfe00, 0xfde0, 0xfe00,
0xfe00, 0xfe00, 0xfe00, 0xfe00, 0xfe00, 0xfe00, 0xfe00, 0xfe00, 0xfe00, 0xfe00,
0xfe00, 0xfe00, 0xfe00, 0xfe00, 0xfe00, 0xfe00, 0xfe00, 0xfe00, 0xfe00, 0xfe00,
0xfe00, 0xfe00, 0xfe00, 0xf5c0, 0xdd20, 0xe560, 0xed80, 0xdd20, 0xe560, 0xe540,
0xf5c0, 0xdd20, 0xfde0, 0xdd20, 0xed80, 0xeda0, 0xb440, 0xe540, 0xdd40, 0xeda0,
0xc480, 0xccc0, 0xc4a0, 0xbc60, 0xbc60, 0xbc40, 0xe560, 0xb420, 0xbc60, 0xf5c0,
0xb440, 0xc480, 0xe560, 0xa3c0, 0xccc0, 0xccc0, 0x9b80, 0xccc0, 0xdd00, 0x9b80,
0xccc0, 0xd500, 0xb420, 0xd4e0, 0xccc0, 0x8b60, 0xabe0, 0xb420, 0x20c0, 0x0000,

0x0000, 0x0000, 0xbc40, 0xfea0, 0xfe00, 0xfe00, 0xfe00, 0xfe00, 0xfe00, 0xfe00,
0xfe00, 0xfe00, 0xfe00, 0xfe00, 0xfe00, 0xfe00, 0xfec0, 0x72c0, 0x4180, 0xfec0,
0xb460, 0xddc0, 0xfea0, 0x3960, 0x0000, 0x0000, 0x2900, 0xfe20, 0xbc80, 0x3120,
0xe560, 0xfe60, 0xfde0, 0xfe00, 0xfe00, 0xfe00, 0xfde0, 0xfea0, 0xb480, 0x0000,
0x0000, 0x0000, 0x0000, 0x0000, 0x0000, 0x0000, 0x0000, 0x0000, 0x0000, 0x0000,
0x5a20, 0xfe40, 0xfe40, 0xfea0, 0xa3e0, 0x0000, 0x0000, 0x0000, 0x0000, 0x0000,
0x0000, 0x0000, 0x0000, 0x0000, 0x0000, 0x0000, 0x0000, 0x0000, 0x0000, 0x0000,
0x0000, 0x0000, 0x0000, 0x0000, 0x0000, 0x0000, 0x0000, 0x6260, 0xfea0, 0xfe20,
0xfde0, 0xfe00, 0xfe00, 0xfe00, 0xfe00, 0xfe00, 0xfe00, 0xfe00, 0xfe00, 0xfe00,
0xfe20, 0xfe60, 0x6aa0, 0x0000, 0x0000, 0x0000, 0x0000, 0x0000, 0x0000, 0x0000,
0x0000, 0x0000, 0x0000, 0x0000, 0x0000, 0x0000, 0x0000, 0x0000, 0x0000, 0x0000,
0x0000, 0x0000, 0x0000, 0x0000, 0x0000, 0x0000, 0x93a0, 0xfe80, 0x3940, 0x0000,
0x0000, 0x0000, 0x0000, 0x0000, 0x0000, 0x0000, 0x0000, 0x8320, 0xfe60, 0xfe00,
0xfe00, 0xfe00, 0xfde0, 0xfea0, 0xac40, 0x0820, 0xd520, 0xfe80, 0x4180, 0x0000,
0x0000, 0x0000, 0x0000, 0x0000, 0x0000, 0x0000, 0x0000, 0x0000, 0x0000, 0x4a8a,
0xe77e, 0xd71d, 0xadfa, 0xa5b8, 0xae19, 0xa5d9, 0xadf9, 0xae19, 0xa5d9, 0xb63a,
0xb5f9, 0x9d78, 0xa598, 0xa5d9, 0x9d98, 0xa5d9, 0xa5d9, 0xa5b8, 0xa5b8, 0xa5b8,
0xa5b8, 0xa598, 0xae1a, 0xbe9c, 0x7c31, 0x0001, 0x0800, 0xc4e1, 0xfea0, 0xfe00,
0xfde0, 0xfe40, 0xfe60, 0x7ac0, 0x0000, 0x2126, 0xa577, 0xbe9c, 0xadf9, 0x9d98,
0xa5b8, 0xa5b8, 0xa5b8, 0xa5b8, 0xa5b8, 0xa5b8, 0x9d98, 0xa5b9, 0x9d98, 0xa5b8,
0xa5d9, 0x9d98, 0x9557, 0x9537, 0x9558, 0x9d78, 0x9557, 0x9d98, 0x9d98, 0xae1a,
0x9d56, 0x9557, 0x9d98, 0x9d78, 0x9d98, 0x9537, 0x9537, 0x9557, 0x9578, 0x9d78,
0x9557, 0x8d37, 0x9578, 0xadd9, 0x2147, 0x20c0, 0xb420, 0x9ba0, 0xb420, 0x3960,
0x0000, 0x6bd0, 0xa5da, 0x8cf6, 0x84f5, 0x8d16, 0x9537, 0x8d16, 0x8d16, 0x84f6,
0x8d16, 0x8d16, 0x8d37, 0x9536, 0x2125, 0x0840, 0xd541, 0xfea0, 0xfde0, 0xfe00,
0xfe00, 0xfe00, 0xfe00, 0xfe00, 0xfe00, 0xfe00, 0xfe00, 0xfe00, 0xfe00, 0xfe00,
0xfde0, 0xfe00, 0xfe20, 0xfe20, 0xfe00, 0xfde0, 0xfe00, 0xfe00, 0xfe20, 0xfe00,
0xfde0, 0xfe00, 0xfe00, 0xfe00, 0xf5c0, 0xfde0, 0xfe00, 0xfe00, 0xfe00, 0xfe00,
0xfe00, 0xfe00, 0xfe00, 0xfde0, 0xfe00, 0xfde0, 0xfde0, 0xfde0, 0xfde0, 0xfde0,
0xfe00, 0xfdc0, 0xf5c0, 0xfe00, 0xfde0, 0xfde0, 0xfde0, 0xf5a0, 0xfe00, 0xfe20,
0xf5c0, 0xf5c0, 0xfdc0, 0xf5c0, 0xf5a0, 0xfe00, 0xf5c0, 0xfde0, 0xfdc0, 0xf5a0,
0xfe00, 0xfe00, 0xed80, 0xfde0, 0xfe00, 0xf5a0, 0xfe60, 0xeda0, 0x28e0, 0x0000,

0x0000, 0x0000, 0xbc40, 0xfea0, 0xfe00, 0xfe00, 0xfe00, 0xfe00, 0xfe00, 0xfe00,
0xfe00, 0xfe00, 0xfe00, 0xfe00, 0xfe00, 0xfe00, 0xfec0, 0x8b40, 0x0000, 0xb440,
0xfe80, 0xfe20, 0x72a0, 0x0000, 0x0000, 0x0000, 0x3120, 0xfe40, 0xbc80, 0x3120,
0xe560, 0xfe60, 0xfde0, 0xfe00, 0xfe00, 0xfe00, 0xfde0, 0xfe20, 0xfe00, 0x3940,
0x0000, 0x0000, 0x0000, 0x0000, 0x0000, 0x0000, 0x0000, 0x0000, 0x0000, 0x0000,
0x0820, 0xd520, 0xfe60, 0xfe00, 0xfe60, 0x72a0, 0x0000, 0x0000, 0x0000, 0x0000,
0x0000, 0x0000, 0x0000, 0x0000, 0x0000, 0x0000, 0x0000, 0x0000, 0x0000, 0x0000,
0x0000, 0x0000, 0x0000, 0x0000, 0x0000, 0x0000, 0x3940, 0xf5e0, 0xfe40, 0xfde0,
0xfe00, 0xfe00, 0xfe00, 0xfe00, 0xfe00, 0xfe00, 0xfe00, 0xfe00, 0xfe00, 0xfe00,
0xfe00, 0xfe60, 0xf600, 0x3960, 0x0000, 0x0000, 0x0000, 0x0000, 0x0000, 0x0000,
0x0000, 0x0000, 0x0000, 0x0000, 0x0000, 0x0000, 0x0000, 0x0000, 0x0000, 0x0000,
0x0000, 0x0000, 0x0000, 0x0000, 0x0000, 0x49a0, 0xedc0, 0xfe40, 0x3960, 0x0000,
0x0000, 0x0000, 0x0000, 0x0000, 0x0000, 0x0000, 0x0000, 0x8320, 0xfe60, 0xfe00,
0xfe00, 0xfe00, 0xfde0, 0xfe20, 0xfe00, 0x28e0, 0x72c0, 0xff20, 0x9360, 0x0000,
0x0000, 0x0000, 0x0000, 0x0000, 0x0000, 0x0000, 0x0000, 0x0000, 0x0000, 0x18c3,
0xbe18, 0xbe5a, 0x8cf5, 0xb65b, 0xa5d9, 0x9d98, 0xa5b9, 0xadd9, 0xa5b8, 0xadf9,
0xa5b9, 0x9557, 0x9d77, 0x9d98, 0x9d78, 0x9d78, 0x9d98, 0x9d98, 0x9d98, 0x9d78,
0x9db8, 0xae3b, 0xa5d9, 0x5aec, 0x0000, 0x28e0, 0xcd20, 0xfea0, 0xfde0, 0xfe00,
0xfe00, 0xfde0, 0xfe20, 0xfe80, 0x9ba0, 0x0000, 0x0862, 0x6bb0, 0xae1a, 0xadfa,
0x9d98, 0x9d78, 0x9d98, 0x9d77, 0x9d77, 0x9557, 0xa5d9, 0xa5b9, 0x9557, 0x9557,
0x9d98, 0xb61a, 0x9d78, 0x8d16, 0x9557, 0x8d37, 0x8d16, 0x9db9, 0xa5d9, 0x5b4e,
0x4a8b, 0x8d16, 0x9557, 0x9537, 0x9536, 0x84d5, 0x84d5, 0x84d6, 0x84f6, 0x84b4,
0x84b5, 0x8cf5, 0x9578, 0x52cc, 0x0000, 0x9380, 0x9ba0, 0x9380, 0x8b60, 0xf5c0,
0x3120, 0x0022, 0x7c53, 0x8494, 0x7453, 0x7c94, 0x7c74, 0x7432, 0x84d5, 0x7c94,
0x7432, 0x7432, 0x7432, 0x84d5, 0x73f1, 0x0000, 0x51c0, 0xfe60, 0xfe60, 0xfe00,
0xfe00, 0xfe20, 0xfe20, 0xfe00, 0xfe00, 0xfe00, 0xfe20, 0xfe00, 0xfe00, 0xfe20,
0xfe20, 0xfe00, 0xed80, 0xe560, 0xf5c0, 0xfe40, 0xfe20, 0xfe00, 0xeda0, 0xf5c0,
0xfe00, 0xfe20, 0xfe20, 0xfe00, 0xfe00, 0xfe20, 0xfdc0, 0xed80, 0xfde0, 0xfe20,
0xf5e0, 0xfde0, 0xfe20, 0xfe40, 0xfe20, 0xfe00, 0xfe00, 0xfe00, 0xfe20, 0xfe40,
0xfe00, 0xfe20, 0xfe40, 0xfe20, 0xfe40, 0xfe40, 0xfe20, 0xfe60, 0xf5e0, 0xf5c0,
0xfe60, 0xfe40, 0xfe20, 0xfe40, 0xfe20, 0xfe00, 0xfe60, 0xfe40, 0xfe20, 0xfe20,
0xfe20, 0xfe20, 0xfe60, 0xfe20, 0xfe20, 0xfe20, 0xfea0, 0xeda0, 0x28e0, 0x0000,

0x0000, 0x0000, 0xbc40, 0xfea0, 0xfe00, 0xfe00, 0xfe00, 0xfe00, 0xfe00, 0xfe00,
0xfe00, 0xfe00, 0xfe00, 0xfe00, 0xfe00, 0xfe00, 0xfec0, 0x9380, 0x0000, 0x0840,
0x20c0, 0x18a0, 0x0000, 0x0000, 0x0000, 0x0000, 0x3140, 0xfe80, 0xc4a0, 0x3120,
0xe5c0, 0xfec0, 0xfe00, 0xfe00, 0xfe00, 0xfe00, 0xfe00, 0xfde0, 0xfe80, 0x8340,
0x0000, 0x0000, 0x0000, 0x0000, 0x0000, 0x0000, 0x0000, 0x0000, 0x0000, 0x0000,
0x0000, 0x8320, 0xfec0, 0xfe60, 0xfea0, 0xfe80, 0x6240, 0x0000, 0x0000, 0x0000,
0x0000, 0x0000, 0x0000, 0x0000, 0x0000, 0x0000, 0x0000, 0x0000, 0x0000, 0x0000,
0x0000, 0x0000, 0x0000, 0x0000, 0x0000, 0x2900, 0xdd40, 0xfe80, 0xfde0, 0xfe00,
0xfe00, 0xfe00, 0xfe00, 0xfe00, 0xfe00, 0xfe00, 0xfe00, 0xfe00, 0xfe00, 0xfe00,
0xfe00, 0xfde0, 0xfea0, 0xe5a0, 0x28e0, 0x0000, 0x0000, 0x0000, 0x0000, 0x0000,
0x0000, 0x0000, 0x0000, 0x0000, 0x0000, 0x0000, 0x0000, 0x0000, 0x0000, 0x0000,
0x0000, 0x0000, 0x0000, 0x0000, 0x6240, 0xfe40, 0xfec0, 0xfe00, 0x3960, 0x0000,
0x0000, 0x0000, 0x0000, 0x0000, 0x0000, 0x0000, 0x0000, 0x8320, 0xfe60, 0xfe00,
0xfe00, 0xfe00, 0xfe40, 0xfe40, 0xfee0, 0x72c0, 0x28e0, 0xfec0, 0xede0, 0x20c0,
0x0000, 0x0000, 0x0000, 0x0000, 0x0000, 0x0000, 0x0000, 0x0000, 0x0000, 0x0000,
0x8473, 0xc65a, 0x18c2, 0x73d0, 0xae1a, 0xae1a, 0xb63a, 0xadfa, 0x9db8, 0xb61a,
0xadf9, 0x9557, 0x9d77, 0x9d98, 0x9578, 0x9d98, 0x9d98, 0x9db9, 0xa5da, 0xae1a,
0xa5b8, 0x6bb0, 0x10e5, 0x0000, 0x51c0, 0xf5e0, 0xfea0, 0xfe00, 0xfde0, 0xfe00,
0xfe00, 0xfe00, 0xfde0, 0xfe40, 0xfec0, 0xccc0, 0x28c0, 0x0000, 0x1926, 0x7c53,
0xa5b9, 0xae1a, 0xadfa, 0xa5b9, 0x9d98, 0x9557, 0xadf9, 0xadf9, 0x8d37, 0x9557,
0x9557, 0xb63a, 0x9d77, 0x8d17, 0xa5b9, 0xa5f9, 0x9d98, 0x8cb4, 0x3a08, 0x1061,
0x7c53, 0xa61b, 0x9d98, 0xb63a, 0x9d98, 0x8d37, 0x9d98, 0xa5fa, 0x9db9, 0x9d78,
0x9557, 0xbe5b, 0xa577, 0x0021, 0x49c0, 0xa3e0, 0x9b80, 0x8b20, 0xc4a0, 0xff20,
0xb460, 0x0000, 0x31c8, 0x9578, 0x8d16, 0x9557, 0x9d98, 0x8d16, 0x8d37, 0xa5b9,
0x9578, 0x8d16, 0x84b5, 0x9d98, 0xae3b, 0x634e, 0x0000, 0x9ba0, 0xfe40, 0xfde0,
0xfde0, 0xe560, 0xeda0, 0xfe00, 0xfe20, 0xfde0, 0xe560, 0xeda0, 0xf5c0, 0xed80,
0xe560, 0xfe00, 0xdd20, 0xb440, 0xe560, 0xe560, 0xe560, 0xfe20, 0xd500, 0xcce0,
0xfe40, 0xe560, 0xed80, 0xf5a0, 0xf5c0, 0xfde0, 0xed80, 0xbc60, 0xeda0, 0xfde0,
0xc4a0, 0xfde0, 0xf5c0, 0xd4e0, 0xeda0, 0xe560, 0x9ba0, 0xeda0, 0xed80, 0xcce0,
0xf5c0, 0xe560, 0xd500, 0xf5c0, 0xdd20, 0xdd20, 0xf5e0, 0xdd40, 0xb420, 0xccc0,
0xd500, 0xe540, 0xe540, 0xd500, 0xed80, 0xf5e0, 0xcce0, 0xdd20, 0xe560, 0xfde0,
0xeda0, 0xeda0, 0xd500, 0xe560, 0xed80, 0xf5e0, 0xfe00, 0xdd40, 0x18a0, 0x0000,

0x0000, 0x0000, 0xbc40, 0xfea0, 0xfe00, 0xfe00, 0xfe00, 0xfe00, 0xfe00, 0xfe00,
0xfe00, 0xfe00, 0xfe00, 0xfe00, 0xfe00, 0xfe00, 0xfec0, 0x9360, 0x0000, 0x0000,
0x0000, 0x0000, 0x0000, 0x0000, 0x0000, 0x0000, 0x2900, 0xf600, 0xbc60, 0x3100,
0xdd60, 0xfe40, 0xfde0, 0xfe00, 0xfe00, 0xfe00, 0xfe00, 0xfde0, 0xfe60, 0xd500,
0x1060, 0x0000, 0x0000, 0x0000, 0x0000, 0x0000, 0x0000, 0x0000, 0x0000, 0x0000,
0x0000, 0x2900, 0xc4c0, 0xd4e0, 0xc4a0, 0xe560, 0xfe40, 0x5a40, 0x0000, 0x0000,
0x0000, 0x0000, 0x0000, 0x0000, 0x0000, 0x0000, 0x0000, 0x0000, 0x0000, 0x0000,
0x0000, 0x0000, 0x0000, 0x0000, 0x28e0, 0xdd40, 0xfea0, 0xfe00, 0xfe00, 0xfe00,
0xfe00, 0xfe00, 0xfe00, 0xfe00, 0xfe00, 0xfe00, 0xfde0, 0xfde0, 0xfde0, 0xfde0,
0xfde0, 0xfde0, 0xfde0, 0xfe80, 0xdd60, 0x3120, 0x0000, 0x0000, 0x0000, 0x0000,
0x0000, 0x0000, 0x0000, 0x0000, 0x0000, 0x0000, 0x0000, 0x0000, 0x0000, 0x0000,
0x0000, 0x0000, 0x0000, 0x7ae0, 0xfe60, 0xfe80, 0xfe40, 0xfe00, 0x3960, 0x0000,
0x0000, 0x0000, 0x0000, 0x0000, 0x0000, 0x0000, 0x0000, 0x8320, 0xfe60, 0xfe00,
0xfe00, 0xfde0, 0xeda0, 0xe5a0, 0xee00, 0xac40, 0x1060, 0xb440, 0xfe80, 0x51e0,
0x0000, 0x0000, 0x0000, 0x0000, 0x0000, 0x0000, 0x0000, 0x0000, 0x0000, 0x0000,
0x39c7, 0x8472, 0x0861, 0x0000, 0x2127, 0x6bf1, 0xadb8, 0xb63a, 0xb65a, 0xcefd,
0xbe9c, 0xa5d9, 0xae1a, 0xae1a, 0xae1a, 0xb65b, 0xb63b, 0xa5d9, 0x9536, 0x6390,
0x10e5, 0x0000, 0x1060, 0xa3c0, 0xfe60, 0xfe80, 0xfe00, 0xfde0, 0xfe00, 0xfe00,
0xfe00, 0xfe00, 0xfe00, 0xfde0, 0xfe20, 0xfea0, 0xf5e0, 0x82e0, 0x0820, 0x0000,
0x1927, 0x638f, 0x9536, 0xa5d9, 0xb63a, 0xb65b, 0xae1a, 0xb63b, 0xae3a, 0xb65b,
0xa5fa, 0xbe9c, 0xae1a, 0x8d37, 0x8d16, 0x6bf1, 0x39e9, 0x0001, 0x0000, 0x3186,
0x8494, 0x63d1, 0x6390, 0x6c12, 0x7c53, 0x6bb0, 0x636f, 0x73f1, 0x6c12, 0x7c32,
0x6bd1, 0x7411, 0x31c8, 0x0000, 0x9380, 0x8b40, 0x8b40, 0x9380, 0xfe20, 0xfe20,
0xfe80, 0x6240, 0x0000, 0x4aac, 0x6bb0, 0x63d1, 0x7433, 0x7c53, 0x5b4e, 0x638f,
0x6c12, 0x6bd1, 0x636f, 0x636f, 0x7c32, 0x73f1, 0x0021, 0x1880, 0xc480, 0xe560,
0xe540, 0xccc0, 0xdd20, 0xfde0, 0xf5e0, 0xf5c0, 0xc480, 0xbc80, 0xc480, 0xccc0,
0xd500, 0xdd40, 0xf5c0, 0xbc60, 0xc480, 0xc4a0, 0xcca0, 0xe560, 0xe560, 0xcce0,
0xfe20, 0xbc60, 0xac00, 0xbc40, 0xe580, 0xdd40, 0xe540, 0xc4a0, 0xed80, 0xfe00,
0xb440, 0xf5c0, 0xd500, 0x9ba0, 0xdd40, 0xe580, 0xa3c0, 0xdd00, 0xac00, 0xbc80,
0xe560, 0xcca0, 0x9ba0, 0x9ba0, 0xb420, 0xbc60, 0xa3e0, 0xccc0, 0xac00, 0x9380,
0xc4a0, 0xbc60, 0x9b80, 0xa3c0, 0xac00, 0xac20, 0xc480, 0xa3e0, 0xac00, 0xe560,
0xbc40, 0xa3c0, 0x9ba0, 0x9b80, 0xb440, 0xed80, 0xbc60, 0xa3c0, 0x1060, 0x0000,

0x0000, 0x0000, 0xbc40, 0xfea0, 0xfe00, 0xfe00, 0xfe00, 0xfe00, 0xfe00, 0xfe00,
0xfe00, 0xfe00, 0xfe00, 0xfe00, 0xfe00, 0xfe00, 0xfec0, 0x8b60, 0x0000, 0x0000,
0x0000, 0x0000, 0x0000, 0x0000, 0x0000, 0x0000, 0x0000, 0x28e0, 0x20e0, 0x0820,
0x20e0, 0x20e0, 0xa400, 0xfe60, 0xfde0, 0xfe00, 0xfe00, 0xfe00, 0xfe00, 0xfe40,
0x5200, 0x0000, 0x0000, 0x0000, 0x0000, 0x0000, 0x0000, 0x0000, 0x0000, 0x0000,
0x0000, 0x0000, 0x1060, 0x1880, 0x0000, 0x3940, 0xfe60, 0xfe60, 0x8300, 0x0000,
0x0000, 0x0000, 0x0000, 0x0000, 0x0000, 0x0000, 0x0000, 0x0000, 0x0000, 0x0000,
0x0000, 0x0000, 0x0000, 0x49c0, 0xe580, 0xfea0, 0xfe00, 0xfe00, 0xfe00, 0xfe00,
0xfe00, 0xfe00, 0xfe00, 0xfe00, 0xfe00, 0xfde0, 0xfe20, 0xfea0, 0xfea0, 0xfea0,
0xfea0, 0xfea0, 0xfea0, 0xfea0, 0xff20, 0xfe40, 0x7ae0, 0x1060, 0x0000, 0x0000,
0x0000, 0x0000, 0x0000, 0x0000, 0x0000, 0x0000, 0x0000, 0x0000, 0x0000, 0x0000,
0x0000, 0x3120, 0xbc60, 0xfe80, 0xfe40, 0xfde0, 0xfe40, 0xf5e0, 0x3140, 0x0000,
0x0000, 0x0000, 0x0000, 0x0000, 0x0000, 0x0000, 0x0000, 0x8300, 0xfe60, 0xfe00,
0xfe40, 0xed80, 0x3940, 0x0820, 0x1060, 0x1060, 0x0000, 0x1060, 0x1880, 0x0000,
0x0000, 0x0000, 0x0000, 0x0000, 0x0000, 0x0000, 0x0000, 0x0000, 0x0000, 0x0000,
0x0000, 0x0000, 0x0000, 0x28e0, 0x2900, 0x0000, 0x0002, 0x31a8, 0x632d, 0x6bd0,
0x7c52, 0x7433, 0x7c33, 0x7c53, 0x6bf2, 0x5b6f, 0x530e, 0x1906, 0x0001, 0x0000,
0x2080, 0x8b40, 0xedc0, 0xfe80, 0xfe20, 0xfde0, 0xfe00, 0xfe00, 0xfe00, 0xfe00,
0xfe00, 0xfe00, 0xfe00, 0xfe00, 0xfe00, 0xfe00, 0xfe40, 0xfe80, 0xdd60, 0x72e0,
0x20a0, 0x0000, 0x0001, 0x1927, 0x5b0d, 0x636f, 0x6bf1, 0x7433, 0x8494, 0x8494,
0x6bf2, 0x6390, 0x5b2e, 0x2168, 0x0002, 0x0000, 0x0000, 0x0000, 0x0000, 0x0000,
0x0001, 0x0000, 0x0000, 0x0000, 0x0000, 0x0000, 0x0000, 0x0000, 0x0000, 0x0000,
0x0000, 0x0000, 0x0000, 0x72c0, 0xac00, 0xa3c0, 0x8b20, 0xdd40, 0xfe60, 0xfde0,
0xfe60, 0xdd60, 0x20c0, 0x0000, 0x0000, 0x0000, 0x0000, 0x0000, 0x0000, 0x0000,
0x0000, 0x0000, 0x0000, 0x0000, 0x0000, 0x0000, 0x0000, 0x0000, 0x49a0, 0xed80,
0xe560, 0xb420, 0xdd20, 0xdd20, 0xc480, 0xfde0, 0xcca0, 0xbc40, 0xac00, 0xb440,
0xccc0, 0xd500, 0xdd20, 0xc480, 0xac00, 0xb440, 0xc480, 0xe580, 0xccc0, 0xbc40,
0xf5a0, 0xa3e0, 0x9360, 0xccc0, 0xccc0, 0xac20, 0xd500, 0xabe0, 0xdd00, 0xfe00,
0x9ba0, 0xdd20, 0xd4e0, 0x8b40, 0xd500, 0xfe40, 0xc480, 0xb440, 0xbc40, 0xfe20,
0xf5e0, 0xb420, 0x9340, 0x7ae0, 0xdd00, 0xdd20, 0xa3c0, 0xccc0, 0xac00, 0xa3c0,
0xc480, 0xb440, 0xa3e0, 0xac00, 0xac00, 0xac00, 0xc480, 0x9ba0, 0xbc40, 0xb420,
0xa3c0, 0xb420, 0x9360, 0xbc60, 0xc4a0, 0xabe0, 0xb420, 0xa3e0, 0x0840, 0x0000,

0x0000, 0x0000, 0xbc40, 0xfea0, 0xfe00, 0xfe00, 0xfe00, 0xfe00, 0xfe00, 0xfe00,
0xfe00, 0xfe00, 0xfe00, 0xfe00, 0xfe00, 0xfe00, 0xfe60, 0xc4a0, 0x6a80, 0x7ae0,
0x7ae0, 0x7ae0, 0x7ae0, 0x7ae0, 0x7ae0, 0x7ae0, 0x7ae0, 0x9360, 0x6240, 0x18a0,
0x7ae0, 0x8b20, 0xccc0, 0xfe20, 0xfe00, 0xfe00, 0xfe00, 0xfe00, 0xfe00, 0xfe40,
0xccc0, 0x72a0, 0x7ae0, 0x7ae0, 0x7ae0, 0x7ae0, 0x7ae0, 0x7ae0, 0x7ae0, 0x7ae0,
0x8320, 0x20e0, 0x3140, 0xd520, 0xbcc0, 0xcd00, 0xfde0, 0xfe20, 0xfe80, 0xccc0,
0x51e0, 0x0000, 0x0000, 0x0000, 0x0000, 0x0000, 0x0000, 0x0000, 0x0000, 0x0000,
0x0000, 0x2900, 0xa3c0, 0xfe60, 0xfe60, 0xfde0, 0xfde0, 0xfe00, 0xfe00, 0xfe00,
0xfe00, 0xfe00, 0xfe00, 0xfe00, 0xfe00, 0xfe20, 0xe580, 0xa400, 0xa3e0, 0xac00,
0xac00, 0xac00, 0xac00, 0xac00, 0xa400, 0xb480, 0xbc80, 0x51e0, 0x0000, 0x0000,
0x0000, 0x0000, 0x0000, 0x0000, 0x0000, 0x0000, 0x0000, 0x0000, 0x0000, 0x2900,
0x9380, 0xfe00, 0xfea0, 0xfe00, 0xfde0, 0xfe00, 0xfe20, 0xfde0, 0x9380, 0x6a80,
0x7ae0, 0x7ae0, 0x7ae0, 0x7ae0, 0x7ae0, 0x7ae0, 0x72a0, 0xc4a0, 0xfe20, 0xfe00,
0xfe00, 0xf5c0, 0x9bc0, 0x8b20, 0x8b40, 0x9ba0, 0x5a00, 0x0840, 0x8320, 0x9ba0,
0x7ae0, 0x7ae0, 0x7ae0, 0x7ae0, 0x7ae0, 0x7ae0, 0x7ae0, 0x7ae0, 0x7ae0, 0x7ae0,
0x7ae0, 0x7ae0, 0x8b40, 0xdd40, 0xf600, 0x9ba0, 0x5a20, 0x20a0, 0x0000, 0x0000,
0x0000, 0x0020, 0x0000, 0x0000, 0x0000, 0x0000, 0x0000, 0x2900, 0x6240, 0xac00,
0xf600, 0xfea0, 0xfe40, 0xfde0, 0xfde0, 0xfe00, 0xfe00, 0xfe00, 0xfe00, 0xfe00,
0xfe00, 0xfe00, 0xfe00, 0xfe00, 0xfe00, 0xfe00, 0xfe00, 0xfe00, 0xfe60, 0xfea0,
0xede0, 0xac00, 0x6a60, 0x3100, 0x0000, 0x0000, 0x0000, 0x0020, 0x0001, 0x0000,
0x0000, 0x0000, 0x0000, 0x20a0, 0x5a00, 0xa3e0, 0xc4c0, 0xa3c0, 0x9bc0, 0x9ba0,
0x9360, 0x9360, 0x9360, 0x9360, 0x9360, 0x9360, 0x9360, 0x9360, 0x9360, 0x9360,
0x9360, 0x8b40, 0x9360, 0xeda0, 0xf5e0, 0xf5c0, 0xed80, 0xfe20, 0xfe00, 0xfe00,
0xfe00, 0xfe40, 0xcce0, 0x8b40, 0x9360, 0x9360, 0x9360, 0x9360, 0x9360, 0x9360,
0x9360, 0x9360, 0x9360, 0x9360, 0x9360, 0x8b40, 0x9ba0, 0x9360, 0x9ba0, 0xf5c0,
0xf5e0, 0xe540, 0xfe00, 0xf5c0, 0xeda0, 0xfe00, 0xf5c0, 0xfe00, 0xd520, 0xbc60,
0xe580, 0xfe00, 0xdd40, 0xdd60, 0xdd20, 0xb440, 0xeda0, 0xfe20, 0xeda0, 0xe580,
0xfe00, 0xe580, 0xe580, 0xfe40, 0xac00, 0xa3c0, 0xeda0, 0xe580, 0xf5c0, 0xfde0,
0xe560, 0xed80, 0xed80, 0xdd40, 0xfde0, 0xfe20, 0xf5e0, 0xf5c0, 0xf5c0, 0xfe00,
0xfe20, 0xeda0, 0xdd40, 0xeda0, 0xfde0, 0xfde0, 0xfe00, 0xe560, 0xd520, 0xfe00,
0xe560, 0xe580, 0xfe00, 0xf5c0, 0xfde0, 0xfe00, 0xd500, 0xac00, 0xeda0, 0xe560,
0xf5c0, 0xfe00, 0xdd40, 0xf5e0, 0xf5e0, 0xe560, 0xfe60, 0xe5a0, 0x20c0, 0x0000,

0x0000, 0x0000, 0xbc40, 0xfea0, 0xfe00, 0xfe00, 0xfe00, 0xfe00, 0xfe00, 0xfe00,
0xfe00, 0xfe00, 0xfe00, 0xfe00, 0xfe00, 0xfe00, 0xfde0, 0xfe40, 0xfea0, 0xfe80,
0xfe80, 0xfe80, 0xfe80, 0xfe80, 0xfe80, 0xfe80, 0xfea0, 0xff40, 0xc4a0, 0x28e0,
0xee00, 0xff40, 0xfe40, 0xfde0, 0xfe00, 0xfe00, 0xfe00, 0xfe00, 0xfe00, 0xfde0,
0xfe40, 0xfea0, 0xfe80, 0xfe80, 0xfe80, 0xfe80, 0xfe80, 0xfe80, 0xfe80, 0xfe80,
0xff20, 0xa420, 0x1860, 0xd580, 0xff40, 0xfe80, 0xfe00, 0xfde0, 0xfe00, 0xfea0,
0xfe60, 0xccc0, 0x8300, 0x51e0, 0x3120, 0x28e0, 0x28e0, 0x2900, 0x49c0, 0x72a0,
0xb420, 0xf600, 0xfec0, 0xfe20, 0xfde0, 0xfe00, 0xfe00, 0xfe00, 0xfe00, 0xfe00,
0xfe00, 0xfe00, 0xfe00, 0xfe00, 0xfde0, 0xfe80, 0xc4c0, 0x20a0, 0x18a0, 0x28e0,
0x28e0, 0x28e0, 0x28e0, 0x28e0, 0x28e0, 0x28e0, 0x3100, 0x3960, 0x2900, 0x28e0,
0x2900, 0x2900, 0x2900, 0x2900, 0x28e0, 0x2900, 0x41a0, 0x6a80, 0xb420, 0xf5e0,
0xfec0, 0xfe60, 0xfde0, 0xfde0, 0xfe00, 0xfe00, 0xfde0, 0xfe00, 0xfe80, 0xfea0,
0xfe80, 0xfe80, 0xfe80, 0xfe80, 0xfe80, 0xfe80, 0xfea0, 0xfe40, 0xfde0, 0xfe00,
0xfde0, 0xfe00, 0xfe80, 0xfec0, 0xfea0, 0xff40, 0xcd20, 0x0000, 0xb4a0, 0xff60,
0xfe80, 0xfe80, 0xfe80, 0xfe80, 0xfe80, 0xfe80, 0xfe80, 0xfe80, 0xfe80, 0xfe80,
0xfe80, 0xfea0, 0xfea0, 0xfe40, 0xfe40, 0xfec0, 0xfe80, 0xf5c0, 0xd500, 0xccc0,
0xc4c0, 0xc4a0, 0xc480, 0xc4a0, 0xccc0, 0xccc0, 0xd520, 0xf600, 0xfea0, 0xfec0,
0xfe60, 0xfde0, 0xfde0, 0xfe00, 0xfe00, 0xfe00, 0xfe00, 0xfe00, 0xfe00, 0xfe00,
0xfe00, 0xfe00, 0xfe00, 0xfe00, 0xfe00, 0xfe00, 0xfe00, 0xfe00, 0xfde0, 0xfde0,
0xfe60, 0xfec0, 0xfea0, 0xf600, 0xd540, 0xcce0, 0xc4c0, 0xc4a0, 0xc480, 0xc4a0,
0xccc0, 0xccc0, 0xd500, 0xedc0, 0xfe80, 0xfec0, 0xfe80, 0xfea0, 0xfea0, 0xfea0,
0xfea0, 0xfea0, 0xfea0, 0xfea0, 0xfea0, 0xfea0, 0xfea0, 0xfea0, 0xfea0, 0xfea0,
0xfea0, 0xfea0, 0xfea0, 0xfe40, 0xfe40, 0xfe20, 0xfe40, 0xfe00, 0xfde0, 0xfe00,
0xfe00, 0xfde0, 0xfe60, 0xfea0, 0xfea0, 0xfea0, 0xfea0, 0xfea0, 0xfea0, 0xfea0,
0xfea0, 0xfea0, 0xfea0, 0xfea0, 0xfea0, 0xfea0, 0xfea0, 0xfec0, 0xfe80, 0xfe00,
0xfe20, 0xfe40, 0xfe00, 0xfe00, 0xfe20, 0xfe00, 0xfe20, 0xfe40, 0xfde0, 0xfe00,
0xfe40, 0xfe00, 0xfe40, 0xfe60, 0xfde0, 0xfe00, 0xfe40, 0xfde0, 0xfe20, 0xfe40,
0xfe00, 0xfe40, 0xfe60, 0xfe00, 0xe560, 0xf5c0, 0xfe20, 0xfe60, 0xfe20, 0xfe00,
0xfe40, 0xfe20, 0xfe40, 0xfe60, 0xfe00, 0xfde0, 0xfe20, 0xfe20, 0xfe20, 0xfe00,
0xfde0, 0xfe20, 0xfe60, 0xfe40, 0xfe00, 0xfe00, 0xfe00, 0xfe40, 0xfe60, 0xfe20,
0xfe40, 0xfe40, 0xfe20, 0xfe20, 0xfe20, 0xfe20, 0xfe40, 0xf5e0, 0xfe00, 0xfe40,
0xfe20, 0xfe00, 0xfe60, 0xfe00, 0xfe00, 0xfe40, 0xfe80, 0xeda0, 0x2900, 0x0000,

0x0000, 0x0000, 0xbc40, 0xfea0, 0xfe00, 0xfe00, 0xfe00, 0xfe00, 0xfe00, 0xfe00,
0xfe00, 0xfe00, 0xfe00, 0xfe00, 0xfe00, 0xfe00, 0xfde0, 0xfe00, 0xfe20, 0xfe20,
0xfe20, 0xfe20, 0xfe20, 0xfe20, 0xfe20, 0xfe20, 0xfe20, 0xfe60, 0xc4a0, 0x5a20,
0xedc0, 0xfe60, 0xfe00, 0xfe00, 0xfe00, 0xfe00, 0xfe00, 0xfe00, 0xfe00, 0xfe00,
0xfe00, 0xfe20, 0xfe20, 0xfe20, 0xfe20, 0xfe20, 0xfe20, 0xfe20, 0xfe20, 0xfe00,
0xfe40, 0xf5c0, 0x49c0, 0xac20, 0xfe80, 0xfde0, 0xfe00, 0xfe00, 0xfde0, 0xfde0,
0xfe40, 0xfe80, 0xfe60, 0xfe20, 0xf5a0, 0xed80, 0xed80, 0xed80, 0xfe00, 0xfe60,
0xfe80, 0xfe60, 0xfe00, 0xfde0, 0xfe00, 0xfe00, 0xfe00, 0xfe00, 0xfe00, 0xfe00,
0xfe00, 0xfe00, 0xfe00, 0xfe00, 0xfe00, 0xfe00, 0xf5c0, 0xdd40, 0xdd40, 0xe540,
0xe540, 0xe540, 0xe540, 0xe540, 0xe540, 0xe540, 0xdd40, 0xe540, 0xed80, 0xed80,
0xed80, 0xed80, 0xed80, 0xed80, 0xed80, 0xed80, 0xfde0, 0xfe60, 0xfe80, 0xfe60,
0xfe00, 0xfde0, 0xfe00, 0xfe00, 0xfe00, 0xfe00, 0xfe00, 0xfe00, 0xfe00, 0xfe20,
0xfe20, 0xfe20, 0xfe20, 0xfe20, 0xfe20, 0xfe20, 0xfe20, 0xfe00, 0xfe00, 0xfe00,
0xfe00, 0xfe00, 0xfe00, 0xfe00, 0xfe00, 0xfe40, 0xfe40, 0x3960, 0x51e0, 0xfe60,
0xfe40, 0xfe20, 0xfe20, 0xfe20, 0xfe20, 0xfe20, 0xfe20, 0xfe20, 0xfe20, 0xfe20,
0xfe20, 0xfe00, 0xfe00, 0xfe00, 0xfde0, 0xfe00, 0xfe20, 0xfe60, 0xfe80, 0xfe80,
0xfe80, 0xfe80, 0xfe80, 0xfe80, 0xfe80, 0xfe80, 0xfe80, 0xfe40, 0xfe20, 0xfe00,
0xfde0, 0xfe00, 0xfe00, 0xfe00, 0xfe00, 0xfe00, 0xfe00, 0xfe00, 0xfe00, 0xfe00,
0xfe00, 0xfe00, 0xfe00, 0xfe00, 0xfe00, 0xfe00, 0xfe00, 0xfe00, 0xfe00, 0xfe00,
0xfde0, 0xfe00, 0xfe20, 0xfe40, 0xfe80, 0xfe80, 0xfe80, 0xfe80, 0xfe80, 0xfe80,
0xfe80, 0xfe80, 0xfe80, 0xfe60, 0xfe20, 0xfe00, 0xfe00, 0xfe00, 0xfe00, 0xfe00,
0xfe00, 0xfe00, 0xfe00, 0xfe00, 0xfe00, 0xfe00, 0xfe00, 0xfe00, 0xfe00, 0xfe00,
0xfe00, 0xfe00, 0xfe00, 0xfe00, 0xfde0, 0xfde0, 0xfde0, 0xfe00, 0xfe00, 0xfe00,
0xfe00, 0xfe00, 0xfe00, 0xfe00, 0xfe00, 0xfe00, 0xfe00, 0xfe00, 0xfe00, 0xfe00,
0xfe00, 0xfe00, 0xfe00, 0xfe00, 0xfe00, 0xfe00, 0xfe00, 0xfe00, 0xfe00, 0xfe00,
0xfde0, 0xfde0, 0xfe00, 0xfde0, 0xfde0, 0xfe00, 0xfe00, 0xfde0, 0xfe00, 0xfe00,
0xfde0, 0xfe00, 0xfde0, 0xfde0, 0xfe00, 0xfe00, 0xfde0, 0xfe00, 0xfde0, 0xfde0,
0xfe00, 0xfde0, 0xfde0, 0xfde0, 0xfe20, 0xfe20, 0xfe00, 0xfde0, 0xfe00, 0xfe00,
0xfde0, 0xfe00, 0xfe00, 0xfde0, 0xfe00, 0xfe00, 0xfde0, 0xfe00, 0xfde0, 0xfe00,
0xfe00, 0xfde0, 0xfde0, 0xfde0, 0xfe00, 0xfe00, 0xfe00, 0xfe00, 0xfde0, 0xfe00,
0xfde0, 0xfe00, 0xfe00, 0xfde0, 0xfde0, 0xfe00, 0xfde0, 0xfe20, 0xfe00, 0xfde0,
0xfe00, 0xfe00, 0xfde0, 0xfe00, 0xfe00, 0xfde0, 0xfe60, 0xe5a0, 0x28e0, 0x0000,

0x0000, 0x0000, 0xbc40, 0xfea0, 0xfe00, 0xfe00, 0xfe00, 0xfe00, 0xfe00, 0xfe00,
0xfe00, 0xfe00, 0xfe00, 0xfe00, 0xfe00, 0xfe00, 0xfe00, 0xfe00, 0xfde0, 0xfde0,
0xfde0, 0xfde0, 0xfde0, 0xfde0, 0xfde0, 0xfde0, 0xfde0, 0xfde0, 0xfde0, 0xfe00,
0xfe00, 0xfde0, 0xfe00, 0xfe00, 0xfe00, 0xfe00, 0xfe00, 0xfe00, 0xfe00, 0xfe00,
0xfe00, 0xfde0, 0xfde0, 0xfde0, 0xfde0, 0xfde0, 0xfde0, 0xfde0, 0xfde0, 0xfde0,
0xfde0, 0xfe00, 0xfe00, 0xfe00, 0xfde0, 0xfe00, 0xfe00, 0xfe00, 0xfe00, 0xfe00,
0xfde0, 0xfde0, 0xfe00, 0xfe20, 0xfe40, 0xfe40, 0xfe40, 0xfe40, 0xfe20, 0xfe00,
0xfe00, 0xfde0, 0xfde0, 0xfe00, 0xfe00, 0xfe00, 0xfe00, 0xfe00, 0xfe00, 0xfe00,
0xfe00, 0xfe00, 0xfe00, 0xfe00, 0xfe00, 0xfde0, 0xfe00, 0xfe40, 0xfe40, 0xfe40,
0xfe40, 0xfe40, 0xfe40, 0xfe40, 0xfe40, 0xfe40, 0xfe40, 0xfe40, 0xfe40, 0xfe40,
0xfe40, 0xfe40, 0xfe40, 0xfe40, 0xfe40, 0xfe40, 0xfe20, 0xfe00, 0xfe00, 0xfde0,
0xfe00, 0xfe00, 0xfe00, 0xfe00, 0xfe00, 0xfe00, 0xfe00, 0xfe00, 0xfde0, 0xfde0,
0xfde0, 0xfde0, 0xfde0, 0xfde0, 0xfde0, 0xfde0, 0xfde0, 0xfe00, 0xfe00, 0xfe00,
0xfe00, 0xfe00, 0xfe00, 0xfde0, 0xfde0, 0xfe00, 0xfe20, 0xdd40, 0xbc80, 0xfde0,
0xfe00, 0xfde0, 0xfde0, 0xfde0, 0xfde0, 0xfde0, 0xfde0, 0xfde0, 0xfde0, 0xfde0,
0xfde0, 0xfde0, 0xfde0, 0xfe00, 0xfe00, 0xfde0, 0xfde0, 0xfde0, 0xfde0, 0xfde0,
0xfde0, 0xfde0, 0xfde0, 0xfde0, 0xfde0, 0xfde0, 0xfde0, 0xfde0, 0xfde0, 0xfde0,
0xfe00, 0xfe00, 0xfe00, 0xfe00, 0xfe00, 0xfe00, 0xfe00, 0xfe00, 0xfe00, 0xfe00,
0xfe00, 0xfe00, 0xfe00, 0xfe00, 0xfe00, 0xfe00, 0xfe00, 0xfe00, 0xfe00, 0xfe00,
0xfe00, 0xfe00, 0xfde0, 0xfde0, 0xfde0, 0xfde0, 0xfde0, 0xfde0, 0xfde0, 0xfde0,
0xfde0, 0xfde0, 0xfde0, 0xfde0, 0xfde0, 0xfde0, 0xfe00, 0xfde0, 0xfde0, 0xfde0,
0xfde0, 0xfde0, 0xfde0, 0xfde0, 0xfde0, 0xfde0, 0xfde0, 0xfde0, 0xfde0, 0xfde0,
0xfde0, 0xfde0, 0xfde0, 0xfe00, 0xfe00, 0xfe00, 0xfe00, 0xfe00, 0xfe00, 0xfe00,
0xfe00, 0xfe00, 0xfe00, 0xfde0, 0xfde0, 0xfde0, 0xfde0, 0xfde0, 0xfde0, 0xfde0,
0xfde0, 0xfde0, 0xfde0, 0xfde0, 0xfde0, 0xfde0, 0xfde0, 0xfde0, 0xfde0, 0xfe00,
0xfe00, 0xfe00, 0xfe00, 0xfe00, 0xfe00, 0xfe00, 0xfe00, 0xfe00, 0xfe00, 0xfe00,
0xfe00, 0xfe00, 0xfe00, 0xfe00, 0xfe00, 0xfe00, 0xfe00, 0xfe00, 0xfe00, 0xfe00,
0xfe00, 0xfe00, 0xfe00, 0xfe00, 0xfe00, 0xfe00, 0xfe00, 0xfe00, 0xfe00, 0xfe00,
0xfe00, 0xfe00, 0xfe00, 0xfe00, 0xfe00, 0xfe00, 0xfe00, 0xfe00, 0xfe00, 0xfe00,
0xfe00, 0xfe00, 0xfe00, 0xfe00, 0xfe00, 0xfe00, 0xfe00, 0xfe00, 0xfe00, 0xfe00,
0xfe00, 0xfe00, 0xfe00, 0xfe00, 0xfe00, 0xfe00, 0xfe00, 0xfe00, 0xfe00, 0xfe00,
0xfe00, 0xfe00, 0xfe00, 0xfe00, 0xfe00, 0xfde0, 0xfe60, 0xe580, 0x28e0, 0x0000,

0x0000, 0x0000, 0xbca0, 0xff40, 0xfe80, 0xfe80, 0xfe80, 0xfe80, 0xfe80, 0xfe80,
0xfe80, 0xfe80, 0xfe80, 0xfe80, 0xfe80, 0xfe80, 0xfe80, 0xfe80, 0xfe80, 0xfe80,
0xfe80, 0xfe80, 0xfe80, 0xfe80, 0xfe80, 0xfe80, 0xfe80, 0xfe80, 0xfe80, 0xfea0,
0xfe80, 0xfe80, 0xfe80, 0xfe80, 0xfe80, 0xfe80, 0xfe80, 0xfe80, 0xfe80, 0xfe80,
0xfe80, 0xfe80, 0xfe80, 0xfe80, 0xfe80, 0xfe80, 0xfe80, 0xfe80, 0xfe80, 0xfe80,
0xfe80, 0xfe80, 0xfea0, 0xfe80, 0xfe80, 0xfe80, 0xfe80, 0xfe80, 0xfe80, 0xfe80,
0xfe80, 0xfe80, 0xfe80, 0xfe80, 0xfe80, 0xfe80, 0xfe80, 0xfe80, 0xfe80, 0xfe80,
0xfe80, 0xfe80, 0xfe80, 0xfe80, 0xfe80, 0xfe80, 0xfe80, 0xfe80, 0xfe80, 0xfe80,
0xfe80, 0xfe80, 0xfe80, 0xfe80, 0xfe80, 0xfe80, 0xfe80, 0xfe80, 0xfe80, 0xfe80,
0xfe80, 0xfe80, 0xfe80, 0xfe80, 0xfe80, 0xfe80, 0xfe80, 0xfe80, 0xfe80, 0xfe80,
0xfe80, 0xfe80, 0xfe80, 0xfe80, 0xfe80, 0xfe80, 0xfe80, 0xfe80, 0xfe80, 0xfe80,
0xfe80, 0xfe80, 0xfe80, 0xfe80, 0xfe80, 0xfe80, 0xfe80, 0xfe80, 0xfe80, 0xfe80,
0xfe80, 0xfe80, 0xfe80, 0xfe80, 0xfe80, 0xfe80, 0xfe80, 0xfe80, 0xfe80, 0xfe80,
0xfe80, 0xfe80, 0xfe80, 0xfe80, 0xfe80, 0xfe80, 0xfe60, 0xfee0, 0xfee0, 0xfe80,
0xfe80, 0xfe80, 0xfe80, 0xfe80, 0xfe80, 0xfe80, 0xfe80, 0xfe80, 0xfe80, 0xfe80,
0xfe80, 0xfe80, 0xfe80, 0xfe80, 0xfe80, 0xfe80, 0xfe80, 0xfe80, 0xfe80, 0xfe80,
0xfe80, 0xfe80, 0xfe80, 0xfe80, 0xfe80, 0xfe80, 0xfe80, 0xfe80, 0xfe80, 0xfe80,
0xfe80, 0xfe80, 0xfe80, 0xfe80, 0xfe80, 0xfe80, 0xfe80, 0xfe80, 0xfe80, 0xfe80,
0xfe80, 0xfe80, 0xfe80, 0xfe80, 0xfe80, 0xfe80, 0xfe80, 0xfe80, 0xfe80, 0xfe80,
0xfe80, 0xfe80, 0xfe80, 0xfe80, 0xfe80, 0xfe80, 0xfe80, 0xfe80, 0xfe80, 0xfe80,
0xfe80, 0xfe80, 0xfe80, 0xfe80, 0xfe80, 0xfe80, 0xfe80, 0xfe80, 0xfe80, 0xfe80,
0xfe80, 0xfe80, 0xfe80, 0xfe80, 0xfe80, 0xfe80, 0xfe80, 0xfe80, 0xfe80, 0xfe80,
0xfe80, 0xfe80, 0xfe80, 0xfe80, 0xfe80, 0xfe80, 0xfe80, 0xfe80, 0xfe80, 0xfe80,
0xfe80, 0xfe80, 0xfe80, 0xfe80, 0xfe80, 0xfe80, 0xfe80, 0xfe80, 0xfe80, 0xfe80,
0xfe80, 0xfe80, 0xfe80, 0xfe80, 0xfe80, 0xfe80, 0xfe80, 0xfe80, 0xfe80, 0xfe80,
0xfe80, 0xfe80, 0xfe80, 0xfe80, 0xfe80, 0xfe80, 0xfe80, 0xfe80, 0xfe80, 0xfe80,
0xfe80, 0xfe80, 0xfe80, 0xfe80, 0xfe80, 0xfe80, 0xfe80, 0xfe80, 0xfe80, 0xfe80,
0xfe80, 0xfe80, 0xfe80, 0xfe80, 0xfe80, 0xfe80, 0xfe80, 0xfe80, 0xfe80, 0xfe80,
0xfe80, 0xfe80, 0xfe80, 0xfe80, 0xfe80, 0xfe80, 0xfe80, 0xfe80, 0xfe80, 0xfe80,
0xfe80, 0xfe80, 0xfe80, 0xfe80, 0xfe80, 0xfe80, 0xfe80, 0xfe80, 0xfe80, 0xfe80,
0xfe80, 0xfe80, 0xfe80, 0xfe80, 0xfe80, 0xfe80, 0xfe80, 0xfe80, 0xfe80, 0xfe80,
0xfe80, 0xfe80, 0xfe80, 0xfe80, 0xfe80, 0xfe80, 0xff00, 0xee00, 0x28e0, 0x0000,

0x0000, 0x0000, 0x6260, 0x93a0, 0x8b40, 0x8b40, 0x8b40, 0x8b40, 0x8b40, 0x8b40,
0x8b40, 0x8b40, 0x8b40, 0x8b40, 0x8b40, 0x8b40, 0x8b40, 0x8b40, 0x8b40, 0x8b40,
0x8b40, 0x8b40, 0x8b40, 0x8b40, 0x8b40, 0x8b40, 0x8b40, 0x8b40, 0x8b40, 0x8b40,
0x8b40, 0x8b40, 0x8b40, 0x8b40, 0x8b40, 0x8b40, 0x8b40, 0x8b40, 0x8b40, 0x8b40,
0x8b40, 0x8b40, 0x8b40, 0x8b40, 0x8b40, 0x8b40, 0x8b40, 0x8b40, 0x8b40, 0x8b40,
0x8b40, 0x8b40, 0x8b40, 0x8b40, 0x8b40, 0x8b40, 0x8b40, 0x8b40, 0x8b40, 0x8b40,
0x8b40, 0x8b40, 0x8b40, 0x8b40, 0x8b40, 0x8b40, 0x8b40, 0x8b40, 0x8b40, 0x8b40,
0x8b40, 0x8b40, 0x8b40, 0x8b40, 0x8b40, 0x8b40, 0x8b40, 0x8b40, 0x8b40, 0x8b40,
0x8b40, 0x8b40, 0x8b40, 0x8b40, 0x8b40, 0x8b40, 0x8b40, 0x8b40, 0x8b40, 0x8b40,
0x8b40, 0x8b40, 0x8b40, 0x8b40, 0x8b40, 0x8b40, 0x8b40, 0x8b40, 0x8b40, 0x8b40,
0x8b40, 0x8b40, 0x8b40, 0x8b40, 0x8b40, 0x8b40, 0x8b40, 0x8b40, 0x8b40, 0x8b40,
0x8b40, 0x8b40, 0x8b40, 0x8b40, 0x8b40, 0x8b40, 0x8b40, 0x8b40, 0x8b40, 0x8b40,
0x8b40, 0x8b40, 0x8b40, 0x8b40, 0x8b40, 0x8b40, 0x8b40, 0x8b40, 0x8b40, 0x8b40,
0x8b40, 0x8b40, 0x8b40, 0x8b40, 0x8b40, 0x8b40, 0x8b40, 0x8b40, 0x8b40, 0x8b40,
0x8b40, 0x8b40, 0x8b40, 0x8b40, 0x8b40, 0x8b40, 0x8b40, 0x8b40, 0x8b40, 0x8b40,
0x8b40, 0x8b40, 0x8b40, 0x8b40, 0x8b40, 0x8b40, 0x8b40, 0x8b40, 0x8b40, 0x8b40,
0x8b40, 0x8b40, 0x8b40, 0x8b40, 0x8b40, 0x8b40, 0x8b40, 0x8b40, 0x8b40, 0x8b40,
0x8b40, 0x8b40, 0x8b40, 0x8b40, 0x8b40, 0x8b40, 0x8b40, 0x8b40, 0x8b40, 0x8b40,
0x8b40, 0x8b40, 0x8b40, 0x8b40, 0x8b40, 0x8b40, 0x8b40, 0x8b40, 0x8b40, 0x8b40,
0x8b40, 0x8b40, 0x8b40, 0x8b40, 0x8b40, 0x8b40, 0x8b40, 0x8b40, 0x8b40, 0x8b40,
0x8b40, 0x8b40, 0x8b40, 0x8b40, 0x8b40, 0x8b40, 0x8b40, 0x8b40, 0x8b40, 0x8b40,
0x8b40, 0x8b40, 0x8b40, 0x8b40, 0x8b40, 0x8b40, 0x8b40, 0x8b40, 0x8b40, 0x8b40,
0x8b40, 0x8b40, 0x8b40, 0x8b40, 0x8b40, 0x8b40, 0x8b40, 0x8b40, 0x8b40, 0x8b40,
0x8b40, 0x8b40, 0x8b40, 0x8b40, 0x8b40, 0x8b40, 0x8b40, 0x8b40, 0x8b40, 0x8b40,
0x8b40, 0x8b40, 0x8b40, 0x8b40, 0x8b40, 0x8b40, 0x8b40, 0x8b40, 0x8b40, 0x8b40,
0x8b40, 0x8b40, 0x8b40, 0x8b40, 0x8b40, 0x8b40, 0x8b40, 0x8b40, 0x8b40, 0x8b40,
0x8b40, 0x8b40, 0x8b40, 0x8b40, 0x8b40, 0x8b40, 0x8b40, 0x8b40, 0x8b40, 0x8b40,
0x8b40, 0x8b40, 0x8b40, 0x8b40, 0x8b40, 0x8b40, 0x8b40, 0x8b40, 0x8b40, 0x8b40,
0x8b40, 0x8b40, 0x8b40, 0x8b40, 0x8b40, 0x8b40, 0x8b40, 0x8b40, 0x8b40, 0x8b40,
0x8b40, 0x8b40, 0x8b40, 0x8b40, 0x8b40, 0x8b40, 0x8b40, 0x8b40, 0x8b40, 0x8b40,
0x8b40, 0x8b40, 0x8b40, 0x8b40, 0x8b40, 0x8b40, 0x8b40, 0x8b40, 0x8b40, 0x8b40,
0x8b40, 0x8b40, 0x8b40, 0x8b40, 0x8b40, 0x8340, 0x9380, 0x8300, 0x1060, 0x0000,

0x0000, 0x0000, 0x0000, 0x0000, 0x0000, 0x0000, 0x0000, 0x0000, 0x0000, 0x0000,
0x0000, 0x0000, 0x0000, 0x0000, 0x0000, 0x0000, 0x0000, 0x0000, 0x0000, 0x0000,
0x0000, 0x0000, 0x0000, 0x0000, 0x0000, 0x0000, 0x0000, 0x0000, 0x0000, 0x0000,
0x0000, 0x0000, 0x0000, 0x0000, 0x0000, 0x0000, 0x0000, 0x0000, 0x0000, 0x0000,
0x0000, 0x0000, 0x0000, 0x0000, 0x0000, 0x0000, 0x0000, 0x0000, 0x0000, 0x0000,
0x0000, 0x0000, 0x0000, 0x0000, 0x0000, 0x0000, 0x0000, 0x0000, 0x0000, 0x0000,
0x0000, 0x0000, 0x0000, 0x0000, 0x0000, 0x0000, 0x0000, 0x0000, 0x0000, 0x0000,
0x0000, 0x0000, 0x0000, 0x0000, 0x0000, 0x0000, 0x0000, 0x0000, 0x0000, 0x0000,
0x0000, 0x0000, 0x0000, 0x0000, 0x0000, 0x0000, 0x0000, 0x0000, 0x0000, 0x0000,
0x0000, 0x0000, 0x0000, 0x0000, 0x0000, 0x0000, 0x0000, 0x0000, 0x0000, 0x0000,
0x0000, 0x0000, 0x0000, 0x0000, 0x0000, 0x0000, 0x0000, 0x0000, 0x0000, 0x0000,
0x0000, 0x0000, 0x0000, 0x0000, 0x0000, 0x0000, 0x0000, 0x0000, 0x0000, 0x0000,
0x0000, 0x0000, 0x0000, 0x0000, 0x0000, 0x0000, 0x0000, 0x0000, 0x0000, 0x0000,
0x0000, 0x0000, 0x0000, 0x0000, 0x0000, 0x0000, 0x0000, 0x0000, 0x0000, 0x0000,
0x0000, 0x0000, 0x0000, 0x0000, 0x0000, 0x0000, 0x0000, 0x0000, 0x0000, 0x0000,
0x0000, 0x0000, 0x0000, 0x0000, 0x0000, 0x0000, 0x0000, 0x0000, 0x0000, 0x0000,
0x0000, 0x0000, 0x0000, 0x0000, 0x0000, 0x0000, 0x0000, 0x0000, 0x0000, 0x0000,
0x0000, 0x0000, 0x0000, 0x0000, 0x0000, 0x0000, 0x0000, 0x0000, 0x0000, 0x0000,
0x0000, 0x0000, 0x0000, 0x0000, 0x0000, 0x0000, 0x0000, 0x0000, 0x0000, 0x0000,
0x0000, 0x0000, 0x0000, 0x0000, 0x0000, 0x0000, 0x0000, 0x0000, 0x0000, 0x0000,
0x0000, 0x0000, 0x0000, 0x0000, 0x0000, 0x0000, 0x0000, 0x0000, 0x0000, 0x0000,
0x0000, 0x0000, 0x0000, 0x0000, 0x0000, 0x0000, 0x0000, 0x0000, 0x0000, 0x0000,
0x0000, 0x0000, 0x0000, 0x0000, 0x0000, 0x0000, 0x0000, 0x0000, 0x0000, 0x0000,
0x0000, 0x0000, 0x0000, 0x0000, 0x0000, 0x0000, 0x0000, 0x0000, 0x0000, 0x0000,
0x0000, 0x0000, 0x0000, 0x0000, 0x0000, 0x0000, 0x0000, 0x0000, 0x0000, 0x0000,
0x0000, 0x0000, 0x0000, 0x0000, 0x0000, 0x0000, 0x0000, 0x0000, 0x0000, 0x0000,
0x0000, 0x0000, 0x0000, 0x0000, 0x0000, 0x0000, 0x0000, 0x0000, 0x0000, 0x0000,
0x0000, 0x0000, 0x0000, 0x0000, 0x0000, 0x0000, 0x0000, 0x0000, 0x0000, 0x0000,
0x0000, 0x0000, 0x0000, 0x0000, 0x0000, 0x0000, 0x0000, 0x0000, 0x0000, 0x0000,
0x0000, 0x0000, 0x0000, 0x0000, 0x0000, 0x0000, 0x0000, 0x0000, 0x0000, 0x0000,
0x0000, 0x0000, 0x0000, 0x0000, 0x0000, 0x0000, 0x0000, 0x0000, 0x0000, 0x0000,
0x0000, 0x0000, 0x0000, 0x0000, 0x0000, 0x0000, 0x0000, 0x0000, 0x0000, 0x0000,

0x0000, 0x0000, 0x0000, 0x0000, 0x0000, 0x0000, 0x0000, 0x0000, 0x0000, 0x0000,
0x0000, 0x0000, 0x0000, 0x0000, 0x0000, 0x0000, 0x0000, 0x0000, 0x0000, 0x0000,
0x0000, 0x0000, 0x0000, 0x0000, 0x0000, 0x0000, 0x0000, 0x0000, 0x0000, 0x0000,
0x0000, 0x0000, 0x0000, 0x0000, 0x0000, 0x0000, 0x0000, 0x0000, 0x0000, 0x0000,
0x0000, 0x0000, 0x0000, 0x0000, 0x0000, 0x0000, 0x0000, 0x0000, 0x0000, 0x0000,
0x0000, 0x0000, 0x0000, 0x0000, 0x0000, 0x0000, 0x0000, 0x0000, 0x0000, 0x0000,
0x0000, 0x0000, 0x0000, 0x0000, 0x0000, 0x0000, 0x0000, 0x0000, 0x0000, 0x0000,
0x0000, 0x0000, 0x0000, 0x0000, 0x0000, 0x0000, 0x0000, 0x0000, 0x0000, 0x0000,
0x0000, 0x0000, 0x0000, 0x0000, 0x0000, 0x0000, 0x0000, 0x0000, 0x0000, 0x0000,
0x0000, 0x0000, 0x0000, 0x0000, 0x0000, 0x0000, 0x0000, 0x0000, 0x0000, 0x0000,
0x0000, 0x0000, 0x0000, 0x0000, 0x0000, 0x0000, 0x0000, 0x0000, 0x0000, 0x0000,
0x0000, 0x0000, 0x0000, 0x0000, 0x0000, 0x0000, 0x0000, 0x0000, 0x0000, 0x0000,
0x0000, 0x0000, 0x0000, 0x0000, 0x0000, 0x0000, 0x0000, 0x0000, 0x0000, 0x0000,
0x0000, 0x0000, 0x0000, 0x0000, 0x0000, 0x0000, 0x0000, 0x0000, 0x0000, 0x0000,
0x0000, 0x0000, 0x0000, 0x18c4, 0x0882, 0x0000, 0x0000, 0x0000, 0x0000, 0x0000,
0x0000, 0x0000, 0x0000, 0x0000, 0x0000, 0x0000, 0x0000, 0x0000, 0x0000, 0x0000,
0x0000, 0x0000, 0x2125, 0x18e4, 0x0000, 0x0000, 0x0000, 0x0000, 0x0000, 0x0000,
0x0000, 0x0000, 0x0000, 0x0000, 0x0000, 0x0000, 0x0000, 0x0000, 0x0000, 0x0000,
0x0000, 0x0000, 0x0000, 0x0000, 0x2125, 0x10a3, 0x0000, 0x0000, 0x0000, 0x0000,
0x0000, 0x0000, 0x0000, 0x0000, 0x0000, 0x0000, 0x0000, 0x0000, 0x0000, 0x0000,
0x0000, 0x0000, 0x0000, 0x0000, 0x0000, 0x0000, 0x0000, 0x0000, 0x0000, 0x0000,
0x0000, 0x0000, 0x0000, 0x0000, 0x0000, 0x0000, 0x0000, 0x0000, 0x0000, 0x0000,
0x0000, 0x0000, 0x0000, 0x0000, 0x0000, 0x0000, 0x0000, 0x0021, 0x1904, 0x0020,
0x0000, 0x0000, 0x0000, 0x0000, 0x0000, 0x0841, 0x1904, 0x0020, 0x0000, 0x0000,
0x0000, 0x0000, 0x0000, 0x0000, 0x0000, 0x0000, 0x0000, 0x0000, 0x0000, 0x0000,
0x0000, 0x0000, 0x0000, 0x0000, 0x0000, 0x0000, 0x0000, 0x0000, 0x0000, 0x0000,
0x0000, 0x0000, 0x0000, 0x0000, 0x0000, 0x0000, 0x0000, 0x0000, 0x0000, 0x0000,
0x0000, 0x0000, 0x0000, 0x0000, 0x0000, 0x0000, 0x0000, 0x0000, 0x0000, 0x0000,
0x0000, 0x0000, 0x0000, 0x0000, 0x0000, 0x0000, 0x0000, 0x0000, 0x0000, 0x0000,
0x0000, 0x0000, 0x0000, 0x0000, 0x0000, 0x0000, 0x0000, 0x0000, 0x0000, 0x0000,
0x0000, 0x0000, 0x0000, 0x0000, 0x0000, 0x0000, 0x0000, 0x0000, 0x0000, 0x0000,
0x0000, 0x0000, 0x0000, 0x0000, 0x0000, 0x0000, 0x0000, 0x0000, 0x0000, 0x0000,

0x0000, 0x0000, 0x0000, 0x0000, 0x0000, 0x0000, 0x0000, 0x0000, 0x0000, 0x0000,
0x0000, 0x0000, 0x0000, 0x0000, 0x0000, 0x0000, 0x0000, 0x0000, 0x0000, 0x0000,
0x0000, 0x0000, 0x0000, 0x0000, 0x0000, 0x0000, 0x0000, 0x0000, 0x0000, 0x0000,
0x0000, 0x0000, 0x0000, 0x0000, 0x0000, 0x0000, 0x0000, 0x0000, 0x0000, 0x0000,
0x0000, 0x0000, 0x0000, 0x0000, 0x0000, 0x0000, 0x0000, 0x0000, 0x0000, 0x0000,
0x0000, 0x0000, 0x0000, 0x0000, 0x0000, 0x0000, 0x0000, 0x0000, 0x0000, 0x0000,
0x0000, 0x0000, 0x0000, 0x0000, 0x0000, 0x0000, 0x0000, 0x0000, 0x0000, 0x0000,
0x0000, 0x0000, 0x0000, 0x0000, 0x0000, 0x0000, 0x0000, 0x0000, 0x0000, 0x0000,
0x0000, 0x0000, 0x0000, 0x0000, 0x0000, 0x0000, 0x0000, 0x0000, 0x0000, 0x0000,
0x0000, 0x0000, 0x0000, 0x0000, 0x0000, 0x0000, 0x0000, 0x0000, 0x0000, 0x0000,
0x0000, 0x0000, 0x0000, 0x0000, 0x0000, 0x0000, 0x0000, 0x0000, 0x0000, 0x0000,
0x0000, 0x0000, 0x0000, 0x0000, 0x0000, 0x0000, 0x0000, 0x0000, 0x0000, 0x0000,
0x0000, 0x0000, 0x0000, 0x0000, 0x0000, 0x0000, 0x0000, 0x0000, 0x0000, 0x0000,
0x0000, 0x0000, 0x0000, 0x0000, 0x0000, 0x0000, 0x0000, 0x0000, 0x0000, 0x0000,
0x0000, 0x0000, 0x1082, 0xc618, 0x6b8f, 0x0000, 0x0000, 0x0000, 0x0000, 0x0000,
0x0000, 0x0000, 0x0000, 0x0000, 0x0000, 0x0000, 0x0000, 0x0000, 0x0000, 0x0000,
0x0000, 0x0000, 0xc639, 0x9cf3, 0x0000, 0x0000, 0x0000, 0x0000, 0x0000, 0x0000,
0x0000, 0x0000, 0x0000, 0x0000, 0x0000, 0x0000, 0x0000, 0x0000, 0x0000, 0x0000,
0x0000, 0x0000, 0x0000, 0x10a2, 0xdefb, 0x7bef, 0x0000, 0x0000, 0x0000, 0x0000,
0x0000, 0x0000, 0x0000, 0x0000, 0x0000, 0x0000, 0x0000, 0x0000, 0x0000, 0x0000,
0x0000, 0x0000, 0x0000, 0x0000, 0x0000, 0x0000, 0x0000, 0x0000, 0x0000, 0x0000,
0x0000, 0x0000, 0x0000, 0x0000, 0x0000, 0x0000, 0x0000, 0x0000, 0x0000, 0x0000,
0x0000, 0x0000, 0x0000, 0x0000, 0x0000, 0x0000, 0x10a2, 0xbdf7, 0xe75d, 0x3186,
0x0000, 0x0000, 0x0000, 0x0000, 0x0000, 0x4208, 0xd6bb, 0x3186, 0x0000, 0x0000,
0x0000, 0x0000, 0x0000, 0x0000, 0x0000, 0x0000, 0x0000, 0x0000, 0x0000, 0x0000,
0x0000, 0x0000, 0x0000, 0x0000, 0x0000, 0x0000, 0x0000, 0x0000, 0x0000, 0x0000,
0x0000, 0x0000, 0x0000, 0x0000, 0x0000, 0x0000, 0x0000, 0x0000, 0x0000, 0x0000,
0x0000, 0x0000, 0x0000, 0x0000, 0x0000, 0x0000, 0x0000, 0x0000, 0x0000, 0x0000,
0x0000, 0x0000, 0x0000, 0x0000, 0x0000, 0x0000, 0x0000, 0x0000, 0x0000, 0x0000,
0x0000, 0x0000, 0x0000, 0x0000, 0x0000, 0x0000, 0x0000, 0x0000, 0x0000, 0x0000,
0x0000, 0x0000, 0x0000, 0x0000, 0x0000, 0x0000, 0x0000, 0x0000, 0x0000, 0x0000,
0x0000, 0x0000, 0x0000, 0x0000, 0x0000, 0x0000, 0x0000, 0x0000, 0x0000, 0x0000,

0x0000, 0x0000, 0x0000, 0x0000, 0x0000, 0x0000, 0x0000, 0x0000, 0x0000, 0x0000,
0x0000, 0x0000, 0x0000, 0x0000, 0x0000, 0x0000, 0x0861, 0x8c93, 0xce79, 0x634d,
0x0000, 0x0000, 0x0000, 0x0000, 0x0000, 0x0000, 0x0000, 0x4249, 0x94b3, 0xa555,
0xc618, 0x4a49, 0x0000, 0x0000, 0x0000, 0x0000, 0x0000, 0x0000, 0x0000, 0x0000,
0x6b6e, 0xbe18, 0x7bf0, 0x0041, 0x0000, 0x0000, 0x0000, 0x0000, 0x0000, 0x0000,
0x39e8, 0x94d3, 0xbdd7, 0xa535, 0x10a3, 0x0000, 0x0000, 0x0000, 0x0000, 0x0000,
0x0000, 0x0000, 0x0000, 0x0000, 0x0000, 0x0000, 0x0000, 0x0000, 0x0000, 0x0000,
0x0000, 0x6b6e, 0xbdf8, 0x6b6d, 0x0000, 0x0000, 0x0000, 0x0000, 0x0000, 0x0000,
0x0000, 0x10c3, 0x9d14, 0xce7a, 0x632d, 0x0000, 0x0000, 0x0000, 0x0000, 0x0000,
0x0000, 0x0000, 0x5aeb, 0x7bcf, 0x0000, 0x52ab, 0x7bcf, 0x0000, 0x0000, 0x0000,
0x0000, 0x0000, 0x0000, 0x4249, 0xb596, 0x8431, 0x0020, 0x0000, 0x0000, 0x0000,
0x0000, 0x0000, 0x0000, 0x5acb, 0xce59, 0xad55, 0x2124, 0x0000, 0x0000, 0x0000,
0x0000, 0x0000, 0x0000, 0x3186, 0xad55, 0xb5d7, 0x4229, 0x0000, 0x0000, 0x0000,
0x0000, 0x0000, 0x0000, 0x0000, 0x0000, 0x0000, 0x0000, 0x0000, 0x0000, 0x0000,
0x0000, 0x0000, 0x0862, 0xc638, 0x6b8e, 0x0000, 0x0000, 0x0000, 0x0000, 0x0000,
0x0000, 0x73cf, 0x52ab, 0x0000, 0x7bcf, 0x5aeb, 0x0000, 0x0000, 0x0000, 0x0000,
0x0000, 0x0000, 0xce59, 0x8c92, 0x39e7, 0x9d14, 0x18e4, 0x0000, 0x0000, 0x0000,
0x0000, 0x0000, 0x0000, 0x39e7, 0xb5b6, 0xad55, 0x31a7, 0x0000, 0x0000, 0x0000,
0x0000, 0x0000, 0x0000, 0x1082, 0xe6fb, 0xd69a, 0xad55, 0x9cf4, 0x18c3, 0x0000,
0x0000, 0x0000, 0x0000, 0x0000, 0x0000, 0x0000, 0x2124, 0xa555, 0xc638, 0x4a6a,
0x0000, 0x0000, 0x0000, 0x0000, 0x0000, 0x0000, 0x4228, 0x9cf3, 0x2125, 0x8430,
0x73ae, 0x0000, 0x0000, 0x0000, 0x0000, 0x0000, 0x0000, 0x0000, 0x0000, 0x0000,
0x0000, 0x0000, 0x0000, 0x0000, 0x0000, 0x0882, 0xbe18, 0xffff, 0xc618, 0x0841,
0x0000, 0x0000, 0x0000, 0x0000, 0x0000, 0x4208, 0xd6ba, 0x2986, 0x0000, 0x0000,
0x0000, 0x0000, 0x0000, 0x18c3, 0x8c51, 0xb5b7, 0x31c7, 0x0000, 0x0000, 0x0000,
0x0000, 0x0000, 0x18e4, 0x8451, 0xad34, 0xad55, 0x5b0c, 0xa534, 0xbdd7, 0x31a6,
0x0000, 0x0000, 0x0000, 0x0000, 0x0000, 0x0000, 0x5acb, 0x7bcf, 0x18e3, 0x9cf3,
0x3186, 0x4229, 0x8410, 0x0020, 0x0000, 0x0000, 0x0000, 0x0000, 0x0000, 0x0020,
0x8410, 0xc638, 0x94b2, 0x8410, 0x10a2, 0x0000, 0x0000, 0x0000, 0x0000, 0x0000,
0x0861, 0x8410, 0xad96, 0x4a6a, 0x0000, 0x0000, 0x0000, 0x0000, 0x0000, 0x0000,
0x2104, 0x9cf4, 0xb5b6, 0x4a69, 0x0000, 0x0000, 0x0000, 0x0000, 0x0000, 0x0000,
0x0000, 0x0000, 0x0000, 0x0000, 0x0000, 0x0000, 0x0000, 0x0000, 0x0000, 0x0000,

0x0000, 0x0000, 0x0000, 0x0000, 0x0000, 0x0000, 0x0000, 0x0000, 0x0000, 0x0000,
0x0000, 0x0000, 0x0000, 0x0000, 0x0000, 0x0000, 0xad75, 0xe75d, 0xbdf7, 0xf7bf,
0x73af, 0x0000, 0x0000, 0x0000, 0x0000, 0x0000, 0x0000, 0x8410, 0xffff, 0xce59,
0xce9a, 0xf79e, 0x39e8, 0x0000, 0x0000, 0x0000, 0x0000, 0x0000, 0x0000, 0x8410,
0xffff, 0xce79, 0xffdf, 0xad55, 0x0000, 0x0000, 0x0000, 0x0000, 0x0000, 0x0000,
0x73ae, 0xffff, 0xce79, 0xf7df, 0xad76, 0x0000, 0x0000, 0x0000, 0x0000, 0x0000,
0x0000, 0x0000, 0x0000, 0x0000, 0x0000, 0x0000, 0x0000, 0x0000, 0x0000, 0x0000,
0x4a8a, 0xffff, 0xffdf, 0xbdd7, 0x18c3, 0x0000, 0x0000, 0x0000, 0x0000, 0x0000,
0x0021, 0xbdf8, 0xef7d, 0xc618, 0xffdf, 0x5b0c, 0x0000, 0x0000, 0x0000, 0x0000,
0x0000, 0x0000, 0xa535, 0xce59, 0x0000, 0x9cf3, 0xdedb, 0x0000, 0x0000, 0x0000,
0x0000, 0x0000, 0x0000, 0x9492, 0xffff, 0xa514, 0x0000, 0x0000, 0x0000, 0x0000,
0x0000, 0x0000, 0x5acb, 0xffff, 0xce79, 0xc638, 0x39e8, 0x0000, 0x0000, 0x0000,
0x0000, 0x0000, 0x18e3, 0xdedb, 0xef5d, 0xdedb, 0xffff, 0x3a08, 0x0000, 0x0000,
0x0000, 0x0000, 0x0000, 0x0000, 0x0000, 0x0000, 0x0000, 0x0000, 0x0000, 0x0000,
0x0000, 0x0000, 0x10a3, 0xdefb, 0x8430, 0x0000, 0x0000, 0x0000, 0x0000, 0x0000,
0x0000, 0xdefb, 0x9cd3, 0x0000, 0xce79, 0xa535, 0x0000, 0x0000, 0x0000, 0x0000,
0x0000, 0x0000, 0xbdf8, 0xbdf8, 0xdefb, 0xbdd7, 0x0000, 0x0000, 0x0000, 0x0000,
0x0000, 0x0000, 0x2986, 0xf79e, 0xe71c, 0xef7d, 0xef5d, 0x2945, 0x0000, 0x0000,
0x0000, 0x0000, 0x0000, 0x0861, 0xce79, 0xffdf, 0xbdd7, 0xf7be, 0xad96, 0x0000,
0x0000, 0x0000, 0x0000, 0x0000, 0x0000, 0x10a2, 0xce9a, 0xdefb, 0xc638, 0xf7df,
0x4a8a, 0x0000, 0x0000, 0x0000, 0x0000, 0x0000, 0x2104, 0xdefb, 0xef7d, 0xf7be,
0x5acb, 0x0000, 0x0000, 0x0000, 0x0000, 0x0000, 0x0000, 0x0000, 0x0000, 0x0000,
0x0000, 0x0000, 0x0000, 0x0000, 0x0000, 0x10c3, 0xdefc, 0xffff, 0x632c, 0x0000,
0x0000, 0x0000, 0x0000, 0x0000, 0x0000, 0x4228, 0xdf1c, 0x31a6, 0x0000, 0x0000,
0x0000, 0x0000, 0x0000, 0x3186, 0xffff, 0xf79e, 0x2965, 0x0000, 0x0000, 0x0000,
0x0000, 0x0000, 0x39c7, 0xffff, 0xd6ba, 0xce79, 0xffff, 0xdedb, 0xdefc, 0xdedb,
0x10a2, 0x0000, 0x0000, 0x0000, 0x0000, 0x0000, 0x73af, 0xf7be, 0x8410, 0xffff,
0x8c92, 0xb5d7, 0xc618, 0x0000, 0x0000, 0x0000, 0x0000, 0x0000, 0x0000, 0x8c72,
0xf7bf, 0xb5b6, 0xf79d, 0xffff, 0x2104, 0x0000, 0x0000, 0x0000, 0x0000, 0x0000,
0x2104, 0xef9e, 0xffff, 0x4249, 0x0000, 0x0000, 0x0000, 0x0000, 0x0000, 0x10a2,
0xd69a, 0xef7d, 0xd6db, 0xffdf, 0x528a, 0x0000, 0x0000, 0x0000, 0x0000, 0x0000,
0x0000, 0x0000, 0x0000, 0x0000, 0x0000, 0x0000, 0x0000, 0x0000, 0x0000, 0x0000,

0x0000, 0x0000, 0x0000, 0x0000, 0x0000, 0x0000, 0x0000, 0x0000, 0x0000, 0x0000,
0x0000, 0x0000, 0x0000, 0x0000, 0x0000, 0x2104, 0xf79e, 0x52cb, 0x0000, 0x9d14,
0xdefc, 0x0000, 0x0000, 0x0000, 0x0000, 0x0000, 0x0000, 0x94d3, 0xe73d, 0x0882,
0x0000, 0xdedb, 0x9cf4, 0x0000, 0x0000, 0x0000, 0x0000, 0x0000, 0x0020, 0xdefb,
0xffff, 0xbe18, 0xf79e, 0xffff, 0x2966, 0x0000, 0x0000, 0x0000, 0x0000, 0x0000,
0x7bef, 0xf7be, 0x0000, 0x6b4c, 0xffdf, 0x18c3, 0x0000, 0x0000, 0x0000, 0x0000,
0x0000, 0x0000, 0x0000, 0x0000, 0x0000, 0x0000, 0x0000, 0x0000, 0x0000, 0x0000,
0x18e4, 0xad96, 0xef5d, 0x9d14, 0x1082, 0x0000, 0x0000, 0x0000, 0x0000, 0x0000,
0x4a6a, 0xffff, 0x39e7, 0x0000, 0xad96, 0xc639, 0x0000, 0x0000, 0x0000, 0x0000,
0x0000, 0x0000, 0xa555, 0xbdf7, 0x0000, 0x94b2, 0xd6ba, 0x0000, 0x0000, 0x0000,
0x0000, 0x0000, 0x0000, 0x9cf3, 0xd6ba, 0x0000, 0x0000, 0x0000, 0x0000, 0x0000,
0x0000, 0x0000, 0xd6ba, 0xad55, 0x0000, 0x0000, 0x0000, 0x0000, 0x0000, 0x0000,
0x0000, 0x0000, 0x634d, 0xffff, 0xdeda, 0xd69a, 0xffff, 0x9cf4, 0x0000, 0x0000,
0x0000, 0x0000, 0x0000, 0x0000, 0x0000, 0x0000, 0x0000, 0x0000, 0x0000, 0x0000,
0x0000, 0x0000, 0x18c3, 0xe73c, 0x8c51, 0x0000, 0x0000, 0x0000, 0x0000, 0x0000,
0x0000, 0xdedb, 0x8c71, 0x0000, 0xc638, 0xa535, 0x0000, 0x0000, 0x0000, 0x0000,
0x0000, 0x0000, 0xbdd7, 0xffff, 0xe71c, 0x10c3, 0x0000, 0x0000, 0x0000, 0x0000,
0x0000, 0x0000, 0x8451, 0xffff, 0xd6ba, 0xd6ba, 0xffff, 0x8410, 0x0000, 0x0000,
0x0000, 0x0000, 0x0000, 0x1082, 0xe73c, 0x8c71, 0x0000, 0x52ec, 0xef7e, 0x31c7,
0x0000, 0x0000, 0x0000, 0x0000, 0x0000, 0x634d, 0xe71c, 0x1904, 0x0000, 0xce79,
0xc618, 0x0000, 0x0000, 0x0000, 0x0000, 0x0000, 0x0000, 0x4aab, 0xffff, 0x9cf3,
0x0000, 0x0000, 0x0000, 0x0000, 0x0000, 0x0000, 0x0000, 0x0000, 0x0000, 0x0000,
0x0000, 0x0000, 0x0000, 0x0000, 0x0000, 0x0000, 0x6b6e, 0xef7d, 0x1082, 0x0000,
0x0000, 0x0000, 0x0000, 0x0000, 0x0000, 0x4229, 0xe75d, 0x31c7, 0x0000, 0x0000,
0x0000, 0x0000, 0x0000, 0x39c7, 0xffdf, 0x5aeb, 0x0000, 0x0000, 0x0000, 0x0000,
0x0000, 0x0000, 0x4228, 0xffff, 0x39e7, 0x2965, 0xf7bf, 0x4229, 0x2145, 0xef7e,
0x528a, 0x0000, 0x0000, 0x0000, 0x0000, 0x0000, 0x2145, 0xe73c, 0xffdf, 0xffff,
0xf79e, 0xffdf, 0x634d, 0x0000, 0x0000, 0x0000, 0x0000, 0x0000, 0x1082, 0xe71c,
0x8c72, 0x0000, 0x5b0c, 0xf7bf, 0x2945, 0x0000, 0x0000, 0x0000, 0x0000, 0x0000,
0x1904, 0xe73d, 0x7bf0, 0x0000, 0x0000, 0x0000, 0x0000, 0x0000, 0x0000, 0x52cb,
0xffff, 0xe71c, 0xce59, 0xffff, 0xb596, 0x0000, 0x0000, 0x0000, 0x0000, 0x0000,
0x0000, 0x0000, 0x0000, 0x0000, 0x0000, 0x0000, 0x0000, 0x0000, 0x0000, 0x0000,

0x0000, 0x0000, 0x0000, 0x0000, 0x0000, 0x0000, 0x0000, 0x0000, 0x0000, 0x0000,
0x0000, 0x0000, 0x0000, 0x0000, 0x0000, 0x10a2, 0xf79e, 0x9cd3, 0x10e4, 0xce7a,
0xc638, 0x0000, 0x0000, 0x0000, 0x0000, 0x0000, 0x0000, 0x8431, 0xffdf, 0x52aa,
0x39c7, 0xef7d, 0x7bf0, 0x0000, 0x0000, 0x0000, 0x0000, 0x0000, 0x0000, 0xce79,
0xffff, 0xad97, 0xbdf8, 0x73ae, 0x1082, 0x0000, 0x0000, 0x0000, 0x0000, 0x0000,
0x840f, 0xef7e, 0x0000, 0x630c, 0xf7bf, 0x18e3, 0x0000, 0x0000, 0x0000, 0x0000,
0x0000, 0x0000, 0x0000, 0x0000, 0x0000, 0x0000, 0x0000, 0x0000, 0x0000, 0x0000,
0x31a6, 0x8451, 0xad55, 0xffff, 0x5aec, 0x0000, 0x0000, 0x0000, 0x0000, 0x0000,
0x31a6, 0xffff, 0x7bf0, 0x1904, 0xdf1c, 0xb596, 0x0000, 0x0000, 0x0000, 0x0000,
0x0000, 0x0000, 0x8c72, 0xe73c, 0x2966, 0xbdf7, 0xd6da, 0x0000, 0x0000, 0x0000,
0x0000, 0x0000, 0x0000, 0xa514, 0xd6ba, 0x0000, 0x0000, 0x0000, 0x0000, 0x0000,
0x0000, 0x0000, 0xad55, 0xdedb, 0x3186, 0x39e7, 0x10a2, 0x0000, 0x0000, 0x0000,
0x0000, 0x0000, 0x4a6a, 0xffff, 0xdedb, 0xb5d8, 0xa535, 0x39e8, 0x0000, 0x0000,
0x0000, 0x0000, 0x0000, 0x0000, 0x0000, 0x0000, 0x0000, 0x0000, 0x0000, 0x0000,
0x0000, 0x0000, 0x10a3, 0xe73c, 0x8c51, 0x0000, 0x0000, 0x0000, 0x0000, 0x0000,
0x0000, 0xd679, 0xc618, 0x2986, 0xe73d, 0x94d3, 0x0000, 0x0000, 0x0000, 0x0000,
0x0000, 0x0000, 0xbdf7, 0xf7be, 0xf7bf, 0x738e, 0x0000, 0x0000, 0x0000, 0x0000,
0x0000, 0x0000, 0x6b6d, 0xffff, 0xc639, 0xb5d7, 0x9cf4, 0x3186, 0x0000, 0x0000,
0x0000, 0x0000, 0x0000, 0x1082, 0xe73c, 0xbdf8, 0x10c3, 0x9cf3, 0xef5d, 0x2104,
0x0000, 0x0000, 0x0000, 0x0000, 0x0000, 0x4a49, 0xf7be, 0x630c, 0x2966, 0xe75d,
0x9cf4, 0x0000, 0x0000, 0x0000, 0x0000, 0x0000, 0x0000, 0x8c92, 0xffff, 0xce7a,
0x0862, 0x0000, 0x0000, 0x0000, 0x0000, 0x0000, 0x0000, 0x0000, 0x0000, 0x0000,
0x0000, 0x0000, 0x0000, 0x0000, 0x0000, 0x0000, 0x738e, 0xf7be, 0x10a2, 0x0000,
0x0000, 0x0000, 0x0000, 0x0000, 0x0000, 0x4249, 0xe75d, 0x31c7, 0x0000, 0x0000,
0x0000, 0x0000, 0x0000, 0x39c7, 0xf7be, 0x52aa, 0x0000, 0x0000, 0x0000, 0x0000,
0x0000, 0x0000, 0x4a49, 0xffff, 0x39c7, 0x2945, 0xef7e, 0x31c7, 0x2124, 0xef5d,
0x52cb, 0x0000, 0x0000, 0x0000, 0x0000, 0x0000, 0x0000, 0xbdd7, 0xffff, 0xbdf8,
0xe73c, 0xffdf, 0x2104, 0x0000, 0x0000, 0x0000, 0x0000, 0x0000, 0x0000, 0xdedb,
0xc659, 0x10e4, 0x94f4, 0xffff, 0x2124, 0x0000, 0x0000, 0x0000, 0x0000, 0x0000,
0x1904, 0xe73c, 0x6b8e, 0x0000, 0x0000, 0x0000, 0x0000, 0x0000, 0x0000, 0x4208,
0xffff, 0xd6bb, 0xad96, 0xad75, 0x4229, 0x0000, 0x0000, 0x0000, 0x0000, 0x0000,
0x0000, 0x0000, 0x0000, 0x0000, 0x0000, 0x0000, 0x0000, 0x0000, 0x0000, 0x0000,

0x0000, 0x0000, 0x0000, 0x0000, 0x0000, 0x0000, 0x0000, 0x0000, 0x0000, 0x0000,
0x0000, 0x0000, 0x0000, 0x0000, 0x0000, 0x0000, 0x630c, 0xf7be, 0xf7bf, 0xdedb,
0x3186, 0x0000, 0x0000, 0x0000, 0x0000, 0x0000, 0x0000, 0x73cf, 0xffff, 0xef7e,
0xffff, 0xb596, 0x0882, 0x0000, 0x0000, 0x0000, 0x0000, 0x0000, 0x0000, 0x39e7,
0xce79, 0xe75d, 0xbe18, 0x10a2, 0x0000, 0x0000, 0x0000, 0x0000, 0x0000, 0x0000,
0x7bcf, 0xe73d, 0x0000, 0x630c, 0xe75d, 0x18c3, 0x0000, 0x0000, 0x0000, 0x0000,
0x0000, 0x0000, 0x0000, 0x0000, 0x0000, 0x0000, 0x0000, 0x0000, 0x0000, 0x0000,
0x4208, 0xe73c, 0xef9e, 0xdf1c, 0x2986, 0x0000, 0x0000, 0x0000, 0x0000, 0x0000,
0x0000, 0x738e, 0xffff, 0xffdf, 0xd69a, 0x2145, 0x0000, 0x0000, 0x0000, 0x0000,
0x0000, 0x0000, 0x1904, 0xd69a, 0xffdf, 0xffff, 0xbdf7, 0x0000, 0x0000, 0x0000,
0x0000, 0x0000, 0x0000, 0x9cd3, 0xce79, 0x0000, 0x0000, 0x0000, 0x0000, 0x0000,
0x0000, 0x0000, 0x18e3, 0xd6ba, 0xffff, 0xef7d, 0x4249, 0x0000, 0x0000, 0x0000,
0x0000, 0x0000, 0x0000, 0x8c71, 0xef5d, 0xef7d, 0x6b6e, 0x0000, 0x0000, 0x0000,
0x0000, 0x0000, 0x0000, 0x0000, 0x0000, 0x0000, 0x0000, 0x0000, 0x0000, 0x0000,
0x0000, 0x0000, 0x1082, 0xe71c, 0x8c72, 0x0000, 0x0000, 0x0000, 0x0000, 0x0000,
0x0000, 0x528a, 0xef7d, 0xef7d, 0xffff, 0x8431, 0x0000, 0x0000, 0x0000, 0x0000,
0x0000, 0x0000, 0xbe18, 0x8431, 0x73ae, 0xffff, 0x4a49, 0x0000, 0x0000, 0x0000,
0x0000, 0x0000, 0x0041, 0xad75, 0xef7d, 0xdefc, 0x5aec, 0x0000, 0x0000, 0x0000,
0x0000, 0x0000, 0x0000, 0x0861, 0xc638, 0xffff, 0xe75d, 0xf7df, 0x6b6e, 0x0000,
0x0000, 0x0000, 0x0000, 0x0000, 0x0000, 0x0000, 0x8c71, 0xffdf, 0xf7bf, 0xb5f8,
0x10a3, 0x0000, 0x0000, 0x0000, 0x0000, 0x0000, 0x4249, 0xe75d, 0x8c51, 0xef5d,
0x8c92, 0x0000, 0x0000, 0x0000, 0x0000, 0x0000, 0x0000, 0x0000, 0x0000, 0x0000,
0x0000, 0x0000, 0x0000, 0x0000, 0x0000, 0x0000, 0x738d, 0xef7d, 0x1082, 0x0000,
0x0000, 0x0000, 0x0000, 0x0000, 0x0000, 0x4228, 0xe71c, 0x31a7, 0x0000, 0x0000,
0x0000, 0x0000, 0x0000, 0x39c7, 0xef7d, 0x528a, 0x0000, 0x0000, 0x0000, 0x0000,
0x0000, 0x0000, 0x4228, 0xf7df, 0x31a6, 0x2945, 0xe75d, 0x31c7, 0x2124, 0xe71c,
0x528a, 0x0000, 0x0000, 0x0000, 0x0000, 0x0000, 0x0000, 0x7bf0, 0xe71c, 0x39e8,
0xbdd7, 0xce59, 0x0000, 0x0000, 0x0000, 0x0000, 0x0000, 0x0000, 0x0000, 0x4a69,
0xef7d, 0xef9e, 0xffdf, 0xef7d, 0x18e4, 0x0000, 0x0000, 0x0000, 0x0000, 0x0000,
0x2104, 0xdf1c, 0x6b6e, 0x0000, 0x0000, 0x0000, 0x0000, 0x0000, 0x0000, 0x0000,
0x8431, 0xe71c, 0xe71c, 0x8410, 0x0000, 0x0000, 0x0000, 0x0000, 0x0000, 0x0000,
0x0000, 0x0000, 0x0000, 0x0000, 0x0000, 0x0000, 0x0000, 0x0000, 0x0000, 0x0000,

0x0000, 0x0000, 0x0000, 0x0000, 0x0000, 0x0000, 0x0000, 0x0000, 0x0000, 0x0000,
0x0000, 0x0000, 0x0000, 0x0000, 0x0000, 0x0000, 0x0000, 0x2986, 0x52cb, 0x18c3,
0x0000, 0x0000, 0x0000, 0x0000, 0x0000, 0x0000, 0x0000, 0x94d4, 0xe73d, 0x4a69,
0x4229, 0x0841, 0x0000, 0x0000, 0x0000, 0x0000, 0x0000, 0x0000, 0x0000, 0x0000,
0x1904, 0x52aa, 0x2945, 0x0000, 0x0000, 0x0000, 0x0000, 0x0000, 0x0000, 0x0000,
0x1082, 0x2124, 0x0000, 0x0861, 0x2125, 0x0020, 0x0000, 0x0000, 0x0000, 0x0000,
0x0000, 0x0000, 0x0000, 0x0000, 0x0000, 0x0000, 0x0000, 0x0000, 0x0000, 0x0000,
0x0000, 0x2124, 0x52cb, 0x18e4, 0x0000, 0x0000, 0x0000, 0x0000, 0x0000, 0x0000,
0x0000, 0x0000, 0x31a6, 0x52aa, 0x10a2, 0x0000, 0x0000, 0x0000, 0x0000, 0x0000,
0x0000, 0x0000, 0x0000, 0x18c3, 0x528a, 0x3186, 0x18c3, 0x0000, 0x0000, 0x0000,
0x0000, 0x0000, 0x0000, 0x18c3, 0x2104, 0x0000, 0x0000, 0x0000, 0x0000, 0x0000,
0x0000, 0x0000, 0x0000, 0x0861, 0x52aa, 0x3a08, 0x0041, 0x0000, 0x0000, 0x0000,
0x0000, 0x0000, 0x0000, 0x0000, 0x39c7, 0x4a69, 0x0861, 0x0000, 0x0000, 0x0000,
0x0000, 0x0000, 0x0000, 0x0000, 0x0000, 0x0000, 0x0000, 0x0000, 0x0000, 0x0000,
0x0000, 0x0000, 0x52aa, 0xffff, 0x6b6e, 0x0000, 0x0000, 0x0000, 0x0000, 0x0000,
0x0000, 0x0000, 0x2986, 0x4a49, 0x2945, 0x10a2, 0x0000, 0x0000, 0x0000, 0x0000,
0x0000, 0x0000, 0x2104, 0x10a2, 0x0000, 0x31a6, 0x2104, 0x0000, 0x0000, 0x0000,
0x0000, 0x0000, 0x0000, 0x0020, 0x4a49, 0x4228, 0x0861, 0x0000, 0x0000, 0x0000,
0x0000, 0x0000, 0x0000, 0x0000, 0x18e4, 0x2145, 0x4a49, 0x31a6, 0x0000, 0x0000,
0x0000, 0x0000, 0x0000, 0x0000, 0x0000, 0x0000, 0x0000, 0x3a08, 0x528a, 0x0861,
0x0000, 0x0000, 0x0000, 0x0000, 0x0000, 0x0000, 0x18e4, 0x3186, 0x0000, 0x2104,
0x2945, 0x0000, 0x0000, 0x0000, 0x0000, 0x0000, 0x0000, 0x0000, 0x0000, 0x0000,
0x0000, 0x0000, 0x0000, 0x0000, 0x0000, 0x0000, 0x1082, 0x2124, 0x0000, 0x0000,
0x0000, 0x0000, 0x0000, 0x0000, 0x0000, 0x0861, 0x2125, 0x0841, 0x0000, 0x0000,
0x0000, 0x0000, 0x0000, 0x0841, 0x2945, 0x1082, 0x0000, 0x0000, 0x0000, 0x0000,
0x0000, 0x0000, 0x0861, 0x2945, 0x0841, 0x0841, 0x2145, 0x0841, 0x0021, 0x2145,
0x0861, 0x0000, 0x0000, 0x0000, 0x0000, 0x0000, 0x0000, 0x0861, 0x2104, 0x0000,
0x18e3, 0x18c3, 0x0000, 0x0000, 0x0000, 0x0000, 0x0000, 0x0000, 0x0000, 0x0000,
0x2125, 0x52ab, 0x2945, 0x2104, 0x0021, 0x0000, 0x0000, 0x0000, 0x0000, 0x0000,
0x0020, 0x2125, 0x1082, 0x0000, 0x0000, 0x0000, 0x0000, 0x0000, 0x0000, 0x0000,
0x0000, 0x39c7, 0x4a69, 0x10a2, 0x0000, 0x0000, 0x0000, 0x0000, 0x0000, 0x0000,
0x0000, 0x0000, 0x0000, 0x0000, 0x0000, 0x0000, 0x0000, 0x0000, 0x0000, 0x0000,

0x0000, 0x0000, 0x0000, 0x0000, 0x0000, 0x0000, 0x0000, 0x0000, 0x0000, 0x0000,
0x0000, 0x0000, 0x0000, 0x0000, 0x0000, 0x0000, 0x0000, 0x0000, 0x0000, 0x0000,
0x0000, 0x0000, 0x0000, 0x0000, 0x0000, 0x0000, 0x0000, 0x7bf0, 0xb5d7, 0x0021,
0x0000, 0x0000, 0x0000, 0x0000, 0x0000, 0x0000, 0x0000, 0x0000, 0x0000, 0x0000,
0x0000, 0x0000, 0x0000, 0x0000, 0x0000, 0x0000, 0x0000, 0x0000, 0x0000, 0x0000,
0x0000, 0x0000, 0x0000, 0x0000, 0x0000, 0x0000, 0x0000, 0x0000, 0x0000, 0x0000,
0x0000, 0x0000, 0x0000, 0x0000, 0x0000, 0x0000, 0x0000, 0x0000, 0x0000, 0x0000,
0x0000, 0x0000, 0x0000, 0x0000, 0x0000, 0x0000, 0x0000, 0x0000, 0x0000, 0x0000,
0x0000, 0x0000, 0x0000, 0x0000, 0x0000, 0x0000, 0x0000, 0x0000, 0x0000, 0x0000,
0x0000, 0x0000, 0x0000, 0x0000, 0x0000, 0x0000, 0x0000, 0x0000, 0x0000, 0x0000,
0x0000, 0x0000, 0x0000, 0x0000, 0x0000, 0x0000, 0x0000, 0x0000, 0x0000, 0x0000,
0x0000, 0x0000, 0x0000, 0x0000, 0x0000, 0x0000, 0x0000, 0x0000, 0x0000, 0x0000,
0x0000, 0x0000, 0x0000, 0x0000, 0x0000, 0x0000, 0x0000, 0x0000, 0x0000, 0x0000,
0x0000, 0x0000, 0x0000, 0x0000, 0x0000, 0x0000, 0x0000, 0x0000, 0x0000, 0x0000,
0x0000, 0x0000, 0x8c71, 0xce59, 0x10a3, 0x0000, 0x0000, 0x0000, 0x0000, 0x0000,
0x0000, 0x0000, 0x0000, 0x0000, 0x0000, 0x0000, 0x0000, 0x0000, 0x0000, 0x0000,
0x0000, 0x0000, 0x0000, 0x0000, 0x0000, 0x0000, 0x0000, 0x0000, 0x0000, 0x0000,
0x0000, 0x0000, 0x0000, 0x0000, 0x0000, 0x0000, 0x0000, 0x0000, 0x0000, 0x0000,
0x0000, 0x0000, 0x0000, 0x0000, 0x0000, 0x0000, 0x0000, 0x0000, 0x0000, 0x0000,
0x0000, 0x0000, 0x0000, 0x0000, 0x0000, 0x0000, 0x0000, 0x0000, 0x0000, 0x0000,
0x0000, 0x0000, 0x0000, 0x0000, 0x0000, 0x0000, 0x0000, 0x0000, 0x0000, 0x0000,
0x0000, 0x0000, 0x0000, 0x0000, 0x0000, 0x0000, 0x0000, 0x0000, 0x0000, 0x0000,
0x0000, 0x0000, 0x0000, 0x0000, 0x0000, 0x0000, 0x0000, 0x0000, 0x0000, 0x0000,
0x0000, 0x0000, 0x0000, 0x0000, 0x0000, 0x0000, 0x0000, 0x0000, 0x0000, 0x0000,
0x0000, 0x0000, 0x0000, 0x0000, 0x0000, 0x0000, 0x0000, 0x0000, 0x0000, 0x0000,
0x0000, 0x0000, 0x0000, 0x0000, 0x0000, 0x0000, 0x0000, 0x0000, 0x0000, 0x0000,
0x0000, 0x0000, 0x0000, 0x0000, 0x0000, 0x0000, 0x0000, 0x0000, 0x0000, 0x0000,
0x0000, 0x0000, 0x0000, 0x0000, 0x0000, 0x0000, 0x0000, 0x0000, 0x0000, 0x0000,
0x0000, 0x0000, 0x0000, 0x0000, 0x0000, 0x0000, 0x0000, 0x0000, 0x0000, 0x0000,
0x0000, 0x0000, 0x0000, 0x0000, 0x0000, 0x0000, 0x0000, 0x0000, 0x0000, 0x0000,
0x0000, 0x0000, 0x0000, 0x0000, 0x0000, 0x0000, 0x0000, 0x0000, 0x0000, 0x0000,
0x0000, 0x0000, 0x0000, 0x0000, 0x0000, 0x0000, 0x0000, 0x0000, 0x0000, 0x0000,

0x0000, 0x0000, 0x0000, 0x0000, 0x0000, 0x0000, 0x0000, 0x0000, 0x0000, 0x0000,
0x0000, 0x0000, 0x0000, 0x0000, 0x0000, 0x0000, 0x0000, 0x0000, 0x0000, 0x0000,
0x0000, 0x0000, 0x0000, 0x0000, 0x0000, 0x0000, 0x0000, 0x0861, 0x0882, 0x0000,
0x0000, 0x0000, 0x0000, 0x0000, 0x0000, 0x0000, 0x0000, 0x0000, 0x0000, 0x0000,
0x0000, 0x0000, 0x0000, 0x0000, 0x0000, 0x0000, 0x0000, 0x0000, 0x0000, 0x0000,
0x0000, 0x0000, 0x0000, 0x0000, 0x0000, 0x0000, 0x0000, 0x0000, 0x0000, 0x0000,
0x0000, 0x0000, 0x0000, 0x0000, 0x0000, 0x0000, 0x0000, 0x0000, 0x0000, 0x0000,
0x0000, 0x0000, 0x0000, 0x0000, 0x0000, 0x0000, 0x0000, 0x0000, 0x0000, 0x0000,
0x0000, 0x0000, 0x0000, 0x0000, 0x0000, 0x0000, 0x0000, 0x0000, 0x0000, 0x0000,
0x0000, 0x0000, 0x0000, 0x0000, 0x0000, 0x0000, 0x0000, 0x0000, 0x0000, 0x0000,
0x0000, 0x0000, 0x0000, 0x0000, 0x0000, 0x0000, 0x0000, 0x0000, 0x0000, 0x0000,
0x0000, 0x0000, 0x0000, 0x0000, 0x0000, 0x0000, 0x0000, 0x0000, 0x0000, 0x0000,
0x0000, 0x0000, 0x0000, 0x0000, 0x0000, 0x0000, 0x0000, 0x0000, 0x0000, 0x0000,
0x0000, 0x0000, 0x0000, 0x0000, 0x0000, 0x0000, 0x0000, 0x0000, 0x0000, 0x0000,
0x0000, 0x0000, 0x0862, 0x0020, 0x0000, 0x0000, 0x0000, 0x0000, 0x0000, 0x0000,
0x0000, 0x0000, 0x0000, 0x0000, 0x0000, 0x0000, 0x0000, 0x0000, 0x0000, 0x0000,
0x0000, 0x0000, 0x0000, 0x0000, 0x0000, 0x0000, 0x0000, 0x0000, 0x0000, 0x0000,
0x0000, 0x0000, 0x0000, 0x0000, 0x0000, 0x0000, 0x0000, 0x0000, 0x0000, 0x0000,
0x0000, 0x0000, 0x0000, 0x0000, 0x0000, 0x0000, 0x0000, 0x0000, 0x0000, 0x0000,
0x0000, 0x0000, 0x0000, 0x0000, 0x0000, 0x0000, 0x0000, 0x0000, 0x0000, 0x0000,
0x0000, 0x0000, 0x0000, 0x0000, 0x0000, 0x0000, 0x0000, 0x0000, 0x0000, 0x0000,
0x0000, 0x0000, 0x0000, 0x0000, 0x0000, 0x0000, 0x0000, 0x0000, 0x0000, 0x0000,
0x0000, 0x0000, 0x0000, 0x0000, 0x0000, 0x0000, 0x0000, 0x0000, 0x0000, 0x0000,
0x0000, 0x0000, 0x0000, 0x0000, 0x0000, 0x0000, 0x0000, 0x0000, 0x0000, 0x0000,
0x0000, 0x0000, 0x0000, 0x0000, 0x0000, 0x0000, 0x0000, 0x0000, 0x0000, 0x0000,
0x0000, 0x0000, 0x0000, 0x0000, 0x0000, 0x0000, 0x0000, 0x0000, 0x0000, 0x0000,
0x0000, 0x0000, 0x0000, 0x0000, 0x0000, 0x0000, 0x0000, 0x0000, 0x0000, 0x0000,
0x0000, 0x0000, 0x0000, 0x0000, 0x0000, 0x0000, 0x0000, 0x0000, 0x0000, 0x0000,
0x0000, 0x0000, 0x0000, 0x0000, 0x0000, 0x0000, 0x0000, 0x0000, 0x0000, 0x0000,
0x0000, 0x0000, 0x0000, 0x0000, 0x0000, 0x0000, 0x0000, 0x0000, 0x0000, 0x0000,
0x0000, 0x0000, 0x0000, 0x0000, 0x0000, 0x0000, 0x0000, 0x0000, 0x0000, 0x0000,
0x0000, 0x0000, 0x0000, 0x0000, 0x0000, 0x0000, 0x0000, 0x0000, 0x0000, 0x0000,

0x0000, 0x0000, 0x0000, 0x0000, 0x0000, 0x0000, 0x0000, 0x0000, 0x0000, 0x0000,
0x0000, 0x0000, 0x0000, 0x0000, 0x0000, 0x0000, 0x0000, 0x0000, 0x0000, 0x0000,
0x0000, 0x0000, 0x0000, 0x0000, 0x0000, 0x0000, 0x0000, 0x0000, 0x0000, 0x0000,
0x0000, 0x0000, 0x0000, 0x0000, 0x0000, 0x0000, 0x0000, 0x0000, 0x0000, 0x0000,
0x0000, 0x0000, 0x0000, 0x0000, 0x0000, 0x0000, 0x0000, 0x0000, 0x0000, 0x0000,
0x0000, 0x0000, 0x0000, 0x0000, 0x0000, 0x0000, 0x0000, 0x0000, 0x0000, 0x0000,
0x0000, 0x0000, 0x0000, 0x0000, 0x0000, 0x0000, 0x0000, 0x0000, 0x0000, 0x0000,
0x0000, 0x0000, 0x0000, 0x0000, 0x0000, 0x0000, 0x0000, 0x0000, 0x0000, 0x0000,
0x0000, 0x0000, 0x0000, 0x0000, 0x0000, 0x0000, 0x0000, 0x0000, 0x0000, 0x0000,
0x0000, 0x0000, 0x0000, 0x0000, 0x0000, 0x0000, 0x0000, 0x0000, 0x0000, 0x0000,
0x0000, 0x0000, 0x0000, 0x0000, 0x0000, 0x0000, 0x0000, 0x0000, 0x0000, 0x0000,
0x0000, 0x0000, 0x0000, 0x0000, 0x0000, 0x0000, 0x0000, 0x0000, 0x0000, 0x0000,
0x0000, 0x0000, 0x0000, 0x0000, 0x0000, 0x0000, 0x0000, 0x0000, 0x0000, 0x0000,
0x0000, 0x0000, 0x0000, 0x0000, 0x0000, 0x0000, 0x0000, 0x0000, 0x0000, 0x0000,
0x0000, 0x0000, 0x0000, 0x0000, 0x0000, 0x0000, 0x0000, 0x0000, 0x0000, 0x0000,
0x0000, 0x0000, 0x0000, 0x0000, 0x0000, 0x0000, 0x0000, 0x0000, 0x0000, 0x0000,
0x0000, 0x0000, 0x0000, 0x0000, 0x0000, 0x0000, 0x0000, 0x0000, 0x0000, 0x0000,
0x0000, 0x0000, 0x0000, 0x0000, 0x0000, 0x0000, 0x0000, 0x0000, 0x0000, 0x0000,
0x0000, 0x0000, 0x0000, 0x0000, 0x0000, 0x0000, 0x0000, 0x0000, 0x0000, 0x0000,
0x0000, 0x0000, 0x0000, 0x0000, 0x0000, 0x0000, 0x0000, 0x0000, 0x0000, 0x0000,
0x0000, 0x0000, 0x0000, 0x0000, 0x0000, 0x0000, 0x0000, 0x0000, 0x0000, 0x0000,
0x0000, 0x0000, 0x0000, 0x0000, 0x0000, 0x0000, 0x0000, 0x0000, 0x0000, 0x0000,
0x0000, 0x0000, 0x0000, 0x0000, 0x0000, 0x0000, 0x0000, 0x0000, 0x0000, 0x0000,
0x0000, 0x0000, 0x0000, 0x0000, 0x0000, 0x0000, 0x0000, 0x0000, 0x0000, 0x0000,
0x0000, 0x0000, 0x0000, 0x0000, 0x0000, 0x0000, 0x0000, 0x0000, 0x0000, 0x0000,
0x0000, 0x0000, 0x0000, 0x0000, 0x0000, 0x0000, 0x0000, 0x0000, 0x0000, 0x0000,
0x0000, 0x0000, 0x0000, 0x0000, 0x0000, 0x0000, 0x0000, 0x0000, 0x0000, 0x0000,
0x0000, 0x0000, 0x0000, 0x0000, 0x0000, 0x0000, 0x0000, 0x0000, 0x0000, 0x0000,
0x0000, 0x0000, 0x0000, 0x0000, 0x0000, 0x0000, 0x0000, 0x0000, 0x0000, 0x0000,
0x0000, 0x0000, 0x0000, 0x0000, 0x0000, 0x0000, 0x0000, 0x0000, 0x0000, 0x0000,
0x0000, 0x0000, 0x0000, 0x0000, 0x0000, 0x0000, 0x0000, 0x0000, 0x0000, 0x0000,
0x0000, 0x0000, 0x0000, 0x0000, 0x0000, 0x0000, 0x0000, 0x0000, 0x0000, 0x0000,


};

const struct bitmap bm_rockboxlogo = { 
    .width = BMPWIDTH_rockboxlogo, 
    .height = BMPHEIGHT_rockboxlogo, 
    .format = FORMAT_NATIVE, 
    .data = (unsigned char*)rockboxlogo,
};
